pub_year,AC -- General Collections [RENAMED],AE -- Encyclopedias (General) [RENAMED],AG -- Dictionaries (General) [RENAMED],AI -- Indexes [ABSENT],AM -- Museums / Exhibitions [ABSENT],AN -- Newspapers [ABSENT],AS -- Academies / Societies [ABSENT],B -- Philosophy (General) [MERGED],BC -- Logic [MERGED],BD -- Speculative Philosophy [MERGED],BF -- Psychology [ABSENT],BH -- Aesthetics [MERGED],BJ -- Ethics [MERGED],BL -- Religion / Mythology [MERGED],BM -- Judaism [MERGED],BP -- Islam [MERGED],BR -- Christianity [MERGED],BS -- Bible [MERGED],BT -- Doctrinal Theology [MERGED],BV -- Practical Theology [MERGED],BX -- Christian Denominations [MERGED],CB -- History of Civilization [ABSENT],CC -- Archaeology [ABSENT],CD -- Diplomatics / Archives [ABSENT],CE -- Chronology [ABSENT],CJ -- Numismatics [ABSENT],CN -- Inscriptions / Epigraphy [ABSENT],CR -- Heraldry [ABSENT],CS -- Genealogy [ABSENT],CT -- Biography (General) [ABSENT],D -- History (General) [MERGED],DA -- British History [MERGED],DAW -- Central Europe [ABSENT],DB -- Austria / Bohemia [ABSENT],DC -- French History [MERGED],DD -- German History [MERGED],DE -- Greco-Roman World [MERGED],DF -- Greek History [MERGED],DG -- Italian History / Rome [MERGED],DH -- Low Countries History [ABSENT],DJ -- Netherlands [ABSENT],DJK -- Eastern Europe (General) [ABSENT],DK -- Russia / Former Soviet States [ABSENT],DL -- Scandinavian History [ABSENT],DP -- Iberian History [ABSENT],DQ -- Switzerland [ABSENT],DR -- Balkan History [ABSENT],DS -- Asian History [ABSENT],DT -- African History [ABSENT],DU -- Oceania [ABSENT],DX -- Romani People [ABSENT],E18 -- African American History (E185) [ABSENT],E99 -- Native Americans (E99) [ABSENT],G -- Geography (General) [MERGED],GA -- Mathematical Geography [MERGED],GB -- Physical Geography [MERGED],GC -- Oceanography [ABSENT],GE -- Environmental Sciences [ABSENT],GF -- Human Ecology [ABSENT],GN -- Anthropology [ABSENT],GR -- Folklore [ABSENT],GT -- Manners & Customs [ABSENT],GV -- Recreation / Leisure [ABSENT],HA -- Statistics [ABSENT],HB -- Economic Theory [ABSENT],HC -- Economic History [ABSENT],HD -- Land / Agriculture Economics [ABSENT],HE -- Transportation / Communications [ABSENT],HF -- Commerce [MERGED],HG -- Finance [ABSENT],HJ -- Public Finance [MERGED],HM -- Sociology [ABSENT],HN -- Social History [ABSENT],HQ -- Family / Gender / Sexuality [ABSENT],HS -- Societies / Clubs [ABSENT],HT -- Communities / Classes / Race [ABSENT],HV -- Social Pathology / Criminology [ABSENT],HX -- Socialism / Communism [ABSENT],JC -- Political Theory [MERGED],JK -- US Political Institutions [MERGED],JL -- Canadian / Latin American Politics [MERGED],JN -- European Politics [ABSENT],JQ -- Asian / African Politics [ABSENT],JS -- Local Government [ABSENT],JV -- Colonies / Colonialism [ABSENT],JX -- International Law (old) [ABSENT],JZ -- International Relations [ABSENT],K -- Law (General) [MERGED],KB -- Religious Law [MERGED],KD -- UK Law [MERGED],KE -- Canadian Law [ABSENT],KF -- US Law [MERGED],KG -- Latin American Law [ABSENT],KH -- South American Law [ABSENT],KJ -- European Law [MERGED],KL -- Asian / African Law [ABSENT],KZ -- International Law [ABSENT],LA -- History of Education [ABSENT],LB -- Theory / Practice of Education [ABSENT],LC -- Social Aspects of Education [ABSENT],LD -- US Universities [ABSENT],LE -- American Universities (other) [ABSENT],LF -- European Universities [ABSENT],LG -- Asian / African Universities [ABSENT],LH -- College Publications [ABSENT],LJ -- Student Fraternities [ABSENT],M -- Music Scores [DIRECT],ML -- Literature on Music [DIRECT],MT -- Musical Instruction [DIRECT],N -- Visual Arts (General) [MERGED],NB -- Sculpture [MERGED],NC -- Drawing / Design [MERGED],ND -- Painting [MERGED],NE -- Print Media [ABSENT],NK -- Decorative Arts [ABSENT],NX -- Arts in General [ABSENT],P -- Linguistics (General) [MERGED],PA -- Classical Languages & Literature [MERGED],PB -- Celtic Languages [MERGED],PC -- Romanic Languages [MERGED],PD -- Germanic Languages (old) [MERGED],PE -- English Language [MERGED],PF -- West Germanic Languages [MERGED],PG -- Slavic Languages & Literatures [ABSENT],PH -- Uralic / Basque Languages [ABSENT],PJ -- Oriental Languages / Literature [ABSENT],PK -- Indo-Iranian Languages [ABSENT],PL -- E Asian / African / Pacific [ABSENT],PM -- Indigenous American Languages [ABSENT],PN -- General Literature [MERGED],PQ -- French / Italian / Spanish Lit. [MERGED],PR -- English Literature [MERGED],PS -- American Literature [MERGED],PT -- Germanic Literature [MERGED],Q -- Science (General) [MERGED],QA -- Mathematics [MERGED],QB -- Astronomy [MERGED],QC -- Physics [MERGED],QD -- Chemistry [MERGED],QE -- Geology / Mineralogy [MERGED],QH -- Natural History / Biology [ABSENT],QK -- Botany [MERGED],QL -- Zoology [MERGED],QM -- Human Anatomy [MERGED],QP -- Physiology [ABSENT],QR -- Microbiology [ABSENT],R -- Medicine (General) [MERGED],RA -- Public Health [ABSENT],RB -- Pathology [ABSENT],RC -- Internal Medicine [MERGED],RD -- Surgery [MERGED],RE -- Ophthalmology [ABSENT],RF -- Otorhinolaryngology [ABSENT],RG -- Gynecology / Obstetrics [ABSENT],RJ -- Pediatrics [ABSENT],RK -- Dentistry [ABSENT],RL -- Dermatology [ABSENT],RM -- Pharmacology [ABSENT],RS -- Pharmacy [ABSENT],RT -- Nursing [ABSENT],RV -- Botanic Medicine [ABSENT],RX -- Homeopathy [ABSENT],RZ -- Other Medical Systems [ABSENT],S -- Agriculture (General) [DIRECT],SB -- Plant Culture [DIRECT],SD -- Forestry [MERGED],SF -- Animal Culture [MERGED],SH -- Aquaculture / Fisheries [ABSENT],SK -- Hunting / Wildlife [ABSENT],T -- Technology (General) [MERGED],TA -- Engineering (General) [MERGED],TC -- Hydraulic Engineering [MERGED],TD -- Environmental Technology [ABSENT],TE -- Highway Engineering [MERGED],TF -- Railroad Engineering [ABSENT],TG -- Bridge Engineering [MERGED],TH -- Building Construction [MERGED],TJ -- Mechanical Engineering [MERGED],TK -- Electrical Engineering [ABSENT],TL -- Motor Vehicles / Aeronautics [ABSENT],TN -- Mining / Metallurgy [MERGED],TP -- Chemical Technology [MERGED],TR -- Photography [ABSENT],TS -- Manufactures [MERGED],TX -- Home Economics [ABSENT],UA -- Armies / Land Forces [ABSENT],UB -- Military Administration [ABSENT],UC -- Military Maintenance [ABSENT],UD -- Infantry [ABSENT],UF -- Artillery [ABSENT],UG -- Military Engineering [ABSENT],UH -- Military Medicine [ABSENT],VA -- Navies [ABSENT],VB -- Naval Administration [ABSENT],VC -- Naval Maintenance [ABSENT],VD -- Naval Seamen [ABSENT],VF -- Naval Ordnance [ABSENT],VG -- Naval Auxiliaries [ABSENT],VK -- Navigation / Seamanship [ABSENT],VM -- Naval Architecture [ABSENT],Z -- Books / Writing (General) [DIRECT],ZA -- Information Resources [ABSENT]
1400,0,0,0,0,0,0,0,1,0,0,0,0,0,0,0,0,0,1,0,0,16,0,0,0,0,0,0,0,0,0,0,0,0,0,0,0,0,0,0,0,0,0,0,0,0,0,0,0,0,0,0,0,0,0,0,0,0,0,0,0,0,0,0,0,0,0,0,0,0,0,0,0,0,0,0,0,0,0,0,0,0,0,0,0,0,0,0,1,0,0,0,0,0,0,0,0,0,1,0,0,0,0,0,0,0,0,0,2,0,0,0,0,0,0,0,0,0,0,0,0,0,0,0,0,0,0,0,0,0,0,0,0,0,0,0,0,0,0,0,0,0,0,0,0,0,0,0,0,0,0,0,0,0,0,0,0,0,0,0,0,0,0,0,0,0,0,0,0,0,0,0,0,0,0,0,0,0,0,0,0,0,0,0,0,0,0,0,0,0,0,0,0,0,0,0,0,0,0,0,0,0,0
1401,0,0,0,0,0,0,0,1,0,0,0,0,0,0,0,1,0,1,0,0,16,0,0,0,0,0,0,0,0,0,0,0,0,0,0,0,0,0,0,0,0,0,0,0,0,0,0,0,0,0,0,0,0,0,0,0,0,0,0,0,0,0,0,0,0,0,0,0,0,0,1,0,0,0,0,0,0,0,0,0,0,0,0,0,0,0,0,1,0,0,0,0,0,0,0,0,0,1,0,0,0,0,0,0,0,0,0,4,0,0,0,0,0,0,0,0,0,0,0,0,0,0,0,0,0,0,0,0,0,0,0,0,0,0,0,0,0,0,0,0,0,0,0,0,0,0,0,0,0,0,0,0,0,0,0,0,0,0,0,0,0,0,0,0,0,0,0,0,0,0,0,0,0,0,0,0,0,0,0,0,0,0,0,0,0,0,0,0,0,0,0,0,0,0,0,0,0,0,0,0,0,0
1402,0,0,0,0,0,0,0,1,0,0,0,0,0,0,0,2,0,1,0,0,16,0,0,0,0,0,0,0,0,0,0,0,0,0,0,0,0,0,0,0,0,0,0,0,0,0,0,0,0,0,0,0,0,0,0,0,0,0,0,0,0,0,0,0,0,0,0,0,0,0,1,0,0,0,0,0,0,0,0,0,0,0,0,0,0,0,0,2,0,0,0,0,0,0,0,0,0,2,0,0,0,0,0,0,0,0,0,5,0,0,0,0,0,0,0,0,0,0,0,0,0,0,0,0,0,0,0,0,0,0,0,0,0,0,0,0,0,0,0,0,0,0,0,0,0,0,0,0,0,0,0,0,0,0,0,0,0,0,0,0,0,0,0,0,0,0,0,0,0,0,0,0,0,0,0,0,0,0,0,0,0,0,0,0,0,0,0,0,0,0,0,0,0,0,0,0,0,0,0,0,0,0
1403,0,0,0,0,0,0,0,1,0,0,0,0,0,0,0,3,0,1,0,0,16,0,0,0,0,0,0,0,0,0,0,0,0,0,0,0,0,0,0,0,0,0,0,0,0,0,0,0,0,0,0,0,0,0,0,0,0,0,0,0,0,0,0,0,0,0,0,0,0,0,1,0,0,0,0,0,0,0,0,0,0,0,0,0,0,0,0,2,0,0,0,0,0,0,0,0,0,2,0,0,0,0,0,0,0,0,0,6,0,0,0,0,0,0,0,0,0,0,0,0,0,0,0,0,0,0,0,0,0,0,0,0,0,0,0,0,0,0,0,0,0,0,0,0,0,0,0,0,0,0,0,0,0,0,0,0,0,0,0,0,0,0,0,0,0,0,0,0,0,0,0,0,0,0,0,0,0,0,0,0,0,0,0,0,0,0,0,0,0,0,0,0,0,0,0,0,0,0,0,0,0,0
1405,0,0,0,0,0,0,0,1,0,0,0,0,0,0,0,3,0,1,0,0,16,0,0,0,0,0,0,0,0,0,0,0,0,0,0,0,0,0,0,0,0,0,0,0,0,0,0,0,0,0,0,0,0,0,0,0,0,0,0,0,0,0,0,0,0,0,0,0,0,0,1,0,0,0,0,0,0,0,0,0,0,0,0,0,0,0,0,3,0,0,0,0,0,0,0,0,0,2,0,0,0,0,0,0,0,0,0,6,0,0,0,0,0,0,0,0,0,0,0,0,0,0,0,0,0,0,0,0,0,0,0,0,0,0,0,0,0,0,0,0,0,0,0,0,0,0,0,0,0,0,0,0,0,0,0,0,0,0,0,0,0,0,0,0,0,0,0,0,0,0,0,0,0,0,0,0,0,0,0,0,0,0,0,0,0,0,0,0,0,0,0,0,0,0,0,0,0,0,0,0,0,0
1406,0,0,0,0,0,0,0,1,0,0,0,0,0,0,0,3,0,1,0,0,16,0,0,0,0,0,0,0,0,0,0,0,0,0,0,0,0,0,0,0,0,0,0,0,0,0,0,0,0,0,0,0,0,0,0,0,0,0,0,0,0,0,0,0,0,0,0,0,0,0,1,0,0,0,0,0,0,0,0,0,0,0,0,0,0,0,0,3,0,0,0,0,0,0,0,0,0,2,0,0,0,0,0,0,0,0,1,6,0,0,0,0,0,0,0,0,0,0,0,0,0,0,0,0,0,0,0,0,0,0,0,0,0,0,0,0,0,0,0,0,0,0,0,0,0,0,0,0,0,0,0,0,0,0,0,0,0,0,0,0,0,0,0,0,0,0,0,0,0,0,0,0,0,0,0,0,0,0,0,0,0,0,0,0,0,0,0,0,0,0,0,0,0,0,0,0,0,0,0,0,0,0
1408,0,0,0,0,0,0,0,1,0,0,0,0,0,0,0,3,0,1,0,0,16,0,0,0,0,0,0,0,0,0,0,0,0,0,0,0,0,0,0,0,0,0,0,0,0,0,0,0,0,0,0,0,0,0,0,0,0,0,0,0,0,0,0,0,0,0,0,0,0,0,1,0,0,0,0,0,0,0,0,0,0,0,0,0,0,0,0,3,0,0,0,0,0,0,0,0,0,2,0,0,0,0,0,0,0,0,2,6,0,0,0,0,0,0,0,0,0,0,0,0,0,0,0,0,0,0,0,0,0,0,0,0,0,0,0,0,0,0,0,0,0,0,0,0,0,0,0,0,0,0,0,0,0,0,0,0,0,0,0,0,0,0,0,0,0,0,0,0,0,0,0,0,0,0,0,0,0,0,0,0,0,0,0,0,0,0,0,0,0,0,0,0,0,0,0,0,0,0,0,0,0,0
1410,0,0,0,0,0,0,0,2,0,0,0,0,0,0,0,3,0,1,0,0,16,0,0,0,0,0,0,0,0,0,0,0,0,0,0,0,0,0,0,0,0,0,0,0,0,0,0,0,0,0,0,0,0,0,0,0,0,0,0,0,0,0,0,0,0,0,0,0,0,0,1,0,0,0,0,0,0,0,0,0,0,0,0,0,0,0,0,3,0,0,0,0,0,0,0,0,0,2,0,0,0,0,0,0,0,0,2,6,0,0,0,0,0,0,0,0,0,0,0,0,0,0,0,0,0,0,0,0,0,0,0,0,0,0,0,0,0,0,0,0,0,0,0,0,0,0,1,0,0,0,0,0,0,0,0,0,0,0,0,0,0,0,0,0,0,0,0,0,0,0,0,0,0,0,0,0,0,0,0,0,0,0,0,0,0,0,0,0,0,0,0,0,0,0,0,0,0,0,0,0,0,0
1414,0,0,0,0,0,0,0,2,0,0,0,0,0,0,0,3,0,1,0,0,16,0,0,0,1,0,0,0,0,0,0,0,0,0,0,0,0,0,0,0,0,0,0,0,0,0,0,0,0,0,0,0,0,0,0,0,0,0,0,0,0,0,0,0,0,0,0,0,0,0,1,0,0,0,0,0,0,0,0,0,0,0,0,0,0,0,0,3,0,0,0,0,0,0,0,0,0,2,0,0,0,0,0,0,0,0,2,6,0,0,0,0,0,0,0,0,0,0,0,0,0,0,0,0,0,0,0,0,0,0,0,0,0,0,0,0,0,0,0,0,0,0,0,0,0,0,1,0,0,0,0,0,0,0,0,0,0,0,0,0,0,0,0,0,0,0,0,0,0,0,0,0,0,0,0,0,0,0,0,0,0,0,0,0,0,0,0,0,0,0,0,0,0,0,0,0,0,0,0,0,0,0
1417,0,0,0,0,0,0,0,2,0,0,0,0,0,0,0,3,0,1,0,0,16,0,0,0,1,0,0,0,0,0,0,0,0,0,0,0,0,0,0,0,0,0,0,0,0,0,0,0,0,0,0,0,0,0,0,0,0,0,0,0,0,0,0,0,0,0,0,0,0,0,1,0,0,0,0,0,0,0,0,0,0,0,0,0,0,0,0,3,0,0,0,0,0,0,0,0,0,2,0,0,0,0,0,0,0,0,2,6,0,0,0,0,0,0,0,0,0,0,0,0,0,0,0,0,0,0,0,0,0,0,0,0,0,0,0,0,1,0,0,0,0,0,0,0,0,0,1,0,0,0,0,0,0,0,0,0,0,0,0,0,0,0,0,0,0,0,0,0,0,0,0,0,0,0,0,0,0,0,0,0,0,0,0,0,0,0,0,0,0,0,0,0,0,0,0,0,0,0,0,0,0,0
1418,0,0,0,0,0,0,0,2,0,0,0,0,0,0,0,3,0,1,0,0,17,0,0,0,1,0,0,0,0,0,0,0,0,0,0,0,0,0,0,0,0,0,0,0,0,0,0,0,0,0,0,0,0,0,0,0,0,0,0,0,0,0,0,0,0,0,0,0,0,0,1,0,0,0,0,0,0,0,0,0,0,0,0,0,0,0,0,3,0,0,0,0,0,0,0,0,0,2,0,0,0,0,0,0,0,0,2,6,0,0,0,0,0,0,0,0,0,0,0,0,0,0,0,0,0,0,0,0,0,0,0,0,0,0,0,0,1,0,0,0,0,0,0,0,0,0,1,0,0,0,0,0,0,0,0,0,0,0,0,0,0,0,0,0,0,0,0,0,0,0,0,0,0,0,0,0,0,0,0,0,0,0,0,0,0,0,0,0,0,0,0,0,0,0,0,0,0,0,0,0,0,0
1420,0,0,0,0,0,0,0,2,0,0,0,0,0,0,0,3,0,1,0,0,18,0,0,0,1,0,0,0,0,0,0,0,0,0,0,0,0,0,0,0,0,0,0,0,0,0,0,0,0,0,0,0,0,0,0,0,0,0,0,0,0,0,0,0,0,0,0,0,0,0,1,0,0,0,0,0,0,0,0,0,0,0,0,0,0,0,0,3,0,0,0,0,0,0,0,0,0,2,0,0,0,0,0,0,0,0,3,6,0,0,0,0,0,0,0,0,0,0,0,0,0,0,0,0,0,0,0,0,0,0,0,0,0,0,0,0,1,0,0,0,0,0,0,0,0,0,1,0,0,0,0,0,0,0,0,0,0,0,0,0,0,0,0,0,0,0,0,0,0,0,0,0,0,0,0,0,0,0,0,0,0,0,0,0,0,0,0,0,0,0,0,0,0,0,0,0,0,0,0,0,0,0
1430,0,0,0,0,0,0,0,2,0,0,0,0,0,0,0,3,0,1,0,0,18,0,0,0,1,0,0,0,0,0,0,0,0,0,0,0,0,0,0,0,0,0,0,0,0,0,0,0,0,0,0,0,0,0,0,0,0,0,0,0,0,0,0,0,0,0,0,0,0,0,1,0,0,0,0,0,0,0,0,0,0,0,0,0,0,0,0,3,0,1,0,0,0,0,0,0,0,2,0,0,0,0,0,0,0,0,3,6,0,0,0,0,0,0,0,0,0,0,0,0,0,0,0,0,0,0,0,0,0,0,0,0,0,0,0,0,1,0,0,0,0,0,0,0,0,0,1,0,0,0,0,0,0,0,0,0,0,0,0,0,0,0,0,0,0,0,0,0,0,0,0,0,0,0,0,0,0,0,0,0,0,0,0,0,0,0,0,0,0,0,0,0,0,0,0,0,0,0,0,0,0,0
1431,0,0,0,0,0,0,0,2,0,0,0,0,0,0,0,3,0,1,0,0,18,0,0,0,1,0,0,0,0,0,0,0,0,0,0,0,0,0,0,0,0,0,0,0,0,0,0,0,0,0,0,0,0,0,0,0,0,0,0,0,0,0,0,0,0,0,0,0,0,0,1,0,0,0,0,0,0,0,0,0,0,0,0,0,0,0,0,3,0,1,0,0,0,0,0,0,0,2,0,0,0,0,0,0,0,0,3,6,0,0,0,0,0,0,0,0,0,0,0,0,0,0,0,0,0,0,0,0,0,0,0,0,0,0,0,0,1,0,0,0,0,0,0,0,0,0,1,1,0,0,0,0,0,0,0,0,0,0,0,0,0,0,0,0,0,0,0,0,0,0,0,0,0,0,0,0,0,0,0,0,0,0,0,0,0,0,0,0,0,0,0,0,0,0,0,0,0,0,0,0,0,0
1440,0,0,0,0,0,0,0,2,0,0,0,0,0,0,0,3,0,1,0,0,18,0,0,0,1,0,0,0,0,0,0,0,0,0,0,0,0,0,0,0,0,0,0,0,0,0,0,0,0,0,0,0,0,0,0,0,0,0,0,0,0,0,0,0,0,0,0,0,0,0,1,0,0,0,0,0,0,0,0,0,0,0,0,0,0,0,0,3,0,1,0,0,0,0,0,0,0,2,0,0,0,0,0,0,0,0,4,6,0,0,0,0,0,0,0,0,0,0,0,0,0,0,0,0,0,0,0,0,0,0,0,0,0,0,0,0,1,0,0,0,0,0,0,0,0,0,1,1,0,0,0,0,0,0,0,0,0,0,0,0,0,0,0,0,0,0,0,0,0,0,0,0,0,0,0,0,0,0,0,0,0,0,0,0,0,0,0,0,0,0,0,0,0,0,0,0,0,0,0,0,0,0
1450,0,0,0,0,0,0,0,2,0,0,0,0,0,0,0,3,0,1,0,0,18,0,0,0,1,0,0,0,0,0,0,0,0,0,0,0,0,0,0,0,0,0,0,0,0,0,0,0,0,0,0,0,0,0,0,0,0,0,0,0,0,0,0,0,0,0,0,0,0,0,1,0,0,0,0,0,0,0,0,0,0,0,0,0,0,0,0,3,0,1,0,0,0,0,0,0,0,2,0,0,0,0,0,0,0,0,4,6,0,0,0,0,0,0,0,0,0,1,0,0,0,0,0,0,0,0,0,0,0,0,0,0,0,0,0,0,1,0,0,0,0,0,0,0,0,0,1,1,0,0,0,0,0,0,0,0,0,0,0,0,0,0,0,0,0,0,0,0,0,0,0,0,0,0,0,0,0,0,0,0,0,0,0,0,0,0,0,0,0,0,0,0,0,0,0,0,0,0,0,0,0,0
1451,0,0,0,0,0,0,0,2,0,0,0,0,0,0,0,3,0,1,0,0,19,0,0,0,1,0,0,0,0,0,0,0,0,0,0,0,0,0,0,0,0,0,0,0,0,0,0,0,0,0,0,0,0,0,0,0,0,0,0,0,0,0,0,0,0,0,0,0,0,0,1,0,0,0,0,0,0,0,0,0,0,0,0,0,0,0,0,3,0,1,0,0,0,0,0,0,0,2,0,0,0,0,0,0,0,0,4,6,0,0,0,0,0,0,0,0,0,1,0,0,0,0,0,0,0,0,0,0,0,0,0,0,0,0,0,0,1,0,0,0,0,0,0,0,0,0,1,1,0,0,0,0,0,0,0,0,0,0,0,0,0,0,0,0,0,0,0,0,0,0,0,0,0,0,0,0,0,0,0,0,0,0,0,0,0,0,0,0,0,0,0,0,0,0,0,0,0,0,0,0,0,0
1453,0,0,0,0,0,0,0,2,0,0,0,0,0,0,0,3,0,1,0,0,19,0,0,0,1,0,0,0,0,0,0,0,0,0,0,0,0,0,0,0,0,0,0,0,0,0,0,0,0,0,0,0,0,0,0,0,0,0,0,0,0,0,0,0,0,0,0,0,0,0,1,0,0,0,0,0,0,0,0,0,0,0,0,0,0,0,0,4,0,1,0,0,0,0,0,0,0,2,0,0,0,0,0,0,0,0,4,6,0,0,0,0,0,0,0,0,0,1,0,0,0,0,0,0,0,0,0,0,0,0,0,0,0,0,0,0,1,0,0,0,0,0,0,0,0,0,1,1,0,0,0,0,0,0,0,0,0,0,0,0,0,0,0,0,0,0,0,0,0,0,0,0,0,0,0,0,0,0,0,0,0,0,0,0,0,0,0,0,0,0,0,0,0,0,0,0,0,0,0,0,0,0
1454,0,0,0,0,0,0,0,2,0,0,0,0,0,0,0,3,0,2,0,0,19,0,0,0,1,0,0,0,0,0,0,0,0,0,0,0,0,0,0,0,0,0,0,0,0,0,0,1,0,0,0,0,0,0,0,0,0,0,0,0,0,0,0,0,0,0,0,0,0,0,1,0,0,0,0,0,0,0,0,0,0,0,0,0,0,0,0,4,0,1,0,0,0,0,0,0,0,2,0,0,0,0,0,0,0,0,5,6,0,0,0,0,0,0,0,0,0,1,0,0,0,0,0,0,0,0,0,0,0,0,0,0,0,0,0,0,1,0,0,0,0,0,0,0,0,0,1,1,0,0,0,0,0,0,0,0,0,0,0,0,0,0,0,0,0,0,0,0,0,0,0,0,0,0,0,0,0,0,0,0,0,0,0,0,0,0,0,0,0,0,0,0,0,0,0,0,0,0,0,0,0,0
1455,0,0,0,0,0,0,0,3,0,0,0,0,0,0,0,3,0,2,0,0,20,0,0,0,1,0,0,0,0,0,0,0,0,0,0,0,0,0,0,0,0,0,0,0,0,0,0,1,0,0,0,0,0,0,0,0,0,0,0,0,0,0,0,0,0,0,0,0,0,0,1,0,0,0,0,0,0,0,0,0,0,0,0,0,0,0,0,4,0,1,0,0,0,0,0,0,0,2,0,0,0,0,0,0,0,0,5,6,0,0,0,0,0,0,0,0,0,1,0,0,0,0,0,0,0,0,0,0,0,0,0,0,0,0,0,0,1,0,0,0,0,0,0,0,0,0,1,1,0,0,0,0,0,0,0,0,0,0,0,0,0,0,0,0,0,0,0,0,0,0,0,0,0,0,0,0,0,0,0,0,0,0,0,0,0,0,0,0,0,0,0,0,0,0,0,0,0,0,0,0,0,0
1456,0,0,0,0,0,0,0,3,0,0,0,0,0,0,0,3,0,2,0,0,20,0,0,0,1,0,0,0,0,0,0,0,0,0,0,0,0,0,0,0,0,0,0,0,0,0,0,1,0,0,0,0,0,0,0,0,0,0,0,0,0,0,0,0,0,0,0,0,0,0,1,0,0,0,0,0,0,0,0,0,0,0,0,0,0,0,0,4,0,1,0,0,0,0,0,0,0,2,0,0,0,0,0,0,0,0,6,6,0,0,0,0,0,0,0,0,0,1,0,0,0,0,0,0,0,0,0,0,0,0,0,0,0,0,0,0,1,0,0,0,0,0,0,0,0,0,1,1,0,0,0,0,0,0,0,0,0,0,0,0,0,0,0,0,0,0,0,0,0,0,0,0,0,0,0,0,0,0,0,0,0,0,0,0,0,0,0,0,0,0,0,0,0,0,0,0,0,0,0,0,0,0
1457,0,0,0,0,0,0,0,3,0,0,0,0,0,0,0,3,0,2,0,0,20,0,0,0,1,0,0,0,0,0,0,0,0,0,0,0,0,0,0,0,0,0,0,0,0,0,0,1,0,0,0,0,0,0,0,0,0,0,0,0,0,0,0,0,0,0,0,0,0,0,1,0,0,0,0,0,0,0,0,0,0,0,0,0,0,0,0,4,0,1,0,0,0,0,0,0,0,2,0,0,0,0,0,0,0,0,8,6,0,0,0,0,0,0,0,0,0,1,0,0,0,0,0,0,0,0,0,0,0,0,0,0,0,0,0,0,1,0,0,0,0,0,0,0,0,0,1,1,0,0,0,0,0,0,0,0,0,0,0,0,0,0,0,0,0,0,0,0,0,0,0,0,0,0,0,0,0,0,0,0,0,0,0,0,0,0,0,0,0,0,0,0,0,0,0,0,0,0,0,0,0,0
1460,0,0,0,0,0,0,0,3,0,0,0,0,0,0,0,3,0,2,0,0,20,0,0,0,1,0,0,0,0,0,0,0,0,0,0,0,0,0,0,0,0,0,0,0,0,0,0,1,0,0,0,0,0,0,0,0,0,0,0,0,0,0,0,0,0,0,0,0,0,0,1,0,0,0,0,0,0,0,0,0,0,0,0,0,0,0,0,4,1,1,0,0,0,0,0,0,0,2,0,0,0,0,0,0,0,0,8,6,0,0,0,0,0,0,0,0,0,1,0,0,0,0,0,0,0,0,0,0,0,0,0,0,0,0,0,0,1,0,0,0,0,0,0,0,0,0,1,1,0,0,0,0,0,0,0,0,0,0,0,0,0,0,0,0,0,0,0,0,0,0,0,0,0,0,0,0,0,0,0,0,0,0,0,0,0,0,0,0,0,0,0,0,0,0,0,0,0,0,0,0,0,0
1463,0,0,0,0,0,0,0,3,0,0,0,0,0,0,0,3,0,2,0,0,20,0,0,0,1,0,0,0,0,0,0,0,0,0,0,0,0,0,0,0,0,0,0,0,0,0,0,1,0,0,0,0,0,0,0,0,0,0,0,0,0,0,0,0,0,0,0,0,0,0,1,0,0,0,0,0,0,0,0,0,0,0,0,0,0,0,0,4,2,1,0,0,0,0,0,0,0,2,0,0,0,0,0,0,0,0,8,6,0,0,0,0,0,0,0,0,0,1,0,0,0,0,0,0,0,0,0,0,0,0,0,0,0,0,0,0,1,0,0,0,0,0,0,0,0,0,1,1,0,0,0,0,0,0,0,0,0,0,0,0,0,0,0,0,0,0,0,0,0,0,0,0,0,0,0,0,0,0,0,0,0,0,0,0,0,0,0,0,0,0,0,0,0,0,0,0,0,0,0,0,0,0
1465,0,0,0,0,0,0,0,3,0,0,0,0,0,0,0,3,0,2,0,0,20,0,0,0,1,0,0,0,0,0,0,0,0,0,0,0,0,0,0,0,0,0,0,0,0,0,0,1,0,0,0,0,0,0,0,0,0,0,0,0,0,0,0,0,0,0,0,0,0,0,1,0,0,0,0,0,0,0,0,0,0,0,0,0,0,0,0,4,3,1,0,0,0,0,0,0,0,2,0,0,0,0,0,0,0,0,12,7,0,0,0,0,0,0,0,0,0,1,0,0,0,0,0,0,0,0,0,0,0,0,0,0,0,0,0,0,1,0,0,0,0,0,0,0,0,0,1,1,0,0,0,0,0,0,0,0,0,0,0,0,0,0,0,0,0,0,0,0,0,0,0,0,0,0,0,0,0,0,0,0,0,0,0,0,0,0,0,0,0,0,0,0,0,0,0,0,0,0,0,0,0,0
1467,0,0,0,0,0,0,0,3,0,0,0,0,0,0,0,3,0,2,0,0,20,0,0,0,1,0,0,0,0,0,0,0,0,0,0,0,0,0,0,0,0,0,0,0,0,0,0,1,0,0,0,0,0,0,0,0,0,0,0,0,0,0,0,0,0,0,0,0,0,0,1,0,0,0,0,0,0,0,0,0,0,0,0,0,0,0,0,4,4,1,0,0,0,0,0,0,0,2,0,0,0,0,0,0,0,0,12,7,0,0,0,0,0,0,0,0,0,1,0,0,0,0,0,0,0,0,0,0,0,0,0,0,0,0,0,0,1,0,0,0,0,0,0,0,0,0,1,1,0,0,0,0,0,0,0,0,0,0,0,0,0,0,0,0,0,0,0,0,0,0,0,0,0,0,0,0,0,0,0,0,0,0,0,0,0,0,0,0,0,0,0,0,0,0,0,0,0,0,0,0,0,0
1470,0,0,0,0,0,0,0,3,0,0,0,0,0,0,0,3,3,2,1,1,23,0,0,0,1,0,0,0,0,0,0,0,0,0,0,0,0,0,0,0,0,0,0,0,0,0,0,1,0,0,0,0,0,0,0,0,0,0,0,0,0,0,0,0,0,0,0,0,0,0,1,0,0,0,0,0,0,0,0,0,0,0,0,0,0,0,0,4,5,1,0,0,0,0,0,0,0,3,0,1,0,0,0,0,0,0,12,7,0,0,0,0,0,0,0,0,0,3,0,0,0,0,0,0,0,0,0,0,0,0,0,0,0,0,0,0,1,0,0,0,0,0,0,0,0,0,1,1,0,0,0,0,0,0,0,0,0,0,0,0,0,0,0,0,0,0,0,0,0,0,0,0,0,0,0,0,0,0,0,0,0,0,0,0,0,0,0,0,0,0,0,0,0,0,0,0,0,0,0,0,0,0
1471,0,0,0,0,0,0,0,4,0,0,0,0,0,0,0,3,4,2,3,1,23,0,0,0,1,0,0,0,0,0,0,0,0,0,0,0,0,0,0,0,0,0,0,0,0,0,0,1,0,0,0,0,0,0,0,0,0,0,0,0,0,0,0,0,0,0,0,0,0,0,1,0,0,0,0,0,0,0,0,0,0,0,0,0,0,0,0,4,10,1,0,0,0,0,0,0,0,3,0,1,0,0,0,0,0,0,12,7,0,0,0,0,0,0,0,0,0,3,0,0,0,0,0,0,0,0,0,0,0,0,0,0,0,0,0,0,1,0,0,0,0,0,0,0,0,0,1,1,0,0,0,0,0,0,0,0,0,0,0,0,0,0,0,0,0,0,0,0,0,0,0,0,0,0,0,0,0,0,0,0,0,0,0,0,0,0,0,0,0,0,0,0,0,0,0,0,0,0,0,0,0,0
1472,0,1,0,0,0,0,0,5,0,0,0,0,0,0,0,3,6,2,4,2,26,0,0,0,1,0,0,0,0,0,0,0,0,0,0,0,0,0,0,0,0,0,0,0,0,0,0,1,0,0,0,0,0,0,0,0,0,0,0,0,0,0,0,0,0,0,0,0,0,0,1,0,0,0,0,0,0,0,0,0,0,0,0,0,0,0,0,4,13,1,0,0,0,0,1,0,0,3,0,1,0,0,0,0,0,0,12,7,0,0,0,0,0,0,0,0,0,5,0,0,0,0,0,0,0,0,0,0,0,0,1,0,0,0,0,0,2,0,0,0,0,0,0,0,0,0,1,1,0,0,0,0,0,0,0,0,0,0,0,0,0,0,0,0,0,0,0,0,0,0,0,0,0,0,0,0,0,0,0,0,0,0,0,0,0,0,0,0,0,0,0,0,0,0,0,0,0,0,0,0,0,0
1473,0,1,0,0,0,0,0,6,0,0,0,0,0,0,0,3,7,3,4,4,28,0,0,0,1,0,0,0,0,0,0,0,0,0,0,0,0,0,0,0,0,0,0,0,0,0,0,1,0,0,0,0,0,0,0,0,0,0,0,0,0,0,0,0,0,0,0,0,0,0,1,0,0,0,0,0,0,0,0,0,0,0,0,0,0,0,0,4,18,1,0,0,0,0,4,0,0,3,0,1,0,0,0,0,0,0,13,7,0,0,0,0,0,0,0,0,0,6,0,0,0,0,0,0,0,0,0,0,0,0,1,0,0,0,0,0,2,0,0,0,0,0,0,0,0,0,1,1,0,0,0,0,0,0,0,0,0,0,0,0,0,0,0,0,0,0,0,0,0,0,0,0,0,0,0,0,0,0,0,0,0,0,0,0,0,0,0,0,0,0,0,0,0,0,0,0,0,0,0,0,0,0
1474,0,1,0,0,0,0,0,6,0,0,1,0,1,0,1,3,8,4,5,4,32,0,0,0,1,0,0,0,0,0,0,0,0,0,0,0,0,1,0,0,0,0,0,0,0,0,0,1,0,0,0,0,0,0,0,0,0,0,0,0,0,0,0,0,0,0,0,0,0,0,1,0,0,0,0,0,0,0,0,0,0,0,0,0,0,0,0,4,25,1,0,0,0,0,6,0,0,3,0,1,0,0,0,0,0,0,13,7,0,0,0,0,0,0,0,0,0,8,0,0,0,0,0,0,0,0,0,0,0,0,2,0,0,0,0,0,2,0,0,0,0,0,0,0,0,0,1,1,0,0,0,0,0,0,0,0,0,0,0,0,0,0,0,0,0,0,0,0,0,0,0,0,0,0,0,0,0,0,0,0,0,0,0,0,0,0,0,0,0,0,0,0,0,0,0,0,0,0,0,0,0,0
1475,0,1,0,0,0,0,0,7,0,0,1,0,2,0,1,3,12,7,6,4,40,0,0,0,1,0,0,0,0,0,0,0,0,0,0,0,0,1,0,0,0,0,0,0,0,0,0,1,0,0,0,0,0,0,0,0,0,0,0,0,0,0,0,0,0,0,0,0,0,0,1,0,0,0,0,0,0,0,0,0,0,0,0,0,0,0,0,4,31,1,0,0,0,0,11,0,0,3,0,1,0,0,0,0,0,0,13,7,0,0,0,0,0,0,0,0,0,15,0,0,0,0,0,0,0,0,0,0,0,0,3,0,0,0,0,0,2,0,0,0,0,0,0,0,0,0,1,2,0,0,0,0,0,0,0,0,0,0,0,0,0,0,0,0,0,0,0,0,0,0,0,0,0,0,0,0,0,0,0,0,0,0,0,0,0,0,0,0,0,0,0,0,0,0,0,0,0,0,0,0,0,0
1476,0,1,0,0,0,0,0,7,1,0,1,0,3,0,1,3,13,10,8,4,45,0,0,0,1,0,0,0,0,0,0,0,0,0,0,0,0,1,0,0,0,0,0,0,0,0,0,1,0,0,0,0,0,0,0,0,0,0,0,0,0,0,0,0,0,0,0,0,0,0,1,0,0,0,0,0,0,0,0,0,0,0,0,0,0,0,0,4,37,1,0,0,0,0,15,0,0,3,0,1,0,0,0,0,0,0,13,7,0,0,0,0,0,0,0,0,0,16,0,0,0,0,0,0,0,0,0,1,0,0,3,0,0,0,0,0,2,0,0,0,0,0,0,0,1,0,1,2,0,0,0,0,0,0,0,0,0,0,0,0,0,0,0,0,0,0,0,0,0,0,0,0,0,0,0,0,0,0,0,0,0,0,0,0,0,0,0,0,0,0,0,0,0,0,0,0,0,0,0,0,0,0
1477,0,1,0,0,0,0,0,10,1,0,1,0,4,1,1,3,13,11,10,7,55,0,0,0,1,0,0,0,0,0,0,0,0,0,0,0,0,1,0,0,0,0,0,0,0,0,0,1,0,0,0,0,0,1,0,0,0,0,0,0,0,0,0,0,0,0,0,0,0,0,1,0,0,0,0,0,0,0,0,0,0,0,0,0,0,0,0,4,45,1,0,0,0,0,21,0,0,3,0,1,0,0,0,0,0,0,13,7,0,0,0,0,0,0,0,0,0,16,0,0,0,0,0,0,0,0,0,1,0,0,3,0,0,0,0,0,2,0,0,0,0,0,0,0,2,0,1,2,0,0,0,0,0,0,0,0,0,0,0,0,0,0,0,0,0,0,0,0,0,0,0,0,0,0,0,0,0,0,0,0,0,0,0,0,0,0,0,0,0,0,0,0,0,0,0,0,0,0,0,0,0,0
1478,0,1,0,0,0,0,0,11,1,0,1,0,5,1,1,3,16,12,10,9,59,0,0,0,2,0,0,0,0,0,0,0,0,0,0,0,0,1,0,0,0,0,0,0,0,0,0,1,0,0,0,0,0,1,0,0,0,0,0,0,0,0,0,0,0,0,0,0,0,0,1,0,0,0,0,0,0,0,0,0,0,0,0,0,0,0,0,4,50,1,0,0,0,0,25,0,0,3,0,1,0,0,0,0,0,0,13,7,0,0,0,0,0,0,0,0,0,17,0,0,0,0,0,0,0,0,0,1,0,0,3,0,0,0,0,0,2,0,0,0,0,0,0,0,2,0,1,2,0,0,0,0,0,0,0,0,0,0,0,0,0,0,0,0,0,0,0,0,0,0,0,0,0,0,0,0,0,0,0,0,0,0,0,0,0,0,0,0,0,0,0,0,0,0,0,0,0,0,0,0,0,0
1479,0,1,0,0,0,0,0,12,1,0,1,0,5,1,1,3,16,12,10,10,60,0,0,0,2,0,0,0,0,0,0,0,0,0,0,0,0,1,0,0,0,0,0,0,0,0,0,1,0,0,0,0,0,1,0,0,0,0,0,0,0,0,0,0,0,0,0,0,0,0,1,0,0,0,0,0,0,0,0,0,0,0,0,0,0,0,0,4,55,1,0,0,0,0,28,0,0,3,0,1,0,0,0,0,0,0,13,7,0,0,0,0,0,0,0,0,0,18,0,0,0,0,0,0,0,0,0,1,0,0,4,0,0,0,0,0,2,0,0,0,0,0,0,0,2,0,1,2,0,0,0,0,0,0,0,0,0,0,0,0,0,0,0,0,0,0,0,0,0,0,0,0,0,0,0,0,0,0,0,0,0,0,0,0,0,0,0,0,0,0,0,0,0,0,0,0,0,0,0,0,0,0
1480,0,1,0,0,0,0,0,14,1,0,1,0,5,1,1,3,17,13,11,11,67,0,0,0,2,0,0,0,0,0,0,0,0,0,0,0,0,1,0,0,0,0,0,0,0,0,0,3,0,0,0,0,0,1,0,0,0,0,0,0,0,0,0,0,0,0,0,0,0,0,1,0,0,0,0,0,0,0,0,0,0,0,0,0,0,0,0,5,57,1,0,0,0,0,31,0,0,4,0,1,0,0,0,0,0,0,13,7,0,0,0,0,0,0,0,0,0,18,0,0,0,0,0,0,0,0,0,1,0,0,5,0,0,0,0,0,3,0,0,0,0,0,0,0,2,0,2,2,0,0,0,0,0,0,0,0,0,0,0,0,0,0,0,0,0,0,0,0,0,0,0,0,0,0,0,0,0,0,0,0,0,0,0,0,1,0,0,0,0,0,0,0,0,0,0,0,0,0,0,0,0,0
1481,0,1,0,0,0,0,0,16,1,0,2,0,5,1,2,3,18,14,11,14,79,0,0,0,2,0,0,0,0,0,1,0,0,0,0,0,0,1,0,0,0,0,0,0,0,0,0,5,0,0,0,0,0,1,0,0,0,0,0,0,0,0,0,0,0,0,0,0,0,0,1,0,0,0,0,0,0,0,0,0,0,0,0,0,0,0,0,5,64,1,0,0,0,0,34,0,0,4,0,1,0,0,0,0,0,0,13,7,0,0,0,0,0,0,0,0,0,21,0,0,0,0,0,0,0,0,0,1,0,0,7,0,0,0,1,0,3,0,0,0,0,0,0,0,2,0,3,2,0,0,0,0,0,0,0,0,0,0,0,0,0,0,0,0,0,0,0,0,0,0,0,0,0,0,0,0,0,0,0,0,0,0,0,0,1,0,0,0,0,0,0,0,0,0,0,0,0,0,0,0,0,0
1482,0,1,0,0,0,0,0,17,1,0,2,0,7,1,2,3,20,18,11,15,82,0,0,0,2,0,0,0,0,0,1,0,0,0,0,0,0,1,0,0,0,0,0,0,0,0,0,5,0,0,0,0,0,1,0,0,0,0,0,0,0,0,1,0,0,0,0,0,0,0,1,0,0,0,0,0,0,0,0,0,0,0,0,0,0,0,0,5,72,1,0,0,0,0,35,0,0,5,0,1,0,0,0,0,0,0,13,7,0,0,0,0,0,0,0,0,0,25,0,0,0,0,0,0,0,0,0,1,0,0,7,0,0,0,1,0,4,0,0,0,0,0,0,0,2,0,3,2,0,0,0,0,0,0,0,0,0,0,0,0,0,0,0,0,0,0,0,0,0,0,0,0,0,0,0,0,0,0,0,0,0,0,0,0,1,0,0,0,0,0,0,0,0,0,0,0,0,0,0,0,0,0
1483,0,3,0,0,0,0,0,18,1,0,2,0,7,1,2,3,22,21,11,16,89,0,0,0,2,0,0,0,0,0,1,0,0,0,0,0,0,1,0,0,0,0,0,0,0,0,0,5,0,0,0,0,0,1,0,0,0,0,0,0,0,0,1,0,0,0,0,0,0,0,1,0,0,0,0,0,0,0,0,0,0,0,0,0,0,0,0,5,80,1,0,0,0,0,42,0,0,7,0,1,0,0,0,0,0,0,13,7,0,0,0,0,0,0,0,0,0,28,0,0,0,0,0,0,0,0,0,1,0,0,7,0,0,0,1,0,4,0,0,0,0,0,0,0,2,0,3,2,0,0,0,0,0,0,0,0,0,0,0,0,0,0,0,0,0,0,0,0,0,0,0,0,0,0,0,0,0,0,0,0,0,0,0,0,1,0,0,0,0,0,0,0,0,0,0,0,0,0,0,0,0,0
1484,0,3,0,0,0,0,0,18,1,0,2,0,7,1,2,3,22,21,11,16,97,0,0,0,2,0,0,0,0,0,1,0,0,0,0,0,0,1,0,0,0,0,0,0,0,0,0,5,0,0,0,0,0,1,0,0,0,0,0,0,0,0,1,0,0,0,0,0,0,0,1,0,0,0,0,0,0,0,0,0,0,0,0,0,0,0,0,6,88,1,0,0,0,0,43,0,0,7,0,1,0,0,0,0,0,0,13,7,0,0,0,0,0,0,0,0,0,28,0,0,0,0,0,0,0,0,0,1,0,0,7,0,0,0,1,0,4,0,0,0,0,2,0,0,2,0,3,2,0,0,0,0,0,0,0,0,0,0,0,0,0,0,0,0,0,0,0,0,0,0,0,0,0,0,0,0,0,0,0,0,0,0,0,0,1,0,0,0,0,0,0,0,0,0,0,0,0,0,0,0,0,0
1485,0,3,0,0,0,0,0,19,1,0,2,0,7,1,2,3,24,25,13,17,105,1,0,0,3,0,0,0,0,0,2,0,0,0,0,0,0,1,1,0,0,0,0,0,0,0,0,5,0,0,0,0,0,1,0,0,0,0,0,0,0,0,1,0,0,0,0,0,0,0,1,0,0,0,0,0,0,0,0,0,0,0,0,0,0,0,0,6,94,1,0,0,0,0,46,0,0,9,0,1,0,0,0,0,0,0,13,7,0,0,0,0,0,0,0,0,0,32,0,0,0,0,0,0,0,0,0,1,0,0,7,0,0,0,1,0,6,0,0,0,0,3,0,0,2,0,3,2,0,0,0,0,0,0,0,0,0,0,0,0,0,0,0,0,0,0,0,0,0,0,0,0,0,0,0,0,0,0,0,0,0,0,0,0,1,0,0,0,0,0,0,0,0,0,0,0,0,0,0,0,0,0
1486,0,3,0,0,0,0,0,19,1,0,2,0,7,1,2,3,25,29,13,18,108,1,0,0,3,0,0,0,0,0,2,0,0,0,0,0,0,1,1,0,0,0,0,0,0,0,0,7,0,0,0,0,0,1,0,0,0,0,0,0,0,0,1,0,0,0,0,0,0,0,1,0,0,0,0,0,0,0,0,0,0,0,0,0,0,0,0,6,100,1,0,0,0,0,48,0,0,12,0,1,0,0,0,0,0,0,13,7,0,0,0,0,0,0,0,0,0,38,0,0,0,0,0,0,0,0,0,1,0,0,7,0,0,0,1,0,6,0,0,0,0,3,0,0,2,0,3,3,0,0,0,0,0,0,0,0,0,0,0,0,0,0,0,0,0,0,0,0,0,0,0,0,0,0,0,0,0,0,0,0,0,0,0,0,1,0,0,0,0,0,0,0,0,0,0,0,0,0,0,0,0,0
1487,0,3,0,0,0,0,0,19,1,0,2,0,7,1,2,3,29,31,14,20,112,1,0,0,3,0,0,0,0,0,2,0,0,0,0,0,0,1,1,0,0,0,0,0,1,0,0,7,0,0,0,0,0,1,0,0,0,0,0,0,0,0,1,0,0,0,0,0,0,0,1,0,0,0,0,0,0,0,0,0,0,0,0,0,0,0,0,6,103,1,0,0,0,0,52,0,0,13,0,1,0,0,0,0,0,0,13,7,0,0,0,0,0,0,0,0,0,43,0,0,0,0,0,0,0,0,0,1,0,0,7,0,0,0,1,0,6,0,0,0,0,3,0,0,2,0,3,3,0,0,0,0,0,0,0,0,0,0,0,0,0,0,0,0,0,0,0,0,0,0,0,0,0,0,0,0,0,0,0,0,0,0,0,0,2,0,0,0,0,0,0,0,0,0,0,0,0,0,0,0,0,0
1488,0,4,0,0,0,0,0,19,2,0,2,0,7,1,2,3,29,31,15,23,114,1,0,0,3,0,0,0,0,0,2,0,0,0,0,0,0,2,1,0,0,0,0,0,1,0,0,7,0,0,0,0,0,1,0,0,0,0,0,0,0,0,1,0,0,0,0,0,0,0,1,0,0,0,0,0,0,0,0,0,0,0,0,0,0,0,0,8,110,1,0,0,0,0,57,0,0,13,0,1,0,0,0,0,0,0,14,7,0,0,0,0,0,0,0,0,0,52,0,0,0,0,0,0,0,0,0,2,0,0,7,0,0,0,1,0,6,0,0,0,0,3,0,0,2,0,3,3,0,0,0,0,0,0,0,0,0,0,0,0,0,0,0,0,0,0,0,0,0,0,0,0,0,0,0,0,0,0,0,0,0,0,0,0,2,0,0,0,0,0,0,0,0,0,0,0,0,0,0,0,0,0
1489,0,4,0,0,0,0,0,21,2,0,2,0,7,1,3,3,31,32,16,25,118,1,0,0,3,0,0,0,0,0,3,0,0,1,0,0,0,2,1,0,0,0,0,0,1,0,0,7,0,0,0,0,0,1,0,0,0,0,0,0,0,0,1,0,0,0,0,0,0,0,1,0,0,0,0,0,0,0,0,0,0,0,0,0,0,0,0,8,120,1,0,0,0,0,57,0,0,13,0,1,0,0,0,0,0,0,14,7,0,0,0,0,0,0,0,0,0,57,0,0,0,0,0,0,0,0,0,2,0,0,7,0,0,0,2,0,6,0,0,0,0,3,0,0,2,0,3,3,0,0,0,0,0,0,0,0,0,0,0,0,0,0,0,0,0,0,0,0,0,0,0,0,0,0,0,0,0,0,0,0,0,0,0,0,2,0,0,0,0,0,0,0,0,0,0,0,0,0,0,0,0,0
1490,0,4,0,0,0,0,0,22,2,0,3,0,7,2,3,3,33,34,16,27,121,1,0,0,3,0,0,0,0,0,6,0,0,1,0,0,0,2,1,0,0,0,0,0,1,0,0,7,0,0,0,0,0,1,0,0,0,0,0,0,0,0,1,0,0,0,0,0,0,0,1,0,0,0,0,0,0,0,0,0,0,0,0,0,0,0,0,8,128,1,0,0,0,0,66,0,0,14,1,1,0,0,0,0,0,0,16,8,0,0,0,0,0,0,0,0,0,64,0,0,0,0,0,0,0,0,0,3,0,0,9,0,0,0,2,0,6,1,0,0,0,3,0,0,2,0,3,4,0,0,0,0,0,0,0,0,0,0,0,0,0,0,0,0,0,0,0,0,0,0,0,0,0,0,0,0,0,0,0,0,0,0,0,0,3,0,0,0,0,0,0,0,0,0,0,0,0,0,0,0,0,0
1491,0,6,0,0,0,0,0,25,2,0,3,0,7,2,3,3,33,34,20,30,122,1,0,0,3,0,0,0,0,0,7,0,0,1,0,0,0,2,1,0,0,0,0,0,1,0,0,7,0,0,0,0,0,1,0,0,0,0,0,0,0,0,1,0,0,0,0,0,0,0,1,0,0,0,0,0,0,0,0,0,0,0,0,0,0,0,0,8,135,1,0,0,0,0,66,0,0,15,1,1,0,0,0,0,0,0,18,8,0,0,0,0,0,0,0,0,0,70,0,0,0,0,0,0,0,0,0,3,0,0,10,0,0,0,2,0,6,1,0,0,0,3,0,0,2,0,3,4,0,0,0,0,0,0,0,0,0,0,0,0,0,0,0,0,0,0,0,0,0,0,0,0,0,0,0,0,0,0,0,0,0,0,0,0,3,0,0,0,0,0,0,0,0,0,0,0,0,0,0,0,0,0
1492,0,6,0,0,0,0,0,27,2,0,3,0,7,2,3,3,36,34,21,32,127,1,0,0,3,0,0,0,0,0,8,0,0,1,0,0,0,2,3,0,0,0,0,0,1,0,0,7,0,0,0,0,0,2,0,0,0,0,0,0,0,0,1,0,0,0,0,0,0,0,1,0,0,0,0,0,0,0,1,0,0,0,0,0,0,0,0,8,139,1,0,0,0,0,69,0,0,15,1,1,0,0,0,0,0,0,18,8,0,0,0,0,0,0,0,0,0,70,0,0,0,0,0,0,0,0,0,3,0,0,12,0,0,0,2,0,6,1,0,0,0,3,0,0,2,0,3,4,0,0,0,0,0,0,0,0,0,0,0,0,0,0,0,0,0,0,0,0,0,0,0,0,0,0,0,0,0,0,0,0,0,0,0,0,3,0,0,0,0,0,0,0,0,0,0,0,0,0,0,0,0,0
1493,0,7,0,0,0,0,0,28,2,0,4,0,8,2,3,3,37,38,25,34,133,1,0,0,3,0,0,0,0,0,8,0,0,1,0,0,0,2,4,0,0,0,0,0,1,0,0,8,0,0,0,0,0,2,0,0,0,0,0,0,0,0,1,0,0,0,0,0,0,0,1,0,0,0,0,0,0,0,1,0,0,0,0,0,0,0,0,8,151,1,0,0,0,0,77,0,0,16,2,1,0,0,0,0,0,0,20,8,0,0,0,0,0,0,0,0,0,75,0,2,0,0,0,0,0,0,0,3,0,0,12,0,0,0,2,0,6,1,0,0,0,3,0,0,2,0,3,4,0,0,0,0,0,0,0,0,0,0,0,0,0,0,0,0,0,0,0,0,0,0,0,0,0,0,0,0,0,0,0,0,0,0,0,0,3,0,0,0,0,0,0,0,0,0,0,0,0,0,0,0,0,0
1494,0,7,0,0,0,0,0,30,2,0,5,0,8,2,3,3,38,42,26,35,139,1,0,0,3,0,0,0,0,0,8,0,0,1,0,0,0,2,5,0,0,0,0,0,1,0,0,8,0,0,0,0,0,2,0,0,0,0,0,0,0,0,1,0,0,0,0,0,0,0,1,0,0,0,0,0,0,0,1,0,0,0,0,0,0,0,0,8,155,1,0,0,0,0,84,0,0,18,2,1,0,0,0,0,0,0,20,8,0,0,0,0,0,0,0,0,0,81,0,2,0,0,0,0,0,0,0,3,0,0,12,0,0,0,2,0,6,1,0,0,0,3,0,0,2,0,3,4,0,0,0,0,0,0,0,0,0,0,0,0,0,0,0,0,0,0,0,0,0,0,0,0,0,0,0,0,1,0,0,0,0,0,0,0,3,0,0,0,0,0,0,0,0,0,0,0,0,0,0,0,0,0
1495,0,7,0,0,0,0,0,33,2,1,5,0,8,2,3,3,40,43,30,38,151,1,0,0,3,0,0,0,0,0,9,0,0,1,0,0,0,2,5,0,0,0,0,0,1,0,0,8,0,0,0,0,0,2,0,0,0,0,0,0,0,1,1,0,0,0,0,0,0,0,1,0,0,0,0,0,0,0,1,0,0,0,0,0,0,0,0,9,160,1,0,0,0,0,89,0,0,20,2,1,0,0,0,0,0,0,20,8,0,0,0,0,0,0,0,0,0,86,0,2,0,0,0,0,0,0,0,3,0,0,13,0,0,0,2,0,7,1,0,0,0,3,0,0,2,0,3,4,0,0,0,0,0,0,0,0,0,0,0,0,0,0,0,0,0,0,0,0,0,0,0,0,0,0,0,0,1,0,0,0,0,0,0,0,3,0,0,0,0,0,0,0,0,0,0,0,0,0,0,0,0,0
1496,0,7,0,0,0,0,0,34,2,1,5,0,8,2,3,3,44,46,32,38,157,1,0,0,3,0,0,0,0,0,9,0,0,1,0,0,0,2,5,0,0,0,0,0,1,0,0,8,0,0,0,0,0,2,0,0,0,0,0,0,0,1,1,0,0,0,0,0,0,0,1,0,0,0,0,0,0,0,1,0,0,0,0,0,0,0,0,9,163,1,0,0,0,0,92,0,0,21,2,1,0,0,0,0,0,0,21,8,0,0,0,0,0,0,0,0,0,90,0,2,0,0,0,0,0,0,0,3,0,0,13,0,0,0,2,0,7,1,0,0,0,3,0,0,3,0,4,4,0,0,0,0,0,0,0,0,0,0,0,0,0,0,0,0,0,0,0,0,0,0,0,0,0,0,0,0,1,0,0,0,0,0,0,0,3,0,0,0,0,0,0,0,0,0,0,0,0,0,0,0,0,0
1497,0,7,0,0,0,0,0,36,2,1,5,0,8,2,3,3,44,47,36,44,166,1,0,0,3,0,0,0,0,0,9,0,0,1,0,0,0,2,5,0,0,0,0,0,1,0,0,8,0,0,0,0,0,2,0,0,0,0,0,0,0,1,1,0,0,0,0,0,0,0,1,0,0,0,0,0,0,0,1,0,0,0,0,0,0,0,0,9,165,1,0,0,0,0,99,0,0,21,2,1,0,0,0,0,0,0,21,8,0,0,0,0,0,0,0,0,1,94,0,2,0,0,0,0,0,0,0,3,0,0,13,0,0,3,2,0,7,1,0,0,0,3,0,0,3,0,9,4,0,0,1,0,0,0,0,0,0,0,1,0,0,0,0,0,0,0,0,0,0,0,0,0,0,0,0,0,1,0,0,0,0,0,0,0,3,0,0,0,0,0,0,0,0,0,0,0,0,0,0,0,0,0
1498,0,7,0,0,0,0,0,40,2,1,5,0,8,2,3,3,44,48,38,44,170,1,0,0,3,0,0,0,0,0,9,0,0,1,0,0,0,2,5,0,0,0,0,0,1,0,0,9,0,0,0,0,0,2,0,0,0,0,0,0,0,1,1,0,0,0,0,0,0,0,1,0,0,0,0,0,0,0,1,0,0,0,0,0,0,0,0,9,172,1,0,0,0,0,103,0,0,21,3,1,0,0,0,0,0,0,22,8,0,0,0,0,0,0,0,0,1,99,0,2,0,0,0,0,0,0,0,3,0,0,14,0,0,5,2,0,7,1,0,0,0,3,0,0,3,0,12,4,0,0,1,0,0,0,0,0,0,0,1,0,0,0,0,0,0,0,0,0,0,0,0,0,0,0,0,0,1,0,0,0,0,0,0,0,3,0,0,0,0,0,0,0,0,0,0,0,0,0,0,0,0,0
1499,0,7,0,0,0,0,0,42,2,1,5,0,8,2,3,3,44,48,38,47,184,1,0,0,3,0,0,0,0,0,9,0,0,1,0,0,0,2,5,0,0,0,0,0,1,0,0,9,0,0,0,0,0,3,0,0,0,0,0,0,0,1,1,0,0,0,0,0,0,0,1,0,0,0,0,0,0,0,1,0,0,0,0,0,0,0,0,10,180,1,0,0,0,0,110,0,0,23,3,1,0,0,0,0,0,0,22,8,0,0,0,0,0,0,0,0,1,108,0,2,0,0,0,0,0,0,0,3,0,0,15,0,0,5,2,0,7,1,0,0,0,3,0,0,3,0,12,4,0,0,1,0,0,0,0,0,0,0,1,0,0,0,0,0,0,0,0,0,0,0,0,0,0,0,0,0,1,0,0,0,0,0,0,0,4,0,0,0,0,0,0,0,0,0,0,0,0,0,1,0,0,0
1500,0,7,0,0,0,0,0,45,2,1,5,0,8,2,3,4,45,49,40,47,201,1,0,0,3,0,0,0,0,0,9,0,0,1,0,0,0,2,6,0,0,0,0,0,1,0,1,9,0,0,0,0,0,5,0,0,0,0,0,0,0,1,1,0,0,0,0,1,0,0,1,0,0,0,0,0,0,0,1,0,0,0,0,0,0,0,0,11,188,1,0,0,0,0,116,0,0,26,3,1,0,0,0,0,0,0,22,8,0,0,0,0,0,0,0,0,1,113,0,2,0,0,0,0,0,0,0,3,0,0,18,0,0,5,2,0,7,1,0,0,0,3,0,0,3,0,13,7,0,0,1,0,0,0,0,0,0,0,1,0,0,0,0,0,0,0,0,0,0,0,0,0,0,0,0,0,1,0,0,0,0,0,0,0,8,0,0,0,0,0,0,0,0,0,0,0,0,0,1,0,0,0
1501,0,7,0,0,0,0,0,46,2,1,5,0,8,2,3,4,45,49,44,49,204,1,0,0,3,0,0,0,0,0,9,0,0,1,0,0,0,2,6,0,0,0,0,0,1,0,1,9,0,0,0,0,0,5,0,0,0,0,0,0,0,1,1,0,0,0,0,1,0,0,1,0,0,0,0,0,0,0,1,0,0,0,0,0,0,0,0,12,190,2,0,0,0,0,118,0,0,28,3,1,0,0,0,0,0,0,23,8,0,0,0,0,0,0,1,0,1,119,0,2,0,0,0,0,0,0,0,3,0,0,19,0,0,6,2,0,8,1,0,0,0,3,0,0,3,0,14,7,0,0,1,0,0,0,0,0,0,0,1,0,0,0,0,0,0,0,0,0,0,0,0,0,0,0,0,0,1,0,0,0,0,0,0,0,8,0,0,0,0,0,0,0,0,0,0,0,0,0,1,0,0,0
1502,0,7,0,0,0,0,0,47,2,1,5,0,8,2,3,4,45,50,46,49,206,1,0,0,3,0,0,0,0,0,9,0,0,1,0,0,0,2,6,0,0,0,0,0,1,0,1,9,0,0,0,0,0,5,0,0,0,0,0,0,0,1,1,0,0,0,0,1,0,0,1,0,0,0,0,0,0,0,1,0,0,0,0,0,0,0,0,12,191,7,0,0,0,0,119,0,0,28,3,1,0,0,0,0,0,0,26,9,0,0,0,0,0,0,1,0,1,123,0,2,0,0,0,0,0,0,0,3,0,0,20,0,0,6,2,0,11,1,0,0,0,3,0,0,3,0,14,7,0,0,1,0,0,0,0,0,0,0,1,0,0,0,0,0,0,0,0,0,0,0,0,0,0,0,0,0,1,0,0,0,0,0,0,0,8,0,0,0,0,0,0,0,0,0,0,0,0,0,1,0,0,0
1503,0,7,0,0,0,0,0,47,2,1,5,0,8,2,3,4,47,50,46,49,207,1,0,0,3,0,0,0,0,0,10,1,0,1,0,0,0,2,6,0,0,0,0,0,2,0,1,9,0,0,0,0,0,5,0,0,0,0,0,0,0,1,1,0,0,0,0,1,0,0,1,0,0,0,0,0,0,0,1,0,0,0,0,0,0,0,0,12,194,9,0,0,0,0,122,0,0,29,3,1,0,0,0,0,0,0,27,9,0,0,0,0,0,0,1,0,1,129,0,2,0,0,0,0,0,0,0,3,0,0,22,0,0,6,2,0,11,1,0,0,0,3,0,0,3,0,14,7,0,0,1,0,0,0,0,0,0,0,1,0,0,0,0,0,0,0,0,0,0,0,0,0,0,0,0,0,1,0,0,0,0,0,0,0,9,0,0,0,0,0,0,0,0,0,0,0,0,0,1,0,0,0
1504,0,8,0,0,0,0,0,47,2,1,5,0,8,2,3,4,47,50,46,49,210,1,0,0,3,0,0,0,0,0,10,1,0,1,0,0,0,2,6,0,0,0,0,0,2,0,1,10,0,0,0,0,0,5,0,0,0,0,0,0,0,1,1,0,0,0,0,1,0,0,1,0,0,0,0,0,0,0,1,0,0,0,0,0,0,0,0,12,198,9,0,0,0,0,124,0,0,31,3,1,0,0,0,0,0,0,29,9,0,0,0,0,0,0,1,0,1,130,0,2,0,0,0,0,0,0,0,3,0,0,22,0,0,6,2,0,11,1,0,0,0,3,0,0,3,0,14,7,0,0,1,0,0,0,0,0,0,0,1,0,0,0,0,0,0,0,0,0,0,0,0,0,0,0,0,0,2,0,0,0,0,0,0,0,9,0,0,0,0,0,0,0,0,0,0,0,0,0,1,0,0,0
1505,0,8,0,0,0,0,0,47,2,1,5,0,9,2,3,4,48,50,47,49,213,1,0,0,3,0,0,0,0,0,10,1,0,1,0,0,0,2,7,0,0,0,0,0,2,0,1,10,0,0,0,0,0,5,0,0,0,0,0,0,0,2,2,0,0,0,0,1,0,0,1,0,0,0,0,0,0,0,1,0,0,0,0,0,0,0,0,12,200,9,0,0,0,0,128,0,0,34,3,1,0,0,0,0,0,0,30,9,0,0,0,0,0,0,1,0,1,133,0,2,0,0,0,0,0,0,0,3,0,0,22,0,0,6,2,0,11,1,0,0,0,3,0,0,3,0,14,7,0,0,1,0,0,0,0,0,0,0,1,0,0,0,0,0,0,0,0,0,0,0,0,0,0,0,0,0,6,0,0,0,0,0,0,0,9,0,0,0,0,0,0,0,0,0,0,0,0,0,1,0,0,0
1506,0,9,0,0,0,0,0,47,2,1,5,0,9,2,3,4,49,50,48,49,215,1,0,0,3,0,0,0,0,0,11,1,0,1,0,0,0,2,7,0,0,0,0,0,2,0,1,10,0,0,0,0,0,5,0,0,0,0,0,0,0,2,2,0,0,0,0,1,0,0,1,0,0,0,0,0,0,0,1,0,0,0,0,0,0,0,0,12,202,10,0,0,0,0,128,0,0,36,3,1,0,0,0,0,0,0,33,9,0,0,0,0,0,0,1,0,1,135,0,2,0,0,0,0,0,0,0,3,0,0,22,0,0,7,2,0,12,1,0,0,0,3,0,0,3,0,14,7,0,0,1,0,0,0,0,0,0,0,1,0,0,0,0,0,0,0,0,0,0,0,0,0,0,0,0,0,6,0,0,0,0,0,0,0,9,0,0,0,0,0,0,0,0,0,0,0,0,0,1,0,0,0
1507,0,9,0,0,0,0,0,47,2,1,5,0,9,2,3,4,49,50,48,50,217,1,0,0,3,0,0,0,0,0,11,1,0,1,0,0,0,2,7,0,0,0,0,0,2,0,1,10,0,0,0,0,0,5,0,0,0,0,0,0,0,2,2,0,0,0,0,1,0,0,1,0,0,0,0,0,0,0,1,0,0,0,0,0,0,0,0,12,203,10,0,0,0,0,130,0,0,36,3,1,0,0,0,0,0,0,33,10,0,0,0,0,0,0,1,0,1,138,0,2,0,0,0,0,0,0,0,3,0,0,23,0,0,7,2,0,12,1,0,0,0,3,0,0,3,0,14,7,0,0,1,0,0,0,0,0,0,0,1,0,0,0,0,0,0,0,0,0,0,0,0,0,0,0,0,0,6,0,0,0,0,0,0,0,10,0,0,0,0,0,0,0,0,0,0,0,0,0,1,0,0,0
1508,0,9,0,0,0,0,0,47,2,1,5,0,9,2,4,4,51,50,48,50,218,1,0,0,3,0,0,0,0,0,11,1,0,1,0,0,0,2,8,0,0,0,0,0,2,0,1,10,0,0,0,0,0,6,0,0,0,0,0,0,0,2,2,0,0,0,0,1,0,0,1,0,0,0,0,0,0,0,1,0,0,0,0,0,0,0,0,13,204,12,0,0,0,0,135,0,0,37,3,1,0,0,0,0,0,0,33,10,0,0,0,0,0,0,1,0,1,143,0,2,0,0,0,0,0,0,0,3,0,0,23,0,0,7,2,0,12,1,0,0,0,3,0,0,3,0,14,7,0,0,1,0,0,0,0,0,0,0,1,0,0,0,0,0,0,0,0,0,0,0,0,0,0,0,0,0,6,0,0,0,0,0,0,0,11,0,0,0,0,0,0,0,0,0,0,0,0,0,1,0,0,0
1509,0,10,0,0,0,0,0,47,2,1,5,0,9,2,4,4,51,51,49,51,219,1,0,0,3,0,0,0,0,0,11,1,0,1,0,0,0,2,8,0,0,0,0,0,2,0,1,11,0,0,0,0,0,6,0,0,0,0,0,0,0,2,2,0,0,0,0,1,0,0,1,0,0,0,0,0,0,0,1,0,0,0,0,0,0,0,0,14,205,13,0,0,0,0,139,0,0,37,3,1,0,0,0,0,0,0,34,10,0,0,0,1,0,0,1,0,1,149,0,2,0,0,0,0,0,0,0,3,0,0,23,0,0,9,2,0,13,1,0,0,0,3,0,0,3,0,14,7,0,0,1,0,0,0,0,0,0,0,1,0,0,0,0,0,0,0,0,0,0,0,0,0,0,0,0,0,7,0,0,0,0,0,0,0,11,0,0,0,0,0,0,0,0,0,0,0,0,0,1,0,0,0
1510,0,10,0,0,0,0,0,47,2,1,5,0,9,2,5,4,52,51,49,52,222,1,0,0,3,0,0,0,0,0,11,1,0,1,0,0,0,2,10,0,0,0,0,0,2,0,1,11,0,0,0,0,0,6,0,0,0,0,0,0,0,2,2,0,0,0,0,1,0,0,1,0,0,0,0,0,0,0,1,0,0,0,0,0,0,0,0,14,206,19,0,0,0,0,142,0,0,38,3,1,0,0,0,0,0,0,34,11,0,0,0,1,0,0,1,0,1,151,0,2,0,0,0,0,0,0,0,3,0,0,24,0,0,9,2,0,13,1,0,0,0,3,0,0,3,0,15,7,0,0,1,0,0,0,0,0,0,0,1,0,0,0,0,0,0,0,0,0,0,0,0,0,0,0,0,0,9,0,0,0,0,0,0,0,11,0,0,0,0,0,0,0,0,0,0,0,0,0,1,0,0,0
1511,0,10,0,0,0,0,0,47,2,1,5,0,9,2,5,4,52,51,49,52,224,1,0,0,3,0,0,0,0,0,11,1,0,1,0,0,0,2,11,0,0,0,0,0,2,0,1,11,0,0,0,0,0,6,0,0,0,0,0,0,0,2,2,0,0,0,0,1,0,0,1,0,0,0,0,0,0,0,1,0,0,0,0,0,0,0,0,14,209,19,0,0,0,0,146,0,0,43,3,1,0,0,0,0,0,0,35,11,0,0,0,1,0,0,1,0,1,154,0,2,0,0,0,0,0,0,0,3,0,0,25,0,0,9,2,0,14,1,0,0,0,3,0,0,3,0,15,7,0,0,1,0,0,0,0,0,0,0,1,0,0,0,0,0,0,0,0,0,0,0,0,0,0,0,0,0,10,0,0,0,0,0,0,0,11,0,0,0,0,0,0,0,0,0,0,0,0,0,1,0,0,0
1512,0,12,0,0,0,0,0,47,2,1,5,0,9,2,5,4,52,51,49,52,227,1,0,0,3,0,0,0,0,0,12,1,0,1,0,0,0,2,13,0,0,0,0,0,2,0,1,11,0,0,0,0,0,6,0,0,0,0,0,0,0,2,2,0,0,0,0,1,0,0,1,0,0,0,0,0,0,0,1,0,0,0,0,0,0,0,0,15,212,19,0,0,0,0,150,0,0,43,3,1,0,0,0,0,0,0,36,12,0,0,0,1,0,0,1,0,1,156,0,2,0,0,0,0,0,0,0,3,0,0,26,0,0,9,2,0,14,1,0,0,0,3,0,0,3,0,15,7,0,0,1,0,0,0,0,0,0,0,2,0,0,0,0,0,0,0,0,0,0,0,0,0,0,0,0,0,10,0,0,0,0,0,0,0,11,0,0,0,0,0,1,0,0,0,0,0,0,0,1,0,0,0
1513,0,12,0,0,0,0,0,47,2,1,5,0,9,2,6,4,52,51,49,52,231,1,0,0,3,0,0,0,0,0,13,1,0,1,0,0,0,2,13,0,0,0,0,0,2,0,1,11,0,0,0,0,0,7,0,0,0,0,0,0,0,2,2,0,0,0,0,1,0,1,1,0,0,0,0,0,0,0,1,0,0,1,0,0,0,0,0,15,212,19,0,0,0,0,155,0,0,44,3,1,0,0,0,0,0,0,38,12,0,0,0,1,0,0,1,0,1,159,0,2,0,0,0,0,0,1,0,3,0,0,26,0,0,9,2,0,14,1,0,0,0,3,0,0,3,0,15,7,0,0,1,0,0,0,0,0,0,0,2,0,0,0,0,0,0,0,0,0,0,0,0,0,0,0,0,0,10,0,0,0,0,0,0,0,11,0,0,0,0,0,1,0,0,0,0,0,0,0,1,0,0,0
1514,0,12,0,0,0,0,0,48,2,1,5,0,9,2,6,4,53,53,49,52,232,1,0,0,3,0,0,0,0,0,13,1,0,1,0,0,0,2,13,0,0,0,0,0,2,0,1,11,0,0,0,0,0,8,0,0,0,0,0,0,0,2,2,0,0,0,0,1,0,1,1,0,0,0,0,0,0,0,1,0,0,1,0,0,0,0,0,16,219,21,0,0,0,0,158,0,0,45,3,1,0,0,0,0,0,0,40,12,0,0,0,1,0,0,1,0,1,164,0,2,0,0,0,0,0,1,0,3,0,0,27,0,0,9,2,0,14,1,0,0,0,3,0,0,3,0,17,8,0,0,1,0,0,0,0,0,0,0,2,0,0,0,0,0,0,0,0,0,0,0,0,0,0,0,0,0,11,0,0,0,0,0,0,0,11,0,0,0,0,0,1,0,0,0,0,0,0,0,1,0,0,0
1515,0,12,0,0,0,0,0,48,2,1,7,0,9,2,8,4,53,53,49,52,236,1,0,0,3,0,0,0,0,0,13,1,0,1,0,0,0,2,13,0,0,0,0,0,2,0,1,11,0,0,0,0,0,8,0,1,0,0,0,0,0,2,2,0,0,0,0,1,0,1,1,0,0,0,0,0,0,0,1,0,0,1,0,0,0,0,0,16,220,21,0,0,0,0,160,0,0,49,3,1,0,0,0,0,0,0,44,13,0,0,0,1,0,0,1,0,1,166,0,2,0,0,0,0,0,1,0,3,0,0,27,0,0,9,2,0,14,1,0,0,0,3,0,0,3,0,18,8,0,0,1,0,0,0,0,0,0,0,2,0,0,0,0,0,0,0,0,0,0,0,0,0,0,0,0,0,11,0,0,0,0,0,0,0,12,0,0,0,0,0,1,0,0,0,0,0,0,0,1,0,0,0
1516,0,12,0,0,0,0,0,48,2,1,7,0,9,2,10,4,54,54,49,52,242,1,0,0,3,0,0,0,0,0,13,1,0,1,0,0,0,2,13,0,0,0,0,0,2,0,1,11,0,0,0,0,0,9,0,1,0,0,0,0,0,2,2,0,0,0,0,2,0,1,1,0,0,0,0,0,0,0,1,0,0,1,0,0,0,0,0,17,221,23,0,0,0,0,163,0,0,50,4,1,0,0,0,0,0,0,45,14,0,0,0,1,0,0,1,0,1,172,0,3,0,0,0,0,0,1,0,3,0,0,27,0,0,10,2,0,14,1,0,0,0,3,0,0,3,0,18,8,0,0,1,0,0,0,0,0,0,0,2,0,0,0,0,0,0,0,0,0,0,0,0,0,0,0,0,0,11,0,0,0,0,0,0,0,13,0,0,0,0,0,1,0,0,0,0,0,0,0,1,0,0,0
1517,0,12,0,0,0,0,0,48,2,1,7,0,9,2,10,4,54,55,49,52,244,1,0,0,3,0,0,0,0,0,13,1,0,1,0,0,0,2,13,0,0,0,0,0,2,0,1,11,0,0,0,0,0,9,0,1,0,0,0,0,0,2,2,0,0,0,0,3,0,1,1,0,0,0,0,0,0,0,1,0,0,1,0,0,0,0,0,19,224,25,0,0,0,0,167,0,0,50,4,1,0,0,0,0,0,0,46,14,0,1,0,1,0,0,1,0,1,176,0,3,0,0,0,0,0,1,0,3,0,0,27,0,0,11,2,0,16,1,0,0,0,3,0,0,3,0,19,8,0,0,1,0,0,0,0,0,0,0,3,0,0,0,0,0,0,0,0,0,0,0,0,0,0,0,0,0,12,0,0,0,0,0,0,0,16,0,0,0,0,0,1,0,0,0,0,0,0,0,1,0,0,0
1518,0,12,0,0,0,0,0,49,2,1,7,0,9,2,10,4,57,57,49,52,246,1,0,0,4,0,0,0,0,0,14,1,0,1,0,1,0,2,13,0,0,0,0,0,2,0,1,11,0,0,0,0,0,9,0,1,0,0,0,0,0,2,2,0,0,0,0,3,0,1,1,0,0,0,0,0,0,0,1,0,0,1,0,0,0,0,0,20,228,27,0,0,0,0,173,0,0,50,4,1,0,0,0,0,0,0,46,15,0,1,0,1,0,0,1,0,1,184,0,3,0,0,0,0,0,2,0,3,0,0,28,0,0,11,2,0,17,1,0,0,0,3,0,0,3,0,20,8,0,0,1,0,0,0,0,0,0,0,3,0,0,0,0,0,0,0,0,0,0,0,0,0,0,0,0,0,12,0,0,0,0,0,0,0,16,0,0,0,0,0,1,0,0,0,0,0,0,0,1,0,1,0
1519,0,12,0,0,0,0,0,49,2,1,7,0,9,2,11,4,64,58,49,54,249,1,0,0,4,0,0,0,0,0,14,1,0,1,0,4,0,2,13,0,0,0,0,0,2,0,1,12,0,0,0,0,0,9,0,1,0,0,0,0,0,2,2,0,1,0,0,3,0,1,1,0,0,0,0,0,0,0,1,0,0,1,0,0,0,0,0,21,230,29,0,0,0,0,176,0,0,52,4,1,0,0,0,0,0,0,46,15,0,1,0,1,0,0,1,0,1,189,0,3,0,0,0,0,0,3,0,3,0,0,28,0,0,11,2,0,18,1,0,0,0,3,0,0,3,0,20,8,0,0,1,0,0,0,0,0,0,0,3,0,0,0,0,0,0,0,0,0,0,0,0,0,0,0,0,0,12,0,0,0,0,0,0,0,16,0,0,0,0,0,1,0,0,0,0,0,0,0,1,0,1,0
1520,0,12,0,0,0,0,0,49,2,1,7,0,9,2,11,5,85,60,51,62,254,1,0,0,4,0,2,0,0,0,14,1,0,1,0,4,0,2,13,0,0,0,0,0,2,0,1,13,0,0,0,0,0,10,0,1,0,0,0,0,0,3,2,0,1,0,0,3,0,1,1,0,0,0,0,0,0,0,2,0,0,1,0,0,0,0,0,22,234,29,0,0,0,0,183,0,0,56,4,1,0,0,0,0,0,0,46,15,0,1,0,1,0,0,1,0,1,190,0,3,0,0,0,0,0,3,0,3,0,0,28,0,0,11,2,0,18,1,0,0,0,3,1,0,3,0,20,8,0,0,1,0,0,0,0,0,0,0,3,0,0,0,0,0,0,0,0,0,0,0,0,0,0,0,0,0,12,0,0,0,0,0,0,0,16,0,0,0,0,0,1,0,0,0,0,0,0,0,1,0,1,0
1521,0,12,0,0,0,0,0,49,2,1,7,0,9,2,13,5,99,61,53,64,260,1,0,0,4,0,2,1,0,0,14,2,0,1,0,4,0,2,13,0,0,0,0,0,2,0,1,13,0,0,0,0,0,10,0,1,0,0,0,0,0,3,2,0,1,0,0,3,0,1,1,0,0,0,0,0,0,0,2,0,0,1,0,0,0,0,0,23,234,30,0,0,0,0,189,0,0,57,4,1,0,0,0,0,0,0,51,16,0,1,0,1,0,1,1,0,1,195,0,3,0,0,0,0,0,3,0,3,0,1,29,0,0,11,2,0,18,1,0,0,0,3,1,0,3,0,21,8,0,0,1,0,0,0,0,0,0,0,3,0,0,0,0,0,0,0,0,0,0,0,0,0,0,0,0,0,12,0,0,0,0,0,0,0,17,0,0,0,0,0,1,0,0,0,0,0,0,0,1,0,1,0
1522,0,12,0,0,0,0,0,49,2,1,7,0,9,2,14,5,117,62,53,65,265,1,0,0,4,0,2,1,0,0,14,2,0,1,0,4,0,2,13,0,0,0,0,0,2,0,1,13,0,0,0,0,0,10,0,1,0,0,0,0,0,3,2,0,1,0,0,3,0,1,1,0,0,1,0,0,0,0,3,0,0,2,0,0,0,0,0,25,237,31,0,0,0,0,195,0,0,58,4,1,0,0,0,0,0,0,65,16,0,1,0,1,0,1,1,0,1,199,0,3,0,0,0,0,0,3,0,4,0,1,29,0,0,13,2,0,18,1,0,0,0,3,1,0,3,0,21,8,0,0,1,0,0,0,0,0,0,0,3,0,0,0,0,0,0,0,0,0,0,0,0,0,0,0,0,0,12,0,0,0,0,0,0,0,17,0,0,0,0,0,1,0,0,0,0,0,0,0,1,0,2,0
1523,0,12,0,0,0,0,0,49,2,1,8,0,9,2,17,5,137,67,55,68,269,1,0,0,4,0,2,1,0,0,15,2,0,1,0,4,0,2,13,0,0,0,0,0,2,0,1,13,0,0,0,0,0,11,0,1,0,0,0,0,0,3,2,0,1,0,0,3,0,1,1,0,0,1,0,0,0,0,3,0,0,2,0,0,0,0,0,26,239,31,0,0,0,0,200,0,0,59,4,1,0,0,0,0,0,0,66,16,0,1,0,1,0,1,1,0,1,202,0,3,0,0,0,0,0,3,0,4,0,1,29,0,0,14,2,0,18,1,0,0,0,3,1,0,3,0,21,8,0,0,1,0,0,0,0,0,0,0,3,0,0,0,0,0,0,0,0,0,0,0,0,0,0,0,0,0,12,0,0,0,0,0,0,0,17,0,0,0,0,0,1,0,0,0,0,0,0,0,1,0,3,0
1524,0,12,0,0,0,0,0,49,2,1,8,0,9,2,17,5,148,69,55,68,273,1,0,0,4,0,2,1,0,0,16,2,0,1,0,5,0,2,14,0,0,0,0,0,2,0,1,13,0,0,0,0,0,11,1,1,0,0,0,0,0,3,2,0,1,0,0,3,1,1,1,0,0,2,0,0,0,0,3,0,0,2,0,0,0,0,0,27,245,32,0,0,0,0,202,0,0,60,4,1,0,0,0,0,0,0,68,16,0,1,0,1,0,1,1,0,1,203,0,3,0,0,0,0,0,3,0,4,0,1,30,0,0,15,2,0,18,1,0,0,0,3,1,0,3,0,21,8,0,0,1,0,0,0,0,0,0,0,3,0,0,0,0,0,0,0,0,0,0,0,0,0,0,0,0,0,14,0,0,0,0,0,0,0,17,0,0,0,0,0,1,0,0,0,0,0,0,0,1,0,3,0
1525,0,12,0,0,0,0,0,50,2,1,8,0,10,2,17,5,156,69,55,71,274,1,0,0,4,0,2,1,0,0,16,3,0,1,0,8,0,2,14,0,0,0,0,0,2,0,1,14,0,0,0,0,0,11,1,1,0,0,0,0,0,3,3,0,1,0,0,3,1,1,1,0,0,2,0,0,0,0,3,0,0,2,0,0,0,0,0,27,247,38,0,0,0,0,208,0,0,60,4,1,0,0,0,0,0,0,71,16,0,1,0,1,0,1,1,0,1,203,0,3,0,0,0,0,0,4,0,4,0,1,30,0,0,15,2,0,19,1,0,0,0,3,1,0,3,0,22,8,0,0,1,0,0,0,0,0,0,0,3,0,0,0,0,0,0,0,0,0,0,0,0,0,0,0,0,0,15,0,0,0,0,0,0,0,17,0,0,0,0,0,1,0,0,0,0,0,0,0,1,0,3,0
1526,0,12,0,0,0,0,0,50,2,1,8,0,10,2,19,5,157,73,55,71,277,1,0,0,4,0,2,1,0,0,16,3,0,1,0,8,0,2,16,0,0,0,0,0,2,0,2,14,0,0,0,0,0,11,1,1,0,0,0,0,0,4,3,0,1,0,0,3,1,1,1,0,0,2,0,0,0,0,3,0,0,2,0,0,0,0,0,29,249,43,0,0,0,0,212,0,0,62,4,1,0,0,0,0,0,0,72,16,0,1,0,1,0,1,1,0,1,203,0,3,0,0,0,0,0,4,0,4,0,1,30,0,0,15,2,0,19,1,0,0,0,3,1,0,3,0,22,8,0,0,1,0,0,0,0,0,0,0,3,0,0,0,0,0,0,0,0,0,0,0,0,0,0,0,0,0,15,0,0,0,0,0,0,0,17,0,0,0,0,0,1,0,0,0,0,0,0,0,1,0,4,0
1527,1,12,0,0,0,0,0,50,2,1,8,0,10,2,19,5,161,74,55,73,282,1,0,0,5,0,2,1,0,0,18,4,0,1,0,9,0,2,17,0,0,0,0,0,2,0,2,14,0,0,0,0,0,11,1,1,0,0,0,0,0,4,3,0,1,0,0,3,1,1,1,0,0,2,0,0,0,0,3,0,0,2,0,0,0,0,0,29,252,45,0,0,0,0,218,0,0,62,4,1,0,0,0,0,0,0,73,16,0,1,0,1,0,1,1,0,1,206,0,3,0,0,0,0,0,4,0,4,0,1,31,0,0,16,2,0,19,1,0,0,0,3,1,0,3,0,25,8,0,0,1,0,0,0,0,0,0,0,3,0,0,0,0,0,0,0,0,0,0,0,0,0,0,0,0,0,15,0,0,0,0,0,0,0,17,0,0,0,0,0,1,0,0,0,0,0,0,0,1,0,4,0
1528,1,12,0,0,0,0,0,50,2,1,8,0,10,2,19,5,169,77,55,74,285,1,0,0,5,0,2,1,0,0,18,5,0,1,0,11,0,2,17,0,0,0,0,0,2,0,2,14,0,0,0,0,0,11,1,1,0,0,0,0,0,4,3,0,1,0,0,3,1,1,1,0,0,2,0,0,0,0,3,0,0,2,0,0,0,0,0,30,252,48,0,0,0,0,220,0,0,62,4,1,0,0,0,0,0,0,73,16,0,1,0,1,0,1,1,0,1,208,0,3,0,0,1,0,0,4,0,4,0,1,31,0,0,16,2,0,19,1,0,0,0,3,1,0,3,0,27,8,0,0,1,0,0,0,0,0,0,0,3,0,0,0,0,0,0,0,0,0,0,0,0,0,0,0,0,0,15,0,0,0,0,0,0,0,18,0,0,0,0,0,1,0,0,0,0,0,0,0,1,0,4,0
1529,1,12,0,0,0,0,0,50,2,1,8,0,10,2,19,5,173,77,55,74,286,1,0,0,5,0,2,1,0,0,18,6,0,1,0,12,0,2,17,0,0,0,0,0,2,0,3,14,0,0,0,0,0,11,1,1,0,0,0,0,0,4,3,0,1,0,0,4,1,2,1,0,0,2,0,0,0,0,3,0,0,2,0,0,0,0,0,30,254,50,0,0,0,0,222,0,0,64,4,1,0,0,0,0,0,0,80,16,0,1,0,1,0,1,2,0,1,212,0,3,0,0,1,0,0,4,0,4,0,1,32,0,0,16,2,0,19,1,0,0,0,3,1,0,3,0,27,8,0,0,1,0,0,0,0,0,0,0,3,0,0,0,0,0,0,0,0,0,0,0,0,0,0,0,0,0,15,0,0,0,0,0,0,0,19,0,0,0,0,0,1,0,0,0,0,0,0,0,1,0,4,0
1530,1,12,0,0,0,0,0,50,2,1,8,0,11,2,19,5,176,81,55,74,286,1,0,0,5,0,2,1,0,0,19,6,0,1,0,13,0,2,17,0,0,0,0,0,2,0,3,14,0,0,0,0,0,11,1,1,0,0,0,0,0,4,3,0,1,0,0,4,1,2,1,0,0,3,0,0,0,0,3,0,0,3,0,0,0,0,0,30,258,55,0,0,0,0,228,0,0,64,5,1,0,0,0,0,0,0,80,16,0,1,0,1,0,2,2,0,1,216,0,4,0,0,1,0,0,4,0,4,0,1,32,0,0,17,2,0,19,1,0,0,0,3,2,0,3,0,27,8,0,0,1,0,0,0,0,0,0,0,4,0,0,0,0,0,0,0,0,0,0,0,0,0,0,0,0,0,17,0,0,0,0,0,0,0,21,0,0,0,0,0,1,0,0,0,0,0,0,0,1,0,4,0
1531,1,12,0,0,0,0,0,50,2,1,8,0,11,2,19,5,181,84,56,74,288,1,0,0,5,0,2,1,0,0,19,6,0,1,0,14,0,2,17,0,0,0,0,0,2,0,4,14,0,0,0,0,0,11,1,1,0,0,0,0,0,4,3,0,1,0,0,4,1,2,1,0,0,3,0,0,2,0,3,0,0,3,0,0,0,0,0,31,260,61,0,0,0,0,229,0,0,65,5,1,0,0,0,0,0,0,82,17,0,1,0,1,0,2,2,0,1,222,0,4,0,0,1,0,0,5,0,4,0,1,32,0,0,17,2,0,20,1,0,0,0,3,2,0,3,0,28,8,0,0,1,0,0,0,0,0,0,0,4,0,0,0,0,0,0,0,0,0,0,0,0,0,0,0,0,0,17,0,0,0,0,0,0,0,21,0,0,0,0,0,1,0,0,0,0,0,0,0,1,0,4,0
1532,1,12,2,0,0,0,0,51,2,1,8,0,12,2,19,5,188,85,56,75,289,1,0,0,5,0,2,1,0,0,19,6,0,1,0,14,1,2,17,0,0,0,0,0,2,0,4,14,0,0,0,0,0,11,1,1,0,0,0,0,0,4,3,0,1,0,0,4,1,2,1,0,0,3,0,0,2,0,3,0,0,3,0,0,0,0,0,31,261,63,0,0,0,0,235,0,0,65,5,1,0,0,0,0,0,0,82,20,0,1,0,1,0,2,2,0,1,226,0,4,0,0,1,0,0,5,0,4,0,1,33,0,0,17,2,1,20,1,0,0,0,4,2,0,3,0,28,8,0,0,1,0,0,0,0,0,0,0,4,0,0,0,0,0,0,0,0,0,0,0,0,0,0,0,0,0,18,0,0,0,0,0,0,0,22,0,0,0,0,0,1,0,0,0,0,0,0,0,1,0,4,0
1533,1,12,2,0,0,0,0,51,2,1,9,0,12,2,19,5,191,86,56,75,297,1,0,0,5,0,2,1,0,0,21,7,0,1,0,14,1,2,18,0,0,0,0,0,2,0,4,14,0,0,0,0,0,11,3,1,0,0,0,0,0,4,3,0,1,0,0,4,1,2,1,0,0,3,0,0,2,0,3,0,0,3,0,0,0,0,0,31,262,71,0,0,0,0,243,0,0,65,6,1,0,0,0,0,0,0,83,22,0,1,0,1,0,2,2,0,1,233,0,4,0,0,1,0,0,5,0,4,0,1,33,0,0,17,2,3,21,2,0,0,0,4,2,0,3,0,30,8,0,0,1,0,0,0,0,0,0,0,4,0,0,0,0,0,0,0,0,0,0,0,0,0,0,0,0,0,19,0,0,0,0,0,0,0,22,0,0,0,0,0,1,0,0,0,0,0,0,0,1,0,4,0
1534,1,12,2,0,0,0,0,51,2,1,9,0,12,2,19,5,198,87,57,75,298,1,0,0,5,0,2,1,0,0,22,7,0,1,0,14,1,2,19,0,0,0,0,0,2,0,4,14,0,0,0,0,0,12,4,1,0,0,0,0,0,4,3,0,1,0,0,4,1,2,1,0,0,3,0,0,2,0,3,0,0,3,0,0,0,0,0,31,264,72,0,0,0,0,254,0,0,66,6,1,0,0,0,0,0,0,85,22,0,1,0,1,0,2,2,0,1,241,0,4,0,0,1,0,0,5,0,5,0,1,34,0,0,17,2,4,21,2,0,0,0,4,2,0,3,0,31,8,0,1,1,0,0,0,0,0,0,0,4,0,0,0,0,0,0,0,0,0,0,0,0,0,0,0,0,0,19,0,0,0,0,0,0,0,24,0,0,0,0,0,1,0,0,0,0,0,0,0,1,0,4,0
1535,1,12,2,0,0,0,0,51,2,1,9,0,12,2,20,5,201,87,57,75,300,1,0,0,5,0,2,1,0,0,23,8,0,1,0,16,1,2,22,0,0,0,0,0,2,0,4,14,0,0,0,0,0,13,5,1,0,0,0,0,0,4,3,0,1,0,0,4,1,2,1,0,0,3,0,0,2,0,3,0,0,3,0,0,0,0,0,34,267,73,0,0,0,0,265,0,0,67,6,1,0,0,0,0,0,0,89,23,1,1,0,1,0,2,2,0,1,244,0,4,0,0,1,0,0,5,0,5,0,1,34,0,0,18,2,4,23,3,0,0,0,4,2,0,3,0,31,8,0,1,2,0,0,0,0,0,0,0,4,0,0,0,0,0,0,0,0,0,0,0,0,0,0,0,0,0,19,0,0,0,0,0,0,0,24,0,0,0,0,0,1,0,0,0,0,0,0,0,1,0,5,0
1536,1,12,2,0,0,0,0,51,2,1,9,0,13,2,20,5,202,88,58,75,307,2,0,0,5,0,2,1,0,0,23,8,0,1,0,16,1,2,23,0,0,0,0,0,3,0,4,15,0,0,0,0,0,13,5,1,0,0,0,0,0,7,3,0,1,0,0,4,1,2,1,0,0,3,0,0,2,0,3,0,0,3,0,0,0,0,0,35,270,74,0,0,0,0,283,0,0,67,6,1,0,0,0,0,0,0,92,23,1,1,0,1,0,2,2,0,1,252,0,4,0,0,1,0,0,6,0,5,0,1,36,0,0,18,2,4,23,3,0,0,0,4,2,0,3,0,31,8,0,1,2,0,0,0,0,0,0,0,4,0,0,0,0,1,0,0,0,0,0,0,1,0,0,0,0,0,19,0,0,0,0,1,0,0,24,0,0,0,0,0,1,0,0,0,0,0,0,0,1,0,5,0
1537,1,12,2,0,0,0,0,51,2,1,9,0,13,2,21,5,205,90,60,75,310,2,0,0,5,0,2,1,0,0,23,8,0,1,0,17,1,2,25,0,0,0,0,0,3,0,5,15,0,0,0,0,0,13,6,1,0,0,0,0,0,8,3,0,1,0,0,4,1,2,1,0,0,3,0,0,2,0,3,0,0,3,0,0,0,0,0,37,272,74,0,0,0,0,295,0,0,67,6,1,0,0,0,0,0,0,100,23,1,1,0,1,0,2,2,0,1,259,0,4,0,0,1,0,0,6,0,6,0,1,36,0,0,19,2,4,24,3,0,0,0,4,2,0,3,0,33,8,0,1,2,0,0,0,0,0,0,0,4,0,0,0,0,1,0,0,0,0,0,0,1,0,0,0,0,0,20,0,0,0,0,1,0,0,24,0,0,0,0,0,1,0,0,0,0,0,0,0,1,1,5,0
1538,1,12,2,0,0,0,0,52,2,1,9,0,13,2,21,5,213,91,63,75,314,2,0,0,5,0,2,1,0,0,23,9,0,1,0,17,1,2,25,0,0,0,0,0,3,0,5,15,0,0,0,0,0,14,6,1,0,0,0,0,0,8,3,0,1,0,0,4,1,2,1,0,0,3,0,0,2,0,3,0,0,3,0,0,0,0,0,38,275,78,0,0,0,0,309,0,1,68,6,1,0,0,0,0,0,0,104,23,1,1,0,2,0,2,2,0,1,268,0,5,0,0,1,0,0,6,0,6,0,1,37,0,0,19,2,4,24,3,0,0,0,4,2,0,3,0,33,8,0,1,2,0,0,0,0,0,0,0,4,0,0,0,0,2,0,0,0,0,0,0,1,0,0,0,0,0,21,0,0,0,0,1,0,0,24,0,0,0,0,0,1,0,0,0,0,0,0,0,1,1,5,0
1539,1,12,2,0,0,0,0,54,2,1,9,0,13,2,21,5,219,96,68,75,316,2,0,0,5,0,2,1,0,0,23,9,0,1,0,18,1,3,25,0,0,0,0,0,3,0,5,15,0,0,0,0,0,14,6,1,0,0,0,0,0,8,3,0,1,0,0,4,1,2,1,0,0,3,0,0,2,0,3,0,0,3,0,0,0,0,0,40,276,81,0,0,0,0,321,0,1,72,6,1,0,0,0,0,0,0,104,24,1,1,0,2,0,2,2,0,1,274,0,5,0,0,1,0,0,7,0,7,0,2,37,0,0,19,2,4,25,3,0,0,1,4,2,0,3,0,35,9,0,1,2,0,0,0,0,0,0,0,4,0,0,0,0,2,0,0,0,0,0,0,1,0,0,0,0,0,21,0,0,0,0,1,0,0,24,0,0,0,0,0,1,0,0,0,0,0,0,0,1,1,5,0
1540,1,12,2,0,0,0,0,55,2,1,9,0,13,2,22,5,219,99,69,75,317,2,0,0,5,0,2,1,0,0,23,9,0,1,0,18,1,3,25,0,0,0,0,0,3,0,5,15,0,0,0,0,0,15,6,1,0,0,0,0,0,8,3,0,2,0,0,4,1,2,1,0,0,3,0,0,2,0,3,0,0,3,0,0,0,0,0,40,278,85,0,0,0,0,334,0,1,73,6,1,0,0,0,0,0,0,110,24,1,1,0,2,0,3,2,0,1,286,0,5,0,0,1,0,0,7,0,7,0,3,37,0,0,19,2,4,26,3,0,0,1,4,2,0,3,0,36,9,0,1,2,0,0,0,0,0,0,0,4,0,0,0,0,2,0,0,0,0,0,0,1,0,0,0,0,0,22,0,0,0,1,1,0,0,24,0,0,0,0,0,1,0,0,0,0,0,0,0,1,1,5,0
1541,1,12,2,0,0,0,0,57,2,1,9,0,13,2,22,5,223,101,71,75,318,2,0,0,6,0,2,1,0,0,23,9,0,1,0,18,1,3,26,0,0,0,0,0,3,0,6,15,0,0,0,0,0,16,6,1,0,0,0,0,0,8,3,0,2,0,0,4,1,3,1,0,0,3,0,0,2,0,6,0,0,4,0,0,0,0,0,43,280,92,0,0,0,0,354,0,1,73,6,1,0,0,0,0,0,0,116,24,1,1,0,2,0,3,2,0,1,295,0,5,0,0,1,0,0,8,0,7,0,3,37,0,0,19,2,4,26,3,0,0,1,4,2,0,3,0,37,10,0,1,2,0,0,0,0,0,0,0,4,0,0,0,0,2,0,0,0,0,0,0,1,0,0,0,0,0,22,0,0,0,1,1,0,0,26,0,0,0,0,0,1,0,0,0,0,0,0,0,1,1,5,0
1542,1,12,2,0,0,0,0,59,2,1,9,0,13,3,22,6,226,107,72,75,319,2,0,0,6,0,2,1,0,0,23,9,0,1,0,18,1,3,27,0,0,0,0,0,3,0,6,15,0,0,0,0,0,17,6,1,0,0,0,0,0,8,3,0,2,0,0,4,1,3,1,0,0,3,0,0,2,0,6,0,0,4,0,0,0,0,0,45,283,94,0,0,0,0,377,0,1,74,6,1,0,0,0,0,0,0,120,24,1,1,0,2,0,3,2,0,1,302,0,5,0,0,1,0,0,11,0,7,0,3,38,1,0,19,2,5,26,3,0,0,1,5,2,0,3,0,41,10,0,1,2,0,0,0,0,0,0,0,4,0,0,0,0,2,0,0,0,0,0,0,1,0,0,0,0,0,22,0,0,0,1,1,0,0,26,0,0,0,0,0,1,0,0,0,0,0,0,0,1,1,5,0
1543,1,12,2,0,0,0,0,59,2,1,9,0,13,3,22,6,229,109,73,77,321,2,0,0,6,0,2,1,0,0,23,9,0,1,0,18,1,4,27,0,0,0,0,0,3,0,6,15,0,0,0,0,0,18,6,1,0,0,0,0,0,8,3,0,2,0,0,4,1,3,1,0,0,3,0,0,2,0,7,0,0,4,0,0,0,0,0,46,286,97,0,0,0,0,393,0,1,75,6,1,0,0,0,0,0,0,121,24,1,1,0,2,0,4,2,0,1,309,0,6,0,0,1,0,0,11,0,7,0,3,38,1,0,19,2,5,27,3,0,0,1,5,2,3,3,0,41,10,0,1,2,0,0,0,0,0,0,0,4,0,0,0,0,2,0,0,0,0,0,0,1,0,0,0,0,0,22,0,0,0,1,1,0,0,26,0,0,0,0,0,1,0,0,0,0,0,0,0,1,1,5,0
1544,2,12,2,0,0,0,0,59,2,1,9,0,13,3,25,6,233,111,73,77,321,2,0,0,6,0,2,1,0,0,24,9,0,1,0,18,1,4,31,0,0,0,0,0,3,0,6,16,0,0,0,0,0,18,7,1,0,0,0,0,0,8,3,0,2,0,0,5,1,3,1,0,0,3,0,0,2,0,8,0,0,4,0,0,0,0,0,49,293,99,0,0,0,0,407,0,1,76,6,1,0,0,0,0,0,0,122,24,1,1,0,2,0,4,2,0,1,313,0,6,0,0,1,0,0,11,0,7,0,3,39,1,0,19,3,6,27,3,0,0,1,5,2,3,3,0,41,10,0,1,3,0,0,0,0,0,0,0,4,0,0,0,0,2,0,0,0,0,0,0,1,0,0,0,0,0,23,0,0,0,1,1,0,0,26,0,0,0,0,0,1,0,0,0,0,0,0,0,1,1,5,0
1545,2,12,2,0,0,0,0,59,2,1,9,0,13,4,31,6,234,111,73,77,326,2,0,0,6,0,2,1,0,0,25,9,0,1,0,18,1,4,31,0,0,0,0,0,3,0,6,16,0,0,0,0,0,19,7,1,0,0,0,0,0,8,3,0,2,0,0,6,1,3,1,0,0,3,0,0,2,0,8,0,0,4,0,0,0,0,0,52,297,103,0,0,0,0,423,0,1,76,6,1,0,0,0,0,0,0,124,24,1,1,0,2,0,6,2,0,1,317,0,6,0,0,1,0,0,11,0,7,0,4,40,2,0,19,3,7,28,3,0,0,1,5,2,5,3,0,42,10,0,1,3,0,0,1,0,0,0,0,5,0,0,0,0,2,0,0,0,0,0,0,1,0,0,0,0,0,23,0,0,0,1,1,0,0,28,0,0,0,0,0,1,0,0,0,0,0,0,0,1,1,7,0
1546,2,12,2,0,0,0,0,61,2,1,10,0,13,4,37,6,249,114,76,79,327,3,0,0,6,0,2,1,0,0,25,9,0,1,1,19,1,4,31,0,0,0,0,0,3,0,7,16,0,0,0,0,0,20,7,1,0,0,0,0,0,8,3,0,2,0,0,6,1,3,1,0,0,3,0,0,2,0,8,0,0,4,0,0,0,0,0,53,300,111,0,1,0,0,445,0,1,77,6,1,0,0,0,0,0,0,128,24,1,1,0,2,0,6,2,0,1,324,0,6,0,0,1,0,0,11,0,7,0,4,43,2,0,19,3,7,28,3,0,0,1,5,2,6,3,0,42,10,0,1,3,0,0,1,0,0,0,0,5,0,0,0,0,2,0,0,0,0,0,0,1,0,0,0,0,0,23,0,0,0,1,1,0,0,28,0,0,0,0,0,1,0,0,0,0,0,0,0,1,1,7,0
1547,2,12,2,0,0,0,0,62,2,1,10,0,13,4,38,6,253,118,77,79,328,3,0,0,6,0,2,1,0,0,25,9,0,1,1,21,1,4,31,0,0,0,0,0,3,0,7,16,0,0,0,0,0,20,7,1,0,0,0,0,0,8,3,0,2,0,0,6,1,3,1,0,0,3,0,0,2,0,9,0,0,4,0,0,0,0,0,53,302,115,0,1,0,0,456,0,1,78,6,1,0,0,0,0,0,0,129,24,1,1,0,2,0,6,2,0,1,333,0,6,0,0,1,0,0,11,0,7,0,4,43,2,0,19,4,7,28,3,0,0,1,6,2,6,3,0,42,10,0,1,4,0,0,1,0,0,0,0,5,0,0,0,0,2,0,0,0,0,0,0,1,0,0,0,0,0,24,0,0,0,1,1,0,0,28,0,0,0,0,0,1,0,0,0,0,0,0,0,1,1,7,0
1548,2,12,2,0,0,0,0,62,2,1,11,0,13,4,38,6,255,119,77,79,332,3,0,0,6,0,2,1,0,0,25,11,0,1,1,21,1,4,32,0,0,0,0,0,3,1,7,16,0,0,0,0,0,21,8,1,0,0,0,0,0,8,3,0,2,0,0,6,1,3,1,0,0,4,0,0,2,0,9,0,0,4,0,0,0,0,0,54,303,116,0,1,0,0,481,0,1,82,6,1,0,0,0,0,0,0,135,24,1,1,0,2,0,6,2,0,1,347,0,7,0,0,1,0,0,11,0,7,0,6,44,2,0,19,4,7,29,4,1,0,1,6,2,6,3,0,42,10,0,1,4,0,0,1,0,0,0,0,5,0,0,0,0,3,0,0,0,0,0,0,1,0,0,0,0,0,24,0,0,0,1,1,0,0,28,0,0,0,0,0,1,0,0,0,0,0,0,0,1,1,9,0
1549,2,12,2,0,0,0,0,63,2,1,11,0,13,4,38,6,260,122,77,81,334,3,0,0,6,0,2,1,0,0,26,11,0,1,2,21,1,4,36,0,0,0,0,0,3,1,7,17,0,0,0,0,0,22,8,1,0,0,0,0,0,8,3,0,2,0,0,6,1,3,1,0,0,4,0,0,2,0,10,0,0,4,0,0,0,0,0,59,306,116,0,1,0,0,494,0,1,83,6,1,0,0,0,0,0,0,136,24,1,1,0,2,0,6,2,0,1,352,0,8,0,0,1,0,0,11,0,7,0,7,47,2,0,19,4,7,30,4,1,0,1,6,2,6,3,0,45,10,0,1,4,0,0,1,0,0,0,0,5,0,0,0,0,3,0,0,0,0,0,0,1,0,0,0,0,0,24,0,0,0,1,1,0,0,29,0,0,0,0,0,1,0,0,0,0,0,0,0,2,1,10,0
1550,2,12,2,0,0,0,0,65,2,1,11,0,13,4,40,7,264,127,77,84,337,3,0,0,6,0,2,1,0,0,27,12,0,1,2,21,1,5,37,0,0,0,1,0,3,1,7,17,0,0,0,0,0,23,8,1,0,0,0,0,0,8,3,0,2,0,0,9,2,4,1,0,1,4,0,0,2,0,11,0,0,4,0,0,0,0,0,60,309,118,0,1,0,0,518,0,1,87,6,1,0,0,0,0,0,0,144,25,1,1,0,2,0,7,2,0,1,359,0,8,0,0,1,0,0,11,0,7,0,7,47,3,0,19,4,7,30,6,1,0,1,6,2,6,3,0,47,11,0,1,4,0,0,1,0,0,0,0,5,0,0,0,0,3,0,0,0,0,0,0,1,0,0,0,0,0,26,0,0,0,1,1,0,0,29,0,0,0,0,0,1,0,0,0,0,0,0,0,2,1,12,0
1551,2,12,2,0,0,0,0,67,2,1,11,0,13,4,40,7,266,131,78,85,340,3,0,0,6,0,2,1,0,0,28,12,0,1,2,21,1,5,38,0,0,0,1,0,3,1,7,17,0,0,0,0,0,23,10,1,0,0,0,0,0,8,3,0,2,0,0,10,2,5,1,0,1,5,0,0,2,0,12,0,0,5,0,0,0,0,0,63,312,120,0,1,0,0,550,0,1,90,6,1,0,0,0,0,0,0,148,26,2,1,0,2,0,8,2,0,1,375,0,10,0,0,1,0,0,11,0,7,0,7,49,3,0,19,4,10,30,6,1,0,1,7,2,6,3,0,47,12,0,1,4,0,0,2,0,0,0,0,5,0,0,0,0,3,0,0,0,0,0,0,1,0,0,0,0,0,26,0,0,0,1,1,0,0,29,0,0,0,0,0,1,0,0,0,0,0,0,0,2,1,12,0
1552,2,13,2,0,0,0,0,67,2,2,11,0,13,4,41,7,270,134,78,85,343,3,0,0,6,0,2,1,0,1,29,12,0,1,2,22,1,5,40,0,0,0,1,0,4,1,7,17,0,0,0,0,0,24,10,1,0,0,0,0,0,8,3,0,2,0,0,10,2,5,1,0,1,5,0,0,3,0,12,0,0,5,0,0,0,0,0,63,313,122,0,1,0,0,571,0,1,93,6,1,0,0,0,0,0,0,154,27,4,1,0,2,0,9,2,0,1,379,0,10,0,0,1,0,0,11,0,7,0,7,53,3,0,19,4,10,30,6,1,0,1,7,2,6,3,0,49,12,0,2,4,0,0,2,0,0,0,0,5,0,0,0,0,3,0,0,0,0,0,0,1,0,0,0,0,0,26,0,0,0,1,1,0,0,29,0,0,0,0,0,1,0,0,0,0,0,0,0,2,1,12,0
1553,2,13,2,0,0,0,0,67,2,2,11,0,13,4,42,7,271,137,78,85,345,3,0,0,6,2,2,2,0,1,29,12,0,1,2,22,1,6,41,0,0,0,2,0,4,1,7,17,0,0,0,0,0,24,10,1,0,0,0,0,0,8,3,0,2,0,0,11,2,5,1,0,1,5,0,0,3,0,12,0,0,5,0,0,0,0,0,64,318,124,0,1,0,0,580,0,1,97,6,1,0,0,0,0,0,0,156,27,4,1,0,2,0,9,2,0,1,387,0,10,0,0,1,0,0,11,0,7,0,7,53,3,0,20,4,11,33,6,1,0,1,7,2,6,3,0,53,13,0,2,4,0,0,2,0,0,0,0,5,0,0,0,0,3,0,0,0,0,0,0,1,0,0,0,0,0,26,0,0,0,1,1,0,0,29,0,0,0,0,0,1,0,0,0,0,0,0,0,2,1,12,0
1554,2,13,2,0,0,0,0,67,2,2,11,0,13,4,43,7,271,137,78,87,350,3,0,0,6,2,2,2,0,1,30,12,0,1,3,22,1,6,42,0,0,0,2,0,4,1,7,18,0,0,0,0,0,25,10,2,0,0,0,0,0,8,3,0,2,0,0,11,2,5,1,0,1,6,0,0,3,0,13,0,0,5,0,0,0,0,0,66,325,125,0,1,0,0,591,0,1,98,6,1,0,0,0,0,0,0,157,27,4,1,0,2,0,10,2,0,1,397,0,10,0,0,1,0,0,11,0,7,0,7,60,3,0,20,4,11,34,6,1,0,1,7,3,6,3,0,53,14,0,2,4,0,0,2,0,0,0,0,5,0,0,0,0,3,0,0,0,0,0,0,1,0,0,0,0,0,26,0,0,0,1,1,0,0,29,0,0,0,0,0,1,0,0,0,0,0,0,0,3,1,12,0
1555,2,13,2,0,0,0,0,68,2,2,11,0,13,4,45,7,274,138,78,87,354,3,0,0,6,2,2,2,0,1,30,12,0,1,5,22,2,6,43,0,0,0,2,0,4,1,7,18,0,0,0,0,0,25,10,2,0,0,0,0,0,8,3,0,2,0,0,12,2,5,1,0,1,6,0,0,4,0,13,0,0,5,0,0,0,0,0,67,328,128,0,1,0,0,609,0,1,100,6,1,0,0,0,0,0,0,159,27,4,1,0,2,0,11,2,0,1,405,0,10,0,0,1,0,0,11,0,7,0,7,61,4,0,20,4,11,34,6,1,0,1,7,3,6,3,0,53,14,0,2,4,0,0,2,0,0,0,1,5,0,0,0,0,3,0,0,0,0,0,0,1,0,0,0,0,0,26,0,0,0,1,1,0,0,29,0,0,0,0,0,1,0,0,0,0,0,0,0,3,1,13,0
1556,2,13,2,0,0,0,0,69,2,2,11,0,13,4,48,7,276,138,78,87,358,3,0,0,6,2,2,3,0,1,30,12,0,1,5,22,2,6,44,0,0,0,2,0,4,1,7,21,0,0,0,0,0,26,11,2,0,0,0,0,0,10,3,0,2,0,0,13,2,5,1,0,1,6,0,0,4,0,14,0,0,5,0,0,0,0,0,68,330,134,0,1,0,0,628,0,2,102,6,1,0,0,0,0,0,0,163,27,5,1,0,3,0,12,2,0,1,414,0,12,0,0,1,0,0,12,0,7,0,8,61,4,0,20,4,12,35,6,1,0,1,7,3,6,3,0,54,14,0,2,4,0,0,2,0,0,0,1,5,0,0,0,0,3,0,0,0,0,0,0,1,0,0,0,0,0,26,0,0,0,1,1,0,0,29,0,0,0,0,0,1,0,0,0,0,0,0,0,3,1,13,0
1557,2,13,2,0,0,0,0,70,2,2,11,0,14,4,50,7,278,139,80,87,359,3,0,0,6,3,2,3,0,1,30,12,0,1,5,22,2,6,44,0,0,0,2,0,4,1,7,23,0,0,0,0,0,26,11,2,0,0,0,0,1,10,3,0,2,0,0,13,2,5,1,0,1,6,0,0,4,0,15,0,0,5,0,0,0,0,0,71,334,138,0,1,0,0,651,0,2,103,6,1,0,0,0,0,0,0,164,27,5,2,0,3,0,12,2,0,1,419,0,13,0,0,1,0,0,13,0,7,0,8,62,6,0,20,5,13,35,8,1,0,1,7,3,6,3,0,55,15,0,2,4,0,0,2,0,0,0,1,5,0,0,0,0,3,0,0,0,0,0,0,1,0,0,0,0,0,26,0,0,0,1,1,0,0,29,0,0,0,0,0,1,0,0,0,0,0,0,0,3,1,14,0
1558,2,13,2,0,0,0,0,70,2,2,11,0,14,4,54,7,278,143,80,87,361,3,0,0,6,3,2,3,0,1,30,12,0,1,5,22,2,7,44,0,0,0,2,0,4,1,7,24,0,0,0,0,0,26,11,2,0,0,0,0,1,11,3,0,2,0,0,13,2,5,1,0,1,6,0,0,4,0,16,0,0,6,0,0,0,0,0,72,337,138,0,1,0,0,669,0,2,103,6,1,0,0,1,0,0,0,164,27,5,3,0,3,0,12,2,0,1,424,0,13,0,0,1,0,0,14,0,7,0,9,66,6,0,20,5,14,35,8,1,0,1,7,3,6,3,0,56,16,0,2,4,0,0,2,0,0,0,1,5,0,0,0,0,3,0,0,0,0,0,0,1,0,0,0,0,0,26,0,0,0,1,1,0,0,30,0,0,0,0,0,1,0,0,0,0,0,0,0,3,1,14,0
1559,2,13,2,0,0,0,0,70,2,2,11,0,15,5,59,7,279,147,80,87,367,3,0,0,6,3,2,4,0,1,31,13,0,1,5,22,2,7,46,0,0,0,2,0,4,1,7,24,0,0,0,0,0,26,12,2,0,0,0,0,1,11,3,0,2,0,0,13,2,5,1,0,1,6,0,0,4,0,17,0,0,6,0,0,0,0,0,74,342,142,0,1,0,0,680,0,2,104,6,1,0,0,1,0,0,0,164,27,5,3,0,3,0,12,2,0,1,432,0,13,0,0,1,0,0,14,0,7,0,10,66,6,0,20,5,15,35,8,1,0,1,7,3,6,3,0,56,16,0,2,4,0,0,2,0,0,0,1,6,0,0,0,0,3,0,0,0,0,0,0,1,0,0,0,0,0,26,0,0,0,1,1,0,0,30,0,0,0,0,0,1,0,0,0,0,0,0,0,3,1,14,0
1560,2,13,2,0,0,0,0,70,2,2,11,0,17,5,60,7,279,151,81,87,372,3,0,0,6,3,2,4,0,1,31,13,0,1,5,23,2,7,46,0,0,0,2,0,5,1,7,24,0,0,0,0,0,26,12,2,0,0,0,0,1,11,3,0,2,0,0,13,2,5,1,0,1,7,0,0,4,0,17,0,0,6,0,0,0,0,0,76,347,147,0,1,0,0,698,0,2,105,6,1,0,0,1,0,0,0,167,27,5,4,0,4,0,12,2,0,1,436,0,13,0,0,1,0,0,14,0,7,0,12,66,6,0,20,5,15,36,8,1,0,1,7,3,6,3,0,56,16,0,2,4,0,0,2,0,0,0,1,7,0,0,0,0,3,0,0,0,0,0,0,1,0,0,0,0,0,26,0,0,0,1,1,0,0,32,0,0,0,0,0,1,0,0,0,0,0,0,0,3,1,14,0
1561,2,14,2,0,0,0,0,71,2,2,11,0,18,5,61,7,280,152,82,88,376,3,0,0,6,3,2,4,0,1,33,15,0,1,5,23,2,7,47,0,0,0,3,0,5,1,7,24,0,0,0,0,0,27,12,2,0,0,0,0,1,11,3,0,2,0,0,13,2,5,1,0,1,7,0,0,4,0,20,0,0,6,0,0,0,0,0,79,349,148,0,1,0,0,707,0,2,107,6,1,0,0,1,0,0,0,168,27,5,4,0,4,0,12,2,0,1,440,0,13,0,0,1,0,0,14,0,7,0,13,66,6,0,20,5,16,36,8,1,0,1,8,3,6,3,0,56,16,0,2,4,0,0,2,0,0,0,1,7,0,0,0,0,3,0,0,0,0,0,0,1,0,0,0,0,0,27,0,0,0,1,1,0,0,32,0,0,0,0,0,1,0,0,0,0,0,0,0,3,1,15,0
1562,2,14,2,0,0,0,0,71,2,2,11,0,19,5,62,7,283,152,82,88,376,3,0,0,6,3,2,4,0,1,34,15,0,1,5,23,2,8,50,0,0,0,3,0,5,1,7,26,0,0,0,0,0,28,12,2,0,0,0,0,1,11,3,0,2,0,0,13,2,5,1,0,1,7,0,0,4,0,20,0,0,6,0,0,0,0,0,80,351,148,0,1,0,0,725,0,2,110,6,1,0,0,2,0,0,0,172,28,5,4,0,4,0,12,2,0,1,441,0,14,0,0,1,0,0,14,0,7,0,13,68,6,0,20,5,16,36,8,2,0,1,9,3,6,3,0,56,16,0,3,4,0,0,2,0,0,0,1,9,0,0,0,0,3,0,0,0,0,0,0,1,0,0,0,0,0,27,0,0,0,1,1,0,0,33,0,0,0,0,0,1,0,0,0,0,0,0,0,3,1,15,0
1563,2,14,2,0,0,0,0,71,2,2,11,0,19,6,62,7,284,154,82,88,380,3,0,0,6,3,2,4,0,1,34,16,0,1,6,23,2,8,51,0,0,0,3,0,5,1,7,27,0,0,0,0,0,28,12,2,0,0,0,0,1,11,3,0,2,0,0,13,2,5,1,0,1,7,0,0,4,0,21,0,0,6,0,0,0,1,0,82,354,148,0,1,0,0,736,0,2,111,6,1,0,0,2,0,0,0,173,30,5,4,0,4,0,12,2,0,1,444,0,14,0,0,1,0,0,15,0,7,0,15,73,6,0,20,5,16,37,8,2,0,1,9,3,6,3,0,56,16,0,3,4,0,0,2,0,0,0,1,9,0,0,0,0,3,1,0,0,0,0,0,1,0,0,0,0,0,27,0,0,0,2,1,0,0,33,0,0,0,0,0,1,0,0,0,0,0,0,0,3,1,16,0
1564,3,14,2,0,0,0,0,71,2,3,11,0,19,6,64,7,286,155,82,88,385,3,0,0,6,3,2,4,0,1,35,16,0,1,6,23,2,9,52,0,0,0,3,0,5,1,7,27,0,0,0,0,0,29,13,2,0,0,0,0,1,12,3,0,2,0,0,13,2,5,1,0,1,9,0,0,4,0,22,0,0,6,0,0,0,1,0,87,357,149,0,1,0,0,752,0,2,119,6,1,0,0,2,0,0,0,175,31,5,4,0,4,0,12,2,0,1,452,0,14,0,0,1,0,0,16,0,7,0,16,77,6,0,20,6,16,37,8,2,0,2,9,3,7,3,0,56,16,0,4,4,0,0,2,0,0,0,1,11,0,0,0,0,3,2,0,0,0,0,0,2,0,0,0,0,0,27,0,0,0,2,1,0,0,33,0,0,0,0,0,1,0,0,0,0,0,0,0,3,1,17,0
1565,3,14,2,0,0,0,0,72,2,3,11,0,19,6,69,7,288,155,83,88,391,3,0,0,6,3,2,5,1,1,36,16,0,1,6,24,2,9,54,0,0,0,3,0,5,1,7,28,0,0,0,0,0,30,13,2,0,0,0,0,1,12,3,0,2,0,0,13,2,5,1,0,1,9,0,0,4,0,22,0,0,6,0,0,0,1,0,90,359,151,0,1,0,0,763,0,2,122,6,1,0,0,2,0,0,0,178,32,5,4,0,4,0,12,2,0,2,454,0,15,0,0,1,0,0,16,0,7,0,17,81,6,0,20,6,17,37,9,2,0,2,9,3,7,3,0,58,16,0,4,4,0,0,3,0,0,0,1,11,0,0,0,0,3,2,0,1,0,0,0,3,0,0,0,0,0,27,0,0,0,2,1,0,1,33,0,0,0,0,0,1,0,0,0,0,0,0,0,3,1,17,0
1566,3,14,2,0,0,0,0,72,2,3,11,0,19,6,72,7,289,157,85,88,393,3,0,0,6,3,2,6,1,1,38,17,0,2,7,24,2,9,56,1,0,0,3,0,6,1,7,30,0,0,0,0,0,30,13,2,0,0,0,0,1,13,3,0,2,0,0,14,2,5,1,0,1,9,0,0,4,0,22,0,0,7,0,0,0,1,0,93,366,153,0,1,0,0,782,0,2,125,6,1,0,0,2,0,0,0,180,32,5,4,0,4,0,12,2,0,2,458,0,15,0,0,1,0,0,16,0,7,0,17,86,6,0,20,7,17,40,9,2,0,2,9,3,7,3,0,59,16,0,4,5,0,0,3,0,0,0,1,12,0,0,0,0,3,2,0,1,0,0,0,3,0,0,0,0,0,27,0,0,0,2,1,0,1,33,0,0,0,0,0,1,0,0,0,0,0,0,0,3,1,17,0
1567,3,14,2,0,0,0,0,73,2,3,12,0,21,6,73,7,291,157,85,88,398,3,0,0,6,3,2,6,1,1,38,17,0,2,7,25,2,9,56,1,0,0,3,1,6,1,7,31,0,0,0,0,0,30,13,2,0,0,0,0,1,13,3,0,2,0,0,14,2,5,1,0,1,9,0,0,4,0,22,0,0,7,0,0,0,1,0,99,371,162,0,1,0,0,800,0,2,126,6,1,0,0,2,0,0,0,183,32,5,4,0,4,0,12,2,0,2,461,0,15,0,0,1,0,0,16,0,7,0,20,88,6,0,20,7,17,40,9,4,0,2,9,3,7,3,0,59,16,0,4,5,0,0,3,0,0,0,1,12,0,0,0,0,3,2,0,1,0,0,0,3,0,0,0,0,0,27,0,0,0,2,1,0,1,33,0,0,0,0,0,1,0,0,0,0,0,0,0,3,1,17,0
1568,3,14,2,0,0,0,0,74,2,3,12,0,21,6,73,7,293,157,85,89,401,3,0,0,6,3,2,6,1,1,38,18,0,2,7,25,2,10,57,1,0,0,3,1,6,1,7,32,0,0,0,0,0,30,13,2,0,0,0,0,1,13,3,0,2,0,0,14,2,5,1,0,1,9,0,0,4,0,23,0,0,7,0,0,0,1,0,101,374,164,0,1,0,0,814,0,2,129,6,1,0,0,3,0,0,0,183,32,5,4,0,4,0,12,2,0,2,464,0,15,0,1,1,0,0,16,0,7,0,20,90,6,0,20,7,17,40,9,4,0,2,10,3,7,3,0,59,16,0,4,5,0,0,3,0,0,0,2,14,0,0,0,0,3,2,0,1,0,0,0,3,0,0,0,0,0,27,0,0,0,2,1,0,1,33,0,0,0,0,1,1,0,0,0,0,0,0,0,3,1,17,0
1569,3,14,2,0,0,0,0,75,2,3,12,0,21,6,74,7,294,157,85,89,404,3,0,0,6,3,2,6,1,1,38,19,0,2,7,25,2,10,57,1,0,0,3,1,6,1,7,33,0,0,0,0,0,30,13,2,0,0,0,0,1,13,3,0,2,0,0,15,3,5,1,0,1,9,0,0,4,0,23,0,0,7,0,0,0,1,0,105,378,169,0,1,0,0,829,0,2,132,6,1,0,0,3,0,0,0,183,32,5,4,0,4,0,12,2,0,2,466,0,15,0,1,1,0,0,17,0,7,0,20,91,7,0,20,7,17,41,9,4,0,2,10,3,7,3,0,59,16,0,4,5,0,0,3,0,0,0,3,15,0,0,0,0,3,2,0,1,0,0,0,3,0,0,0,0,0,27,0,0,0,3,1,0,1,33,0,0,0,0,1,1,0,0,0,0,0,0,0,3,1,17,0
1570,3,14,2,0,0,0,0,75,2,3,12,0,21,6,74,7,296,160,85,89,408,3,0,0,6,3,2,6,1,1,38,20,0,2,7,25,2,10,58,1,0,0,3,1,6,1,7,33,0,0,0,0,0,30,14,2,0,0,0,0,1,13,4,0,2,0,0,15,3,5,1,0,1,9,0,0,4,0,23,0,0,7,0,0,0,1,0,118,386,169,0,1,0,0,853,0,2,139,6,1,0,0,3,0,0,0,185,32,5,4,0,4,0,13,2,0,2,472,0,15,0,1,1,0,0,17,0,7,0,20,92,7,0,21,7,19,41,9,4,0,2,10,3,7,3,0,60,16,0,4,5,0,0,3,0,0,0,3,15,0,0,0,0,4,2,0,1,0,0,0,3,0,0,0,0,0,27,0,0,0,3,1,0,1,33,0,0,0,0,1,1,0,0,0,0,0,0,0,3,1,20,0
1571,3,14,2,0,0,0,0,75,2,3,13,0,21,6,75,7,299,163,85,90,413,3,0,0,6,3,2,6,1,1,38,23,0,2,7,25,2,10,58,1,0,0,3,1,7,1,8,33,0,0,0,0,0,30,14,2,0,0,0,0,1,13,4,0,2,0,0,15,3,5,1,0,1,9,0,0,4,0,23,0,0,7,0,0,0,1,0,121,389,170,0,1,0,0,876,0,2,143,6,1,0,0,3,0,0,0,188,32,5,4,0,4,0,13,2,0,2,477,0,15,0,1,1,0,0,17,0,7,2,20,92,7,0,21,7,19,42,9,4,0,2,11,3,7,3,0,61,17,0,4,5,0,0,3,0,0,0,3,15,0,0,0,0,4,2,0,1,0,0,0,3,0,0,0,0,0,29,0,0,0,3,1,0,1,33,0,0,0,0,1,1,0,0,0,0,0,0,0,3,1,22,0
1572,3,14,2,0,0,0,0,75,2,3,13,0,21,6,75,7,300,165,85,91,417,3,0,0,6,4,2,6,1,3,39,23,0,2,7,25,2,10,58,1,0,0,3,1,7,1,8,35,0,0,0,0,0,31,14,2,0,0,0,0,1,13,4,0,2,0,0,15,3,5,1,0,1,9,0,0,5,0,24,0,0,7,0,0,0,1,0,133,397,173,0,1,0,0,908,0,2,151,6,1,0,0,3,0,0,0,192,32,5,4,0,4,0,13,2,0,2,481,0,15,0,1,1,0,0,17,0,7,2,20,98,7,0,21,7,19,42,9,4,0,2,11,3,7,3,0,61,18,0,4,5,0,0,3,0,0,0,3,16,0,0,0,0,5,2,0,1,0,0,0,3,0,0,0,0,0,29,0,0,0,3,1,0,1,33,0,0,0,0,1,1,0,0,0,0,0,0,0,3,1,22,0
1573,4,14,2,0,0,0,0,75,2,3,14,0,21,6,76,7,301,166,86,91,422,3,0,0,6,4,2,6,1,4,39,25,0,2,9,26,2,10,58,2,0,0,4,1,7,1,9,35,0,0,0,0,0,31,14,2,0,0,0,0,1,13,4,0,2,0,0,15,3,5,1,0,1,9,0,0,5,0,24,0,0,7,0,0,0,1,0,150,404,176,0,1,0,0,942,0,2,158,6,1,0,0,3,0,0,0,224,32,5,4,0,4,0,14,2,0,2,485,0,15,0,1,2,0,0,17,0,9,2,20,99,7,0,21,7,19,44,10,4,0,2,11,3,7,3,0,61,18,0,4,5,0,0,3,0,0,0,3,16,0,0,0,0,5,2,0,1,0,0,0,3,0,0,0,0,0,29,0,0,0,4,1,0,1,33,0,0,0,0,1,1,0,0,0,0,0,0,0,3,1,22,0
1574,4,14,2,0,0,0,0,75,2,3,14,0,21,6,76,7,301,169,86,93,430,3,0,0,6,4,2,6,2,4,39,26,0,2,10,26,2,10,60,2,0,0,4,1,8,1,10,37,0,0,0,0,0,32,15,2,0,0,0,0,1,13,4,0,2,0,0,16,3,5,2,0,1,9,0,0,5,0,25,0,0,7,0,0,0,1,0,159,412,180,0,1,0,0,973,0,2,161,6,1,0,0,6,0,0,0,227,32,5,5,0,4,0,14,2,0,2,492,0,15,0,1,2,0,0,17,0,9,2,20,102,7,0,21,7,20,44,10,4,0,2,11,3,7,3,0,61,19,0,4,5,0,0,3,0,0,0,3,16,0,0,0,0,5,2,0,1,0,0,0,3,0,0,0,0,0,29,0,0,0,4,1,0,1,33,0,0,0,0,1,1,0,0,0,0,0,0,0,4,1,25,0
1575,4,14,2,0,0,0,0,76,2,3,14,0,23,6,77,7,302,170,86,93,432,3,0,0,6,4,2,6,2,5,41,26,0,2,11,26,2,10,60,2,0,0,4,1,8,1,10,38,0,0,0,0,0,32,16,2,0,0,0,0,1,13,4,0,2,0,0,16,3,5,2,0,1,9,0,0,5,0,25,0,0,7,0,0,0,1,0,171,419,183,0,1,0,0,996,0,2,167,6,1,0,0,6,0,0,0,229,32,5,5,0,4,0,14,2,0,2,501,0,15,0,1,2,0,0,17,0,9,2,21,105,8,0,21,8,20,44,10,4,0,2,11,3,7,3,0,62,21,0,4,5,0,0,3,0,0,0,3,17,0,0,0,0,5,2,0,1,0,0,0,3,0,0,0,0,0,29,0,0,0,4,1,0,1,33,0,0,0,0,1,1,0,0,0,0,0,0,0,5,1,26,0
1576,4,14,2,0,0,0,0,78,2,3,16,0,23,6,79,7,304,172,86,93,434,3,0,0,6,4,2,6,2,5,41,27,0,2,12,26,2,10,60,2,0,0,4,2,8,1,10,38,0,0,0,0,0,33,16,2,0,0,0,0,1,13,4,0,2,0,0,16,3,5,3,0,1,9,0,0,5,0,26,0,0,7,0,0,0,1,0,180,422,187,0,1,0,0,1025,0,2,170,6,1,0,0,6,0,0,0,232,32,5,5,0,5,0,14,2,0,2,505,0,15,0,1,2,0,0,17,0,9,2,22,106,9,0,21,8,20,44,10,4,0,2,12,3,7,3,0,64,21,0,5,5,0,0,3,0,0,0,3,17,0,0,0,0,5,3,0,1,0,0,0,3,0,0,0,0,0,29,0,0,0,4,1,0,1,34,0,0,0,0,1,1,0,0,0,0,0,0,0,5,1,26,0
1577,4,14,2,0,0,0,0,78,2,3,16,0,23,6,79,7,305,173,86,93,437,3,0,0,6,4,2,6,2,7,41,28,0,2,12,26,2,10,62,2,0,0,4,2,10,1,10,38,0,0,0,0,0,34,16,2,0,0,0,0,1,13,4,0,2,0,0,17,3,5,3,0,1,9,0,0,5,0,26,0,0,7,0,0,0,1,0,191,423,190,0,1,0,0,1040,0,2,179,6,1,0,0,6,0,0,0,233,32,5,5,0,5,0,14,2,0,2,511,0,15,0,1,2,0,0,17,0,9,2,22,107,9,0,21,8,21,45,10,4,0,2,12,3,7,3,0,65,22,0,5,5,0,0,3,0,0,0,3,17,0,0,0,0,5,3,0,1,0,0,0,3,0,0,0,0,0,29,0,0,0,4,1,0,1,34,0,0,0,0,1,1,0,0,0,0,0,0,0,6,1,26,0
1578,4,14,2,0,0,0,0,79,2,3,16,0,24,6,79,7,306,175,86,94,444,3,0,0,7,5,2,6,2,8,41,28,0,2,13,26,2,10,63,2,0,0,5,2,11,1,11,38,0,0,0,0,0,36,16,2,0,0,0,0,1,13,4,0,2,0,0,17,3,5,3,0,1,9,0,0,5,0,28,0,0,7,0,0,0,1,0,199,428,193,0,1,0,0,1064,0,2,182,6,1,0,0,6,0,0,0,233,32,5,5,0,5,0,14,2,0,3,515,0,16,0,1,2,0,0,19,0,9,2,22,108,10,0,21,9,21,45,10,4,0,2,13,3,7,3,0,66,22,0,5,5,0,0,3,0,0,0,3,17,0,0,0,0,5,3,0,1,0,0,0,3,0,0,0,0,0,30,0,0,0,4,1,0,1,35,0,0,0,0,1,1,0,0,0,0,0,0,0,6,1,26,0
1579,4,14,2,0,0,0,0,79,2,3,16,0,25,6,80,7,307,175,86,97,445,3,0,0,7,5,2,6,2,8,42,29,0,2,13,26,3,10,63,2,0,0,5,2,11,1,11,38,0,0,0,0,0,36,16,2,0,0,0,0,1,13,5,0,2,0,0,17,3,5,3,0,1,9,0,0,5,0,28,0,0,7,0,0,0,1,0,205,434,200,0,1,0,0,1078,0,2,187,6,1,0,0,6,0,0,0,240,32,5,5,0,5,0,14,2,0,3,521,0,16,0,1,2,0,0,19,0,9,2,22,110,10,0,21,9,22,46,10,4,0,2,13,3,7,3,0,66,22,0,5,5,0,0,3,1,0,0,3,17,0,0,0,0,5,4,0,1,0,0,0,3,0,0,0,0,0,30,0,0,0,4,1,0,1,37,0,0,0,0,2,1,0,0,0,0,0,0,0,7,1,26,0
1580,5,14,4,0,0,0,0,79,2,3,17,0,25,6,81,7,307,178,86,98,449,3,0,0,7,5,2,6,2,8,42,30,0,2,13,26,3,10,63,2,0,0,5,2,11,1,12,39,0,0,0,0,0,38,16,2,0,0,0,0,1,13,5,0,2,0,0,17,3,5,3,0,1,9,0,0,5,0,28,0,0,7,0,0,0,1,0,212,439,206,0,1,0,0,1113,0,2,188,6,1,0,0,6,0,0,0,240,33,5,5,0,5,0,14,2,0,3,526,0,16,0,1,2,0,0,19,0,9,2,22,111,11,0,21,10,22,46,10,4,0,2,13,3,7,3,0,66,22,0,5,5,0,0,3,1,0,0,3,17,0,0,0,0,5,4,0,1,0,0,0,3,0,0,0,0,0,30,0,0,0,5,1,0,1,38,0,0,0,0,2,1,0,0,0,0,0,0,0,7,1,26,0
1581,6,14,4,0,0,0,0,79,2,3,18,0,26,7,81,7,312,179,86,98,451,3,0,0,7,5,2,6,2,8,43,31,0,3,14,26,3,10,64,3,0,0,5,2,12,1,12,39,0,0,0,0,0,38,17,2,0,0,0,0,1,14,5,0,2,1,0,17,3,5,4,0,1,9,0,0,5,0,30,0,0,7,0,0,0,1,0,213,444,212,0,1,0,0,1140,0,2,192,7,1,0,0,6,0,0,0,240,33,7,5,0,5,0,14,2,0,3,532,0,16,0,1,2,0,0,19,0,9,2,23,111,11,0,21,10,22,47,10,4,0,2,15,3,7,3,0,67,23,0,5,5,0,0,3,1,0,0,3,17,0,0,0,0,5,4,0,1,0,0,0,3,0,0,0,0,0,30,0,0,0,5,1,0,1,41,0,0,0,0,2,1,0,0,0,0,0,0,0,7,1,27,0
1582,6,14,4,0,0,0,0,80,2,3,18,0,27,7,83,7,314,182,86,99,452,3,0,0,8,5,2,6,2,8,43,32,0,3,14,26,3,10,65,3,0,0,5,2,12,1,12,41,0,0,0,0,0,40,17,2,0,0,0,0,1,14,5,0,2,1,0,17,3,5,4,0,1,9,0,0,5,0,33,0,0,8,0,0,0,1,0,223,446,212,0,1,0,0,1163,0,2,196,7,1,0,0,6,0,0,0,241,33,7,5,0,5,0,14,2,0,3,535,0,17,0,1,2,0,0,19,0,9,2,23,116,11,0,21,11,22,47,12,4,0,2,15,3,7,3,0,67,23,0,5,5,0,0,3,1,0,0,3,17,0,0,0,0,5,4,0,1,0,0,0,3,0,0,0,0,0,30,0,0,0,5,1,0,1,41,0,0,0,0,2,1,0,0,0,0,0,0,0,7,1,27,0
1583,6,14,4,0,0,0,0,81,2,3,19,0,27,7,83,7,315,186,86,99,456,3,0,0,11,5,2,6,2,8,43,35,0,3,14,26,3,10,66,5,0,0,5,2,13,1,12,41,0,0,0,0,0,41,17,2,0,0,0,0,1,14,5,0,2,1,0,17,3,5,4,0,1,10,0,0,5,0,35,0,0,8,0,0,0,1,0,228,451,217,0,1,0,0,1180,0,2,198,7,1,0,0,6,0,0,0,242,33,7,5,0,5,0,14,2,0,3,539,0,17,0,1,2,0,0,19,0,9,2,24,119,11,0,21,11,23,47,12,4,0,2,16,3,7,3,0,68,23,0,5,5,0,0,3,1,0,0,3,17,0,0,0,0,5,4,0,1,0,0,0,3,0,0,0,0,0,30,1,0,0,5,1,0,1,42,0,0,0,0,2,1,0,0,0,0,0,0,0,7,1,29,0
1584,6,14,4,0,0,0,0,82,2,3,20,0,27,7,83,7,316,187,88,100,464,3,0,0,11,5,2,6,2,8,43,40,0,3,14,27,3,10,68,5,0,0,5,2,14,1,12,42,0,0,0,0,0,42,17,2,0,0,0,0,1,14,6,0,3,1,0,17,3,5,4,0,1,10,0,0,5,0,35,0,0,9,0,1,0,1,0,232,458,224,0,1,0,0,1198,0,2,207,7,1,0,0,6,0,0,0,244,33,7,6,0,5,0,14,2,0,3,542,0,18,0,1,2,0,0,19,0,9,2,24,121,11,0,21,11,23,47,12,4,0,2,16,3,7,3,0,68,23,0,5,5,0,0,3,1,0,0,3,17,0,0,0,0,5,4,0,1,0,0,0,3,0,0,0,0,0,30,1,0,0,5,1,0,1,42,0,0,0,0,2,1,0,0,0,0,0,0,0,8,1,30,0
1585,6,14,4,0,0,0,0,82,2,3,22,0,27,7,86,7,318,188,88,101,471,3,0,0,12,6,2,6,2,8,44,40,0,3,14,27,3,10,70,5,0,0,6,2,14,1,12,43,0,0,0,0,0,42,17,2,0,0,0,0,1,14,6,0,3,1,0,17,3,5,4,0,1,10,0,0,5,0,35,0,0,9,0,1,0,2,0,236,462,230,0,1,0,0,1217,0,2,215,7,1,0,0,6,0,0,0,245,33,7,6,0,5,0,14,2,0,3,546,0,18,0,1,2,0,0,20,0,9,2,27,131,11,0,21,11,23,48,12,4,0,2,16,3,7,3,0,69,23,0,5,5,0,0,4,1,0,0,3,18,0,0,0,0,5,4,0,1,0,0,0,3,0,0,0,0,0,30,1,0,0,5,1,0,1,42,0,0,0,0,2,1,0,0,0,0,0,0,0,8,1,31,0
1586,6,14,4,0,0,0,0,82,2,3,26,0,30,7,87,7,318,190,89,103,475,3,0,0,12,6,2,7,2,8,45,42,0,3,15,27,3,10,72,6,0,0,6,2,15,1,12,44,1,0,0,0,0,42,17,2,0,0,0,0,1,14,6,0,4,1,0,17,3,5,4,0,1,10,0,0,6,0,35,0,0,9,0,1,0,2,0,241,468,232,0,1,0,0,1238,0,2,217,7,1,0,0,6,0,0,0,245,34,7,6,0,5,1,15,2,0,3,548,0,18,0,1,2,0,0,20,0,9,3,29,136,12,0,21,11,23,48,12,4,0,2,16,3,7,3,0,70,25,0,6,5,0,0,4,1,0,0,3,18,0,0,0,0,5,4,0,1,0,0,0,4,0,0,0,0,0,30,1,0,0,5,1,0,1,43,0,0,0,0,2,1,0,0,0,0,0,0,0,8,1,32,0
1587,7,14,4,0,0,0,0,82,2,3,27,0,31,7,87,7,318,191,89,103,481,3,0,0,12,6,2,7,2,8,45,45,0,4,15,27,3,11,73,6,0,0,6,2,16,1,12,44,1,0,0,0,0,43,17,2,0,0,0,0,1,14,6,0,5,1,0,17,4,5,4,0,1,10,0,0,6,0,37,0,0,9,0,1,0,2,0,244,469,235,0,1,0,0,1251,0,2,223,7,1,0,0,6,0,0,0,247,34,7,6,0,5,1,15,2,0,3,558,0,18,0,1,2,0,0,20,0,10,3,29,140,14,0,21,11,24,48,12,4,0,3,16,3,7,3,0,71,25,0,6,5,0,0,4,1,0,0,3,18,0,0,0,0,5,4,0,1,0,0,0,4,0,0,0,0,0,30,1,0,0,5,1,0,1,43,0,0,0,0,2,1,0,0,0,0,0,0,0,10,1,34,0
1588,8,14,4,0,0,0,0,82,2,3,28,0,32,7,88,7,319,193,89,103,491,3,0,0,12,6,2,7,2,8,45,49,0,4,18,27,3,11,74,9,1,0,6,2,16,1,12,44,2,0,0,0,0,44,17,2,0,0,0,0,1,15,6,0,5,1,0,17,4,5,4,0,1,10,0,0,6,0,39,0,0,9,0,1,0,2,0,253,473,239,0,1,0,0,1268,0,2,224,7,1,0,0,6,0,0,0,249,34,8,6,0,5,1,15,2,0,3,565,0,18,0,1,2,0,0,20,0,10,3,29,144,14,0,21,11,25,48,12,4,0,3,16,4,7,3,0,72,25,0,6,5,0,0,4,1,0,0,3,18,0,0,0,0,5,4,0,2,0,0,0,4,0,0,0,0,0,30,2,0,0,5,1,0,1,44,0,0,0,0,2,1,0,0,0,0,0,0,0,10,1,34,0
1589,8,14,4,0,0,0,0,82,2,3,28,0,32,7,89,7,322,193,89,103,493,3,0,0,12,6,2,7,2,9,45,53,0,4,21,27,3,11,75,9,1,0,6,2,16,1,12,47,2,0,0,0,0,46,17,2,0,0,0,0,1,15,7,0,5,1,0,17,4,5,4,0,1,10,0,0,6,0,41,0,0,10,0,1,0,2,0,257,475,239,0,1,0,0,1285,0,2,228,7,1,0,0,6,0,0,0,249,34,8,6,0,5,1,15,2,0,3,570,0,18,0,1,2,0,0,20,0,11,3,30,149,15,0,21,11,27,49,12,4,0,4,16,4,7,3,0,72,25,0,6,5,0,0,4,1,0,0,3,18,0,0,0,0,5,4,0,2,0,0,0,4,0,0,0,0,0,30,2,0,0,5,1,0,1,44,0,0,0,0,2,1,0,0,0,0,0,0,0,11,1,34,0
1590,9,14,4,0,0,0,0,82,2,3,28,0,32,7,89,7,322,195,90,106,502,3,0,0,12,6,2,7,2,9,46,56,0,4,23,27,3,11,76,9,1,0,6,2,16,1,12,49,2,0,0,0,0,48,17,2,0,0,0,0,1,16,7,0,5,1,0,17,4,5,4,0,1,10,0,0,6,0,41,0,0,10,0,1,0,2,0,265,481,241,0,1,0,0,1313,0,2,229,7,1,0,0,6,0,0,0,249,34,8,6,0,5,1,15,2,0,3,578,0,18,0,1,2,0,0,20,0,11,3,30,151,15,0,21,11,28,50,13,4,0,4,16,4,8,3,0,72,25,0,7,5,0,0,4,1,0,0,3,18,0,0,0,0,5,4,0,2,0,0,0,4,0,0,0,0,0,30,2,0,0,5,1,0,1,44,0,0,0,0,2,1,0,0,0,0,0,0,0,11,1,34,0
1591,12,14,4,0,0,0,0,83,2,3,28,0,32,7,90,7,323,197,92,106,508,3,0,0,12,7,2,8,2,9,46,56,0,4,24,27,3,11,78,10,1,0,6,2,16,1,12,49,2,0,0,0,0,50,17,2,0,0,0,0,1,16,7,0,5,1,1,17,5,5,4,0,1,10,0,0,6,0,41,0,0,10,0,1,0,2,0,272,485,245,0,1,0,0,1332,0,2,232,7,1,0,0,6,0,0,0,250,34,8,6,0,6,1,15,2,0,3,579,0,20,0,1,2,0,0,20,0,11,3,30,154,15,0,21,11,30,50,13,5,0,4,16,4,9,3,0,75,25,0,7,5,0,0,4,1,0,0,3,18,0,0,0,0,5,4,0,2,0,0,0,4,0,0,0,0,0,30,2,0,0,5,1,0,1,44,0,0,0,0,2,1,0,0,0,0,0,0,0,11,1,36,0
1592,14,14,4,0,0,0,0,83,2,3,29,0,32,7,90,7,324,200,93,106,514,3,0,0,12,8,2,9,3,9,47,58,0,4,26,27,3,11,79,10,1,0,6,2,16,1,12,49,2,0,0,0,0,50,17,2,0,0,0,0,1,16,7,0,5,1,1,18,5,5,4,0,1,10,0,0,6,0,42,0,0,10,0,1,0,2,0,276,486,250,0,1,0,0,1355,0,2,236,7,1,0,0,6,0,0,0,250,34,8,6,0,6,1,15,2,0,3,582,0,21,0,1,2,0,0,20,0,11,3,30,155,16,0,21,11,31,51,14,5,0,4,17,4,9,3,0,76,26,0,7,5,0,0,4,1,0,0,3,18,0,0,0,0,5,6,0,2,0,0,0,4,0,0,0,0,0,30,2,0,0,5,1,0,1,44,0,0,0,0,2,1,0,0,0,0,0,0,0,11,1,36,0
1593,14,14,4,0,0,0,0,83,2,3,31,0,34,7,91,7,327,202,94,106,519,3,0,0,12,8,2,9,3,9,48,59,0,4,26,27,3,11,79,10,1,0,6,2,16,1,12,50,2,0,0,0,0,51,17,2,0,0,0,0,1,16,7,0,5,1,1,18,5,5,4,0,1,10,0,0,6,0,43,0,0,10,0,1,0,2,0,278,489,256,0,1,0,0,1375,0,2,239,7,1,0,0,6,0,0,0,250,34,8,6,0,6,1,15,2,0,3,587,0,21,0,1,2,0,0,21,0,12,3,31,157,16,0,21,11,31,52,14,6,0,4,17,4,9,3,0,77,26,0,7,5,0,0,4,1,0,0,3,18,0,0,0,0,5,6,0,2,0,1,0,4,0,0,0,0,0,30,2,0,0,5,1,0,1,46,0,0,0,0,2,1,0,0,0,0,0,0,0,11,1,36,0
1594,14,14,4,0,0,0,0,83,2,3,31,0,36,7,92,7,327,203,95,106,520,4,0,0,12,8,2,9,3,9,48,59,0,4,27,27,3,12,79,10,1,0,7,2,18,1,13,50,2,0,0,0,0,54,17,2,0,0,0,0,1,16,8,0,5,1,1,18,5,5,4,0,1,10,0,0,6,0,46,0,0,11,0,1,0,2,0,279,493,263,0,1,0,0,1392,0,3,242,7,1,0,0,6,0,0,0,253,34,8,6,0,7,1,15,2,0,3,588,0,21,0,1,2,0,0,21,0,12,3,31,159,16,0,21,11,33,53,14,6,0,4,17,4,9,3,0,77,26,0,7,5,0,0,4,1,0,0,3,18,0,0,0,0,5,6,0,2,0,1,1,5,0,0,0,0,0,30,2,0,0,5,1,0,1,46,0,0,0,0,2,1,0,0,0,0,0,0,0,11,1,36,0
1595,14,14,4,0,0,0,0,83,2,3,31,0,36,7,93,8,327,206,96,111,523,4,0,0,12,8,2,9,3,9,48,60,0,4,27,27,3,12,81,10,1,0,7,3,18,1,17,51,2,0,0,0,0,57,17,2,0,0,0,0,1,16,8,0,6,1,1,18,5,5,4,0,1,11,0,0,6,0,47,0,0,11,0,1,0,2,0,282,496,267,0,1,0,0,1413,0,3,245,7,1,0,0,6,0,0,0,254,34,8,6,0,7,1,15,2,0,3,591,0,21,0,1,2,0,0,21,0,12,3,31,160,19,0,21,11,33,53,14,6,0,4,17,4,9,3,0,78,26,0,7,5,0,0,4,1,0,0,3,18,0,0,0,0,5,6,0,2,0,2,1,5,0,0,0,0,0,30,2,0,0,5,1,0,1,46,0,0,0,0,2,1,0,0,0,0,0,0,0,11,1,37,0
1596,14,14,4,0,0,0,0,83,2,3,31,0,36,7,93,8,327,206,96,111,527,4,0,0,12,8,2,9,5,9,48,61,0,4,28,27,3,12,84,10,1,0,7,3,18,1,18,52,2,0,0,0,0,60,17,2,0,0,0,0,1,16,8,0,6,1,1,18,5,5,4,0,1,11,0,0,6,0,50,0,0,11,0,1,0,2,0,286,497,268,0,1,0,0,1437,0,3,246,7,1,0,0,6,0,0,0,255,35,8,6,0,7,1,15,2,0,3,593,0,21,0,1,2,0,0,21,0,12,3,32,161,22,0,21,11,33,54,14,6,0,4,17,5,9,3,0,79,26,0,7,5,0,0,4,1,0,0,3,19,0,0,0,0,5,6,0,2,0,2,1,5,0,0,0,0,0,30,2,0,0,5,1,0,1,47,0,0,0,0,2,1,0,0,0,0,0,0,0,12,1,37,0
1597,14,14,4,0,0,0,0,84,2,3,32,0,36,8,98,8,328,208,96,112,535,4,0,0,12,8,2,10,5,10,50,61,0,4,28,27,3,12,87,10,1,0,7,3,19,1,18,53,2,0,0,0,0,63,17,2,0,0,0,0,1,16,8,0,6,1,1,18,5,5,4,0,1,11,0,0,6,0,51,0,0,11,0,1,0,2,0,294,501,273,0,1,0,0,1458,0,4,250,7,1,0,0,7,0,0,0,258,35,8,6,0,7,1,15,2,0,3,597,0,21,0,1,2,0,0,21,0,12,3,32,163,23,0,21,11,33,55,14,6,0,4,18,5,9,4,0,81,27,0,7,5,0,0,4,1,0,0,3,19,0,0,0,0,5,6,0,2,0,2,1,5,0,0,0,0,0,30,2,0,0,5,2,0,1,47,0,0,0,0,2,1,0,0,0,0,0,0,0,12,1,37,0
1598,14,14,4,0,0,0,0,85,2,3,32,0,39,8,102,8,329,209,96,112,539,5,0,0,12,8,2,10,6,10,50,61,0,4,28,27,3,12,90,10,1,0,7,3,20,1,18,56,2,0,0,0,0,66,17,2,0,0,0,0,1,17,8,0,6,1,1,18,5,5,4,0,1,11,0,0,7,0,52,0,0,11,0,1,0,2,0,296,502,278,0,1,0,0,1485,0,5,251,7,1,0,0,7,0,0,0,261,36,8,6,0,7,1,16,2,0,3,600,0,22,0,1,2,0,0,23,0,13,3,32,164,27,0,21,11,33,55,14,6,0,4,18,5,9,4,0,82,27,0,7,5,0,0,5,1,0,0,3,20,0,0,0,0,5,6,0,3,0,2,1,5,0,0,0,0,0,31,2,0,0,5,2,0,1,49,0,0,0,0,2,2,0,0,0,0,0,0,0,12,1,37,0
1599,14,14,4,0,0,0,0,85,2,3,32,0,39,8,107,8,329,211,97,112,549,5,0,0,12,8,2,10,7,10,50,64,0,4,28,27,3,12,91,10,1,0,7,3,20,1,18,56,2,0,0,0,0,75,18,2,0,0,0,0,1,17,8,0,6,1,1,18,5,5,4,0,1,11,0,0,7,0,54,0,0,12,0,1,0,3,0,303,506,281,0,1,1,0,1504,0,5,257,7,1,0,0,7,0,0,0,262,36,8,6,0,7,1,16,2,0,3,603,0,24,0,1,2,0,0,23,0,13,3,33,164,31,0,21,11,34,55,15,6,0,4,18,6,9,4,0,82,27,0,7,5,0,0,5,1,0,0,3,20,0,0,0,0,5,6,0,3,0,2,1,5,0,0,0,0,0,31,2,0,0,5,2,0,1,49,0,0,0,0,2,2,0,0,0,0,0,0,0,13,1,37,0
1600,14,14,4,0,0,0,0,86,2,3,32,0,40,8,112,8,329,213,99,112,557,5,0,0,12,8,2,10,7,10,50,65,0,5,28,27,3,12,93,10,1,0,8,3,23,1,18,57,3,0,0,0,0,77,18,2,0,0,0,0,1,17,9,1,6,1,2,18,5,5,4,0,1,11,0,1,7,0,56,0,0,12,0,1,0,3,0,312,512,288,0,1,3,0,1530,0,5,264,7,1,0,0,7,0,0,0,266,42,9,6,0,7,1,16,2,0,4,606,0,24,0,1,2,0,0,23,0,14,3,34,170,32,0,21,11,34,56,16,7,0,4,18,6,10,4,0,85,27,0,7,5,1,0,5,1,0,0,3,20,0,0,0,0,6,6,0,3,0,2,1,5,0,0,0,0,0,31,2,0,0,5,2,0,1,54,0,0,0,0,2,2,0,0,0,0,0,0,0,13,1,38,0
1601,14,14,4,0,0,0,0,86,2,3,32,0,41,8,114,8,329,215,99,112,563,5,0,0,12,8,2,10,7,10,51,68,0,5,29,27,3,12,94,10,1,0,8,3,23,1,18,57,3,0,0,0,0,80,18,2,0,0,0,0,1,17,9,1,6,1,2,18,6,5,4,0,1,11,0,1,7,0,59,0,0,12,0,1,0,3,0,321,517,291,0,1,3,0,1544,0,5,266,7,1,0,0,7,0,0,0,266,42,9,6,0,7,1,16,2,0,4,612,0,24,0,1,2,0,0,23,0,14,3,34,171,34,0,21,11,34,57,16,7,0,5,19,7,10,4,0,87,27,0,8,5,1,0,6,1,0,0,3,20,0,0,0,0,7,7,0,3,0,2,1,5,0,0,0,0,0,31,3,0,0,5,2,0,1,55,0,0,0,0,2,2,0,0,0,0,0,0,0,13,1,38,0
1602,14,14,4,0,0,0,0,87,2,3,32,0,41,8,114,8,330,217,102,113,566,5,0,0,12,9,2,11,7,10,51,68,0,5,31,28,3,13,94,12,1,0,8,3,23,1,18,58,3,0,0,0,0,82,18,2,0,0,0,0,1,17,9,1,6,1,2,18,6,5,6,0,1,11,0,1,7,0,61,0,0,12,0,1,0,4,0,327,518,297,0,1,3,0,1557,0,5,270,7,1,0,0,7,0,0,0,266,42,9,6,0,7,1,16,2,0,4,617,0,24,0,1,2,0,0,23,0,14,3,34,172,37,0,21,11,34,60,16,7,0,5,19,7,10,4,0,87,27,0,9,5,1,0,6,1,0,0,3,20,0,0,0,0,7,7,0,3,0,2,1,5,0,0,0,0,0,31,3,0,0,5,2,0,1,55,0,0,0,0,2,2,0,0,0,0,0,0,0,13,1,40,0
1603,14,14,4,0,0,0,0,87,2,3,33,0,43,8,115,8,331,217,108,114,571,5,0,0,12,9,2,11,8,10,51,70,0,5,31,29,5,13,95,12,1,0,8,3,24,1,18,59,3,0,0,0,0,85,18,2,0,0,0,0,1,17,9,1,6,1,2,18,7,5,6,0,1,11,0,1,7,0,63,0,0,13,0,1,0,5,0,333,519,297,0,1,3,0,1574,0,5,272,7,1,0,0,7,0,0,0,267,42,9,6,0,7,1,16,2,0,4,619,0,24,0,1,2,0,0,23,0,14,3,34,174,39,0,21,11,34,62,18,7,0,5,19,7,10,4,0,87,27,0,9,5,1,0,6,1,0,0,3,20,0,0,0,0,7,7,0,3,0,2,1,5,0,0,0,0,0,31,3,0,0,5,2,0,1,55,0,0,0,0,2,2,0,0,0,0,0,0,0,13,1,40,0
1604,14,15,4,0,0,0,0,87,2,3,34,0,44,8,116,8,332,219,109,115,578,5,0,0,12,9,2,11,8,10,51,72,0,5,31,31,5,13,96,12,1,0,8,3,26,1,18,59,4,0,0,0,0,86,18,2,0,0,0,0,1,18,10,2,6,1,2,18,7,5,7,0,1,11,0,1,7,0,63,0,0,13,0,1,0,5,0,336,520,306,0,1,3,0,1588,0,7,273,7,1,0,0,7,0,0,0,270,42,9,6,0,7,1,16,2,0,4,624,0,24,0,1,2,0,0,24,0,14,3,34,174,40,0,21,11,34,62,18,7,0,5,19,7,10,5,0,88,27,0,9,5,1,0,6,1,0,0,4,20,0,0,0,0,7,7,0,3,0,2,1,5,0,0,0,0,0,31,3,0,0,5,2,0,1,55,0,0,0,0,2,2,0,0,0,0,0,0,0,13,1,41,0
1605,14,15,4,0,0,0,0,88,2,3,35,0,44,8,118,8,332,222,110,117,590,5,0,0,12,9,2,11,8,10,52,76,0,6,42,32,5,14,97,12,1,0,9,3,26,1,18,59,4,0,0,0,0,87,18,2,0,0,0,0,1,18,10,2,6,1,2,18,7,5,7,0,1,11,0,1,7,0,64,0,0,13,0,1,0,5,0,337,525,310,0,1,3,0,1605,0,7,277,7,1,0,0,7,0,0,0,273,43,9,6,0,9,2,16,2,0,4,628,0,24,0,1,2,0,0,24,0,15,3,34,178,47,0,21,11,34,63,18,7,0,5,20,7,11,5,0,88,27,0,9,5,1,0,6,1,0,0,4,20,0,0,0,0,8,7,0,3,0,2,1,5,0,0,0,0,0,31,3,0,0,5,2,0,1,56,0,0,0,0,2,2,0,0,0,0,0,0,0,13,1,42,0
1606,14,15,4,0,0,0,0,88,2,3,37,0,45,8,119,8,332,226,110,120,601,5,0,0,12,9,2,11,8,10,52,77,0,6,42,32,5,14,98,12,1,0,9,3,26,1,18,61,4,0,0,0,0,89,18,2,0,0,0,0,1,18,11,2,6,1,2,18,7,5,7,0,1,11,0,2,7,0,66,0,0,13,0,1,0,5,0,342,527,315,0,1,3,0,1627,0,7,277,7,1,0,0,7,0,0,0,273,43,9,6,0,9,2,16,2,0,4,629,0,24,0,1,2,0,0,24,0,15,3,34,179,51,0,21,11,35,63,18,7,0,5,20,8,11,5,0,91,28,0,9,5,1,0,6,1,0,0,5,20,0,0,0,0,8,7,0,3,0,2,1,5,0,0,0,0,0,32,3,0,0,5,2,0,1,56,0,0,0,0,2,2,0,0,0,0,0,0,0,14,1,46,0
1607,14,15,4,0,0,0,0,88,2,4,37,0,45,8,120,8,332,227,111,121,606,5,0,0,12,9,2,11,8,10,52,79,0,6,42,32,5,14,98,12,1,0,9,3,26,1,18,61,4,0,0,0,0,90,18,2,0,0,0,0,1,18,11,2,6,1,2,18,7,5,7,0,1,11,0,2,7,0,67,0,0,13,0,1,0,5,0,346,530,328,0,1,3,0,1639,0,7,280,7,1,0,0,7,0,0,0,275,43,9,7,0,9,2,16,2,0,4,631,0,24,0,1,2,0,0,24,0,15,4,34,182,58,0,21,11,37,64,18,7,0,5,20,9,11,5,0,92,28,0,9,5,1,0,6,1,0,0,5,20,0,0,0,0,8,7,0,3,0,2,1,5,0,0,0,0,0,32,3,0,0,5,2,0,1,57,0,0,0,0,2,2,0,0,0,0,0,0,0,15,1,47,0
1608,15,15,4,0,0,0,0,89,2,4,37,0,48,8,120,8,334,229,112,122,611,5,0,0,12,9,2,12,9,10,53,79,0,6,42,32,5,14,99,12,2,0,10,3,27,1,18,63,4,0,0,0,0,90,18,2,0,0,0,0,1,18,11,2,6,1,2,18,7,5,7,0,1,11,0,2,7,0,68,0,0,14,0,1,0,5,0,350,531,332,0,1,3,0,1653,0,7,282,7,1,0,0,7,0,0,0,276,44,9,11,0,10,2,16,2,0,4,633,0,25,0,1,2,0,0,24,0,15,4,35,185,60,0,21,11,37,64,18,7,0,5,21,9,11,5,0,92,28,0,10,5,1,0,6,1,0,0,5,20,0,0,0,0,8,9,0,3,0,2,1,5,0,0,0,0,0,32,3,0,0,6,2,0,1,57,0,0,0,0,2,2,0,0,0,0,0,0,0,15,1,48,0
1609,15,15,4,0,0,0,0,91,2,4,37,0,48,10,121,8,334,230,113,123,620,5,0,0,12,9,2,13,9,10,55,81,0,6,42,32,5,14,103,12,4,0,10,3,27,1,18,64,5,0,0,0,0,92,18,2,0,0,0,0,1,18,11,2,6,1,2,18,7,5,7,0,1,12,0,2,8,0,69,0,0,16,0,1,0,6,0,354,534,339,0,1,3,0,1668,0,7,287,7,1,0,0,8,0,0,0,276,45,9,11,0,10,2,16,3,0,4,639,0,25,0,1,2,0,0,24,0,15,4,36,187,64,0,21,11,39,64,18,7,0,5,21,9,11,5,0,92,28,0,10,5,1,0,6,1,0,0,5,20,0,0,0,0,8,9,0,4,0,2,1,5,0,0,0,0,0,32,3,0,0,6,2,0,1,57,0,0,0,0,2,3,0,0,0,0,0,0,0,16,1,49,0
1610,16,15,4,0,0,0,0,92,2,4,37,0,48,10,121,8,336,231,114,124,627,5,0,0,12,9,2,14,10,10,55,82,0,6,44,32,5,14,103,13,4,0,10,3,28,1,18,66,5,0,0,0,0,95,18,2,0,0,0,0,1,18,11,2,6,1,3,18,8,5,8,0,1,12,0,2,8,0,71,0,0,16,0,1,0,6,0,360,539,343,0,1,3,0,1681,0,7,289,7,1,0,0,8,0,0,0,277,45,9,11,0,10,2,16,3,0,4,641,0,25,0,1,2,0,0,24,0,15,4,37,190,66,0,21,11,39,65,18,7,0,5,21,9,11,6,0,92,28,1,10,5,1,0,6,1,0,0,5,20,0,0,0,0,8,9,0,4,0,2,1,7,0,0,0,0,0,32,3,0,0,6,2,0,1,58,0,0,0,0,2,3,0,0,0,0,0,0,0,17,1,50,0
1611,16,15,4,0,0,0,0,93,2,4,38,0,48,10,121,8,337,235,114,125,635,5,0,0,13,9,2,14,11,10,59,83,0,6,44,33,5,14,103,13,5,1,12,3,28,1,18,67,5,0,0,0,0,96,18,2,0,0,0,0,1,19,11,2,7,1,3,18,8,5,8,0,1,12,0,2,8,0,71,0,0,16,0,1,0,6,0,361,541,346,0,1,3,0,1690,0,7,292,7,1,0,0,8,0,0,0,278,45,9,12,0,11,2,16,3,0,4,646,0,28,0,1,2,0,0,24,0,15,4,37,194,70,0,21,11,39,65,19,7,1,6,23,9,11,6,0,92,28,1,11,5,1,0,6,1,0,0,5,20,0,0,0,0,8,10,0,4,0,4,1,8,0,0,0,0,0,33,3,0,0,6,2,0,1,58,0,0,0,0,2,3,1,0,0,0,0,0,0,17,1,50,0
1612,17,15,4,0,0,0,0,93,2,4,40,0,48,10,122,8,338,237,116,125,642,5,1,0,13,9,2,15,11,10,60,83,0,6,46,34,5,14,104,14,5,1,12,3,29,1,18,69,5,0,0,0,0,97,18,2,0,0,0,0,1,19,11,2,7,1,7,18,8,5,11,0,1,12,0,2,8,0,71,0,0,18,0,1,0,6,0,367,548,351,0,1,3,0,1709,0,7,295,7,1,0,0,8,0,0,0,281,45,9,12,0,11,2,19,3,0,4,650,0,29,0,1,2,0,0,25,0,16,4,40,196,77,0,21,12,41,65,19,8,1,6,23,9,11,6,0,92,28,1,11,5,1,0,6,1,0,0,5,21,0,0,0,0,8,10,0,4,0,4,1,8,0,0,0,0,0,33,3,0,0,6,2,0,1,58,0,0,0,0,2,3,1,0,0,0,0,0,0,17,1,50,0
1613,18,15,4,0,0,0,0,93,2,4,42,0,48,10,122,8,339,239,117,129,647,5,1,0,13,9,2,16,11,10,61,83,0,6,46,34,5,14,105,14,5,1,12,3,29,1,18,70,5,0,0,0,0,101,18,2,0,0,0,0,1,19,11,2,7,1,7,18,8,5,11,0,1,12,0,2,8,0,71,0,0,18,0,1,0,7,0,373,550,356,0,1,3,0,1721,0,7,297,7,1,0,0,9,0,0,0,282,45,10,12,0,11,2,20,3,0,4,653,0,29,0,1,2,0,0,25,0,16,4,40,198,79,0,21,12,42,69,21,8,1,6,23,10,11,6,0,92,28,1,13,5,1,0,6,1,0,0,5,21,0,0,0,0,8,10,1,4,0,4,1,8,0,0,0,0,0,33,3,0,0,6,2,0,1,58,0,0,0,0,2,3,1,0,0,0,0,0,0,17,1,51,0
1614,18,15,4,0,0,0,0,94,2,4,43,0,50,10,122,8,340,242,117,131,650,5,1,0,13,10,2,17,11,10,62,84,0,6,48,34,5,14,106,14,5,1,13,3,30,1,18,71,5,0,0,0,0,102,18,2,0,0,0,0,1,19,11,2,7,1,7,18,8,5,12,0,1,12,0,2,8,0,71,0,0,18,0,1,0,7,0,376,553,363,0,1,3,0,1734,0,7,298,7,1,0,0,10,0,0,0,283,45,11,12,0,11,2,20,3,0,5,654,0,29,0,1,2,0,0,25,0,16,4,40,198,82,0,21,12,43,70,22,8,1,6,23,10,12,6,0,93,28,1,13,5,1,0,6,1,0,0,5,21,0,0,0,0,9,10,1,4,0,4,1,9,0,0,0,0,0,33,3,0,0,6,2,0,1,58,0,0,0,0,3,3,1,0,0,0,0,0,0,17,1,51,0
1615,19,15,4,0,0,0,0,95,2,5,45,0,50,10,123,9,341,244,119,131,659,6,1,0,13,10,2,17,11,10,64,87,0,6,50,34,5,14,107,14,5,1,13,3,30,1,18,77,6,0,0,0,0,102,18,2,0,0,0,0,1,19,11,2,7,1,7,18,10,5,12,0,1,12,0,2,8,0,72,0,0,19,0,1,0,7,0,390,559,366,0,1,3,0,1751,0,7,302,7,1,0,0,10,0,0,0,285,45,11,12,0,11,2,20,3,0,5,655,0,29,0,1,2,0,0,25,0,16,4,41,199,86,0,21,12,43,72,22,9,1,6,23,10,12,6,0,93,28,1,13,5,1,0,6,1,0,0,5,21,0,0,0,0,9,11,1,4,0,4,1,9,0,0,0,0,0,33,4,0,0,6,2,0,1,58,0,0,1,0,3,3,1,0,0,0,0,0,0,17,1,52,0
1616,19,15,4,0,0,0,0,95,2,5,47,0,50,10,123,9,342,246,121,134,663,6,1,0,13,10,2,17,11,10,64,90,0,6,50,35,5,15,107,14,5,1,13,3,30,1,18,78,6,0,0,0,0,102,18,2,0,0,0,0,1,19,12,2,7,1,7,18,11,5,12,0,1,12,0,2,8,0,73,0,0,19,0,1,0,8,0,398,561,371,0,1,3,0,1767,0,7,303,7,1,0,0,10,0,0,0,286,45,11,12,0,11,2,20,3,0,6,657,0,29,0,1,2,0,0,25,0,16,4,41,201,91,0,21,12,43,72,22,9,1,6,23,10,12,6,0,94,28,1,13,5,1,0,6,1,0,0,5,21,0,0,0,0,10,11,1,4,0,4,1,10,0,0,0,0,0,33,4,0,0,6,2,0,1,58,0,0,1,0,3,3,1,0,0,0,0,0,0,17,1,52,0
1617,19,15,4,0,0,0,0,97,2,6,47,0,50,10,123,9,343,251,122,136,665,6,1,0,13,10,2,17,11,10,67,91,0,6,51,36,5,16,108,14,5,1,13,4,30,1,18,78,6,1,0,0,0,106,18,2,0,0,0,0,1,20,12,2,7,1,7,18,11,5,12,0,1,12,0,2,8,0,75,0,0,19,0,1,0,8,0,405,564,374,0,1,3,0,1776,0,7,305,7,1,0,0,10,0,0,0,290,47,11,12,0,11,2,20,3,0,6,659,0,29,0,3,2,0,0,25,0,17,4,42,203,94,0,21,12,44,73,23,9,1,6,23,11,12,6,0,95,29,1,13,5,1,0,6,1,0,0,5,21,0,0,0,0,10,11,1,4,0,4,1,10,0,0,0,0,0,34,4,0,0,6,2,0,1,59,0,0,1,0,3,3,1,0,0,0,0,0,0,17,1,53,0
1618,19,15,4,0,0,0,0,97,2,6,48,0,51,10,124,9,343,253,123,140,669,6,1,0,13,10,2,17,11,10,67,95,0,6,51,36,5,16,109,15,9,1,13,4,30,1,18,78,6,1,0,0,0,108,18,2,0,0,0,0,1,20,13,2,7,1,7,18,11,5,12,0,1,12,0,2,8,0,75,0,0,20,0,1,0,8,0,410,570,383,0,1,3,0,1786,0,8,307,7,1,0,0,10,0,0,0,292,47,11,12,0,11,2,20,3,0,6,663,0,29,0,3,2,0,0,26,1,19,4,42,205,96,0,22,13,44,74,23,10,1,7,23,11,13,6,0,95,29,1,14,5,1,0,6,1,0,0,5,21,0,0,0,0,10,11,1,4,0,5,1,10,0,0,0,0,0,34,4,0,0,6,2,0,1,59,0,0,1,0,3,3,1,0,0,0,0,0,0,17,1,55,0
1619,21,15,4,0,0,0,0,99,2,6,49,0,51,10,124,9,343,254,124,141,672,6,1,0,13,10,2,17,11,10,67,96,0,6,53,36,5,17,109,16,9,1,13,4,32,1,19,79,6,1,0,0,0,112,18,2,0,0,0,0,1,20,13,2,7,1,7,18,11,5,12,0,1,13,0,2,8,0,76,0,0,21,0,1,0,8,0,419,572,387,0,1,3,0,1799,0,8,307,7,1,0,0,10,0,0,0,294,47,11,12,0,11,2,20,5,0,6,666,0,29,0,3,2,0,0,26,1,19,5,44,207,99,0,22,13,45,75,23,10,1,7,24,11,13,7,0,96,29,1,14,5,1,0,6,1,0,0,5,21,0,0,0,0,10,11,1,4,0,5,1,10,0,0,0,0,0,34,4,0,0,6,2,0,1,59,0,0,1,0,3,3,1,0,0,0,0,0,0,17,1,55,0
1620,23,15,5,0,0,0,0,100,3,6,51,0,53,10,125,9,346,256,125,143,677,6,1,0,13,10,2,17,11,11,68,96,0,6,53,36,5,17,110,17,10,1,13,4,33,1,19,82,6,1,0,0,0,114,18,2,0,0,0,0,1,21,13,2,7,1,7,18,11,5,12,0,1,14,0,2,8,0,76,0,0,21,0,1,0,9,0,427,574,389,0,1,4,0,1813,0,8,308,7,1,0,0,10,0,0,0,298,47,11,12,0,11,2,20,5,0,6,667,0,29,0,3,2,0,0,26,1,19,5,45,211,102,0,22,13,45,75,23,10,1,7,24,11,13,7,0,98,29,1,14,5,1,0,6,1,0,0,5,21,0,0,0,0,10,11,1,4,0,5,1,10,0,0,0,0,0,34,5,0,0,6,2,0,1,59,0,0,1,0,4,3,1,0,0,0,0,0,0,17,1,57,0
1621,23,15,5,0,0,0,0,100,3,7,53,0,53,10,125,9,348,256,127,146,682,6,1,0,15,10,2,17,11,11,68,98,0,7,55,36,5,17,110,18,10,1,14,4,33,1,20,83,7,1,0,0,0,116,18,2,0,0,0,0,1,21,13,2,7,1,7,18,12,6,12,0,1,14,0,2,10,0,76,0,0,23,0,1,0,9,0,434,575,393,0,1,4,0,1820,0,8,312,7,1,0,0,10,0,0,0,306,47,11,12,0,11,2,20,5,0,6,670,0,29,0,3,2,0,0,26,1,19,5,46,213,107,0,24,13,47,75,23,10,1,7,24,11,13,7,0,98,29,1,14,5,1,0,6,1,0,0,5,21,0,0,0,0,10,11,1,4,0,5,1,10,0,0,0,0,0,34,5,0,0,7,2,0,1,59,0,0,1,0,4,3,1,0,0,0,0,0,0,17,1,60,0
1622,24,15,5,0,0,0,0,100,3,7,53,0,53,10,125,9,348,260,131,147,686,6,1,0,15,10,2,17,14,11,69,101,0,7,55,36,5,18,110,18,10,1,14,4,33,1,20,84,7,1,0,0,0,116,18,2,0,0,0,0,1,21,13,2,7,1,7,18,14,6,12,0,1,14,0,2,11,0,76,0,0,23,0,1,0,9,0,440,579,400,0,1,4,0,1828,0,8,316,7,1,0,0,10,0,0,0,309,47,12,12,0,11,2,21,5,0,7,672,0,29,0,3,2,0,0,26,1,19,5,48,215,112,0,25,13,47,76,24,10,1,7,24,11,13,7,0,98,29,1,14,5,1,0,6,1,0,0,6,21,0,0,0,0,10,11,1,4,0,5,1,10,0,0,0,0,0,35,5,0,0,7,2,0,1,59,0,0,1,0,4,3,1,0,0,0,0,0,0,17,1,61,0
1623,24,15,5,0,0,0,0,103,3,7,54,0,53,10,125,9,348,262,132,148,697,6,1,0,15,10,2,18,14,11,70,103,0,9,58,37,5,20,111,20,10,1,14,4,33,1,20,84,8,1,0,0,0,118,18,2,0,0,0,0,1,21,14,2,7,1,7,18,16,6,12,0,1,14,0,3,11,0,76,0,0,23,0,1,0,9,0,448,582,405,0,1,4,0,1839,0,8,317,7,1,0,0,10,0,0,0,310,48,12,12,0,11,2,21,5,0,7,675,0,30,0,3,2,0,0,26,1,19,5,48,215,119,0,25,13,47,77,24,10,1,7,24,11,13,7,0,98,29,1,14,5,1,0,6,1,0,0,6,22,0,0,0,0,10,11,1,4,0,5,1,10,0,0,0,0,0,35,5,0,0,7,2,0,1,59,0,0,1,0,4,3,1,0,0,0,0,0,0,17,1,61,0
1624,24,15,5,0,0,0,0,106,3,7,54,0,53,11,126,9,349,262,135,149,707,6,1,0,15,10,2,18,14,11,72,110,0,11,60,37,5,20,112,20,10,1,14,4,35,1,20,85,8,1,0,0,0,121,18,2,0,0,0,0,1,21,14,2,7,1,9,18,16,6,12,0,1,15,0,3,11,0,78,0,0,23,0,1,0,9,0,451,585,407,0,1,4,0,1846,0,8,319,7,1,0,0,10,0,0,0,312,48,12,12,0,11,2,22,5,0,7,678,0,30,0,3,2,0,0,26,1,19,5,49,218,121,1,25,13,48,77,24,12,1,8,24,11,13,7,0,101,29,1,14,5,1,0,6,2,0,0,6,22,0,0,0,0,10,11,1,4,0,5,1,10,0,0,0,0,0,35,5,0,0,7,2,0,1,59,0,0,1,0,5,3,1,0,0,0,0,0,0,17,1,62,0
1625,25,15,5,0,0,0,0,106,3,7,54,0,53,11,126,9,349,264,137,149,712,6,1,0,15,11,2,18,14,11,72,111,0,11,60,37,5,20,114,20,10,1,14,4,39,1,20,86,8,1,0,0,0,126,18,2,0,0,0,0,1,21,14,2,7,1,10,18,17,6,12,0,1,15,0,3,11,0,79,0,0,23,0,1,0,9,0,454,586,409,0,1,4,0,1854,0,9,320,7,1,0,0,10,0,0,0,313,49,12,12,0,12,2,22,5,0,7,680,0,30,0,3,2,0,0,26,1,19,5,50,219,123,1,26,13,49,77,24,13,1,8,24,11,13,7,0,101,29,1,14,5,1,0,6,2,0,0,6,22,0,0,0,0,10,11,1,4,0,5,1,10,0,0,0,0,0,35,5,0,0,7,2,0,1,59,0,0,1,0,5,3,1,0,0,0,0,0,0,17,1,63,0
1626,26,15,5,0,0,0,0,106,4,7,54,0,53,11,128,9,349,265,137,150,720,6,1,0,15,11,2,18,14,11,72,113,0,11,60,37,5,21,114,21,10,1,14,4,39,1,20,86,8,1,0,0,0,128,18,2,0,0,0,0,1,22,14,2,7,1,11,18,17,7,12,0,1,15,0,3,11,0,80,0,0,25,0,1,0,9,0,463,587,409,0,1,4,0,1859,0,9,323,7,1,0,0,10,0,0,0,314,49,12,12,0,12,2,22,5,0,7,684,0,30,0,3,2,0,0,26,1,19,5,51,220,125,1,26,13,49,79,24,13,1,8,24,11,13,7,0,103,30,1,14,5,1,0,6,2,0,0,6,22,0,0,0,0,10,11,1,4,0,5,1,10,0,0,0,0,0,35,5,0,0,7,2,0,1,59,0,0,1,0,5,3,1,0,0,0,0,0,0,17,1,64,0
1627,26,15,5,0,0,0,0,107,4,7,54,0,53,11,128,9,351,267,139,152,728,6,1,0,15,12,2,18,14,11,73,117,0,11,60,37,5,21,115,22,11,1,14,4,40,2,20,86,8,1,0,0,0,130,18,2,0,0,0,0,1,22,14,2,7,1,13,18,17,7,12,0,1,15,0,4,12,0,80,0,0,25,0,1,0,9,0,466,589,412,0,1,4,0,1859,0,9,326,7,2,0,0,10,0,0,0,314,49,12,12,0,12,3,22,5,0,7,687,0,30,0,4,2,0,0,26,1,20,5,51,223,128,1,27,15,51,79,24,13,1,8,24,11,13,7,0,105,31,1,14,5,1,0,6,2,0,0,7,22,0,0,0,0,10,11,1,4,0,5,1,10,0,0,0,0,0,35,5,0,0,7,2,0,1,63,0,0,1,1,5,3,1,0,0,0,0,0,0,17,1,65,0
1628,26,15,5,0,0,0,0,109,4,7,54,0,53,11,129,9,352,271,140,154,733,6,1,0,15,12,2,18,14,11,74,123,0,11,62,37,5,21,117,23,11,1,14,4,42,2,20,87,8,1,0,0,0,131,19,2,0,0,0,0,1,23,14,2,7,1,13,18,17,7,12,0,1,15,0,4,12,0,80,0,0,28,0,1,0,9,0,472,590,416,0,1,4,0,1869,1,9,327,7,2,0,0,10,0,0,0,330,50,12,12,0,12,3,22,5,0,7,690,0,30,0,4,2,0,0,26,1,20,5,51,223,132,1,27,15,51,79,25,13,1,8,24,11,13,7,0,108,31,1,14,5,1,0,6,2,0,0,7,22,0,0,0,0,10,11,1,4,0,5,1,10,0,0,0,0,0,35,5,0,0,7,2,0,1,63,0,0,1,1,5,3,1,0,0,0,0,0,0,17,1,65,0
1629,26,15,5,0,0,0,0,112,4,7,54,0,53,11,129,9,353,272,140,156,740,6,1,0,15,12,2,18,14,11,75,127,0,12,64,37,5,22,120,23,11,1,14,5,44,2,20,87,8,1,0,0,0,131,19,2,0,0,0,0,1,23,14,2,7,1,14,18,17,7,12,0,1,15,0,4,12,0,81,0,0,28,0,1,0,9,0,478,594,420,0,1,4,0,1877,1,9,328,7,2,0,0,10,0,0,0,332,50,12,12,0,12,3,22,5,0,7,692,0,30,0,4,2,0,0,27,4,20,5,52,224,138,1,27,17,51,79,26,13,1,8,24,11,13,7,0,108,31,1,14,5,1,0,6,2,0,0,7,22,0,0,0,0,11,12,1,5,0,5,1,10,0,0,0,0,0,35,6,0,0,7,2,0,1,64,0,0,1,1,5,3,1,0,0,0,0,0,0,17,1,65,0
1630,26,15,5,0,0,0,0,112,4,7,54,0,54,12,130,9,354,274,142,157,748,6,1,0,15,12,2,18,14,11,77,134,0,12,65,37,5,22,120,24,13,1,15,5,45,2,20,87,8,1,0,0,0,132,19,2,0,0,0,0,1,23,14,2,7,1,16,18,17,7,12,0,1,15,0,4,13,0,81,0,0,28,0,1,0,9,0,481,595,427,0,1,4,0,1888,1,9,330,7,2,0,0,10,0,0,0,335,50,13,12,0,12,3,22,5,0,7,697,0,30,0,4,2,0,0,27,4,20,5,52,224,150,1,27,17,53,80,26,13,1,8,24,11,13,7,0,109,31,1,14,5,1,0,6,2,0,0,7,22,0,0,0,0,12,12,1,5,1,5,1,10,0,0,0,0,0,35,6,0,0,7,2,0,1,64,0,0,1,1,5,3,1,0,0,0,0,0,0,17,1,65,0
1631,26,15,6,0,0,0,0,114,4,7,54,0,56,12,130,9,362,277,148,160,755,6,1,1,15,12,2,20,15,11,78,136,0,12,68,38,5,22,120,24,13,1,15,6,46,2,21,88,8,1,0,0,0,135,19,2,0,0,0,0,1,23,14,2,7,1,16,18,17,7,13,0,1,15,0,4,13,0,81,0,0,28,0,1,0,10,0,487,596,429,0,1,4,0,1896,1,9,331,7,2,0,0,10,0,0,0,339,50,13,12,1,12,3,22,5,0,7,700,0,30,0,4,2,0,0,27,4,22,5,52,226,160,1,27,20,54,80,26,13,1,9,24,11,13,7,0,109,31,1,14,5,1,0,6,2,0,0,7,22,0,0,0,0,12,12,1,5,1,5,1,10,0,0,0,0,0,35,7,0,0,7,2,0,1,64,0,0,1,1,5,3,1,0,0,0,0,0,0,17,1,65,0
1632,26,15,6,0,0,0,0,116,4,7,54,0,56,12,130,9,362,281,153,162,760,6,1,1,15,12,2,20,15,11,78,138,0,12,69,38,5,22,126,25,14,1,16,7,46,2,21,88,8,1,0,0,0,136,19,2,0,0,0,0,1,23,14,2,7,1,16,18,18,7,13,0,1,15,0,4,13,0,82,0,0,28,0,1,0,10,0,495,598,430,0,1,4,0,1897,1,11,332,7,2,0,0,10,0,0,0,339,51,13,12,1,12,3,22,6,0,7,707,1,30,0,5,2,0,0,27,4,24,5,52,229,171,1,28,21,55,81,26,13,1,10,24,11,13,7,0,109,31,1,14,5,1,0,6,2,0,0,7,22,0,0,0,0,12,12,1,5,1,5,1,10,0,0,0,0,0,36,7,0,0,7,2,0,1,64,0,0,1,1,5,3,1,0,0,0,0,0,0,17,1,66,0
1633,26,15,6,0,0,0,0,120,4,7,55,0,58,12,130,9,363,289,158,164,770,6,1,1,15,12,2,20,15,11,81,141,0,12,70,38,5,22,127,26,14,1,19,9,47,2,21,92,8,1,0,0,0,140,19,2,0,0,0,0,1,23,14,2,7,1,16,18,18,7,13,0,1,15,0,4,13,0,82,0,0,30,0,1,0,10,0,506,600,432,0,1,4,0,1903,1,13,335,7,2,0,0,10,0,0,0,340,51,13,12,1,12,3,23,6,0,7,712,1,30,0,6,2,0,0,27,4,25,5,52,231,190,1,29,23,56,81,26,13,1,10,25,11,13,7,0,111,31,1,14,6,1,0,6,2,0,0,7,23,0,0,0,0,12,12,1,6,1,5,1,10,0,0,0,0,0,36,7,0,0,7,2,0,1,65,0,0,1,1,5,3,1,0,0,0,0,0,0,17,1,69,0
1634,26,15,6,0,0,0,0,121,4,7,55,0,63,12,132,9,365,289,160,166,781,6,1,1,15,12,2,20,15,11,82,142,0,12,70,39,5,22,127,27,14,1,22,9,47,2,21,93,8,1,0,0,0,141,19,2,0,0,0,0,1,23,15,2,7,1,16,18,19,7,13,0,1,15,0,4,13,0,83,0,0,31,0,1,0,10,0,510,602,435,0,1,4,0,1905,1,13,336,7,3,0,0,10,0,0,0,340,52,13,13,1,12,3,23,6,0,7,714,1,30,0,6,2,0,0,28,4,25,5,52,234,198,1,29,24,57,81,27,13,1,11,25,13,13,7,0,112,32,1,14,6,1,0,6,2,0,0,7,23,0,0,0,0,12,12,1,7,1,5,1,10,0,0,0,0,0,36,7,0,0,7,2,0,1,65,0,0,1,1,5,3,1,0,0,0,0,0,0,17,1,69,0
1635,26,15,8,0,0,0,0,124,4,7,55,0,64,12,132,9,368,290,162,170,791,6,1,1,15,12,2,21,16,11,83,143,0,12,71,39,5,22,128,28,14,1,22,9,48,2,21,93,8,1,0,0,0,144,19,2,0,0,0,0,1,23,16,2,7,1,16,18,19,7,13,0,1,15,0,4,14,0,83,0,0,31,0,1,0,10,0,511,603,446,0,1,4,0,1907,1,15,337,7,3,0,0,10,0,0,0,341,53,13,13,1,12,3,23,6,0,8,721,1,30,0,7,2,0,0,28,4,26,5,54,235,207,1,29,27,57,83,27,13,1,13,25,13,15,7,0,112,32,1,14,6,1,0,6,2,0,0,7,23,0,0,0,0,13,12,1,7,1,5,1,10,0,0,0,0,0,36,7,0,0,7,2,0,1,65,0,0,1,1,5,3,1,0,0,0,0,0,0,17,1,69,0
1636,27,15,9,0,0,0,0,125,4,7,55,0,64,13,135,9,370,292,163,173,798,6,1,1,15,12,2,21,16,11,83,148,0,12,72,40,5,22,129,28,14,1,22,9,49,2,21,93,8,1,0,0,0,146,20,2,0,0,0,0,1,23,16,2,7,1,16,18,19,7,13,0,1,15,0,4,14,0,84,0,0,31,0,1,0,10,0,514,604,453,0,1,4,0,1913,1,19,339,7,3,0,0,10,0,0,0,342,53,13,13,1,12,3,23,7,0,9,724,1,30,0,7,2,0,0,29,4,27,5,55,237,213,1,30,28,58,85,27,13,2,13,26,13,15,7,0,112,33,1,14,6,1,0,6,2,0,0,7,23,0,0,0,0,14,12,1,7,1,5,1,10,0,0,0,0,0,36,7,0,0,7,2,0,1,65,0,0,1,1,5,3,1,0,0,0,0,0,0,18,1,69,0
1637,27,15,9,0,0,0,0,126,4,7,56,0,64,13,135,9,370,292,163,177,804,6,1,1,15,12,2,21,16,11,85,149,0,12,73,40,5,22,129,30,14,1,22,9,49,2,21,93,9,1,0,0,0,146,20,2,0,0,0,0,1,23,16,2,7,1,16,18,19,7,13,0,1,15,0,4,14,0,84,0,0,31,0,1,0,10,0,517,607,459,0,1,4,0,1916,1,19,339,7,3,0,0,10,0,0,0,343,55,13,13,1,12,3,23,7,0,9,725,1,30,0,7,2,0,0,29,4,27,5,55,239,221,1,30,29,58,85,27,13,2,13,26,13,15,7,0,112,33,2,14,7,1,0,6,2,0,0,7,23,0,0,0,0,14,12,1,8,1,5,1,10,0,0,0,0,0,36,7,0,0,7,2,0,1,65,0,0,1,1,5,3,1,0,0,0,0,0,0,18,2,71,0
1638,27,15,9,0,0,0,0,129,4,8,56,0,65,13,136,9,370,292,167,178,807,6,1,1,15,12,2,21,16,12,86,149,0,12,73,40,5,22,130,30,14,1,23,9,50,2,22,94,9,1,0,0,0,146,20,2,0,0,0,0,1,24,16,2,8,1,16,18,20,7,13,0,1,16,0,4,14,0,84,0,0,31,0,1,0,10,0,519,611,463,0,1,4,0,1923,1,19,339,7,3,0,0,10,0,0,0,345,55,13,14,3,12,4,23,7,0,9,730,1,31,0,7,2,0,0,30,4,27,5,58,241,238,1,30,29,59,88,28,13,2,13,26,13,15,8,0,112,34,2,14,7,1,0,6,2,0,0,8,23,0,0,0,0,14,12,1,8,1,5,1,10,0,0,0,0,0,36,7,0,0,7,2,0,1,66,0,0,1,1,5,3,1,0,0,0,0,0,0,18,2,71,0
1639,28,15,9,0,0,0,0,129,4,8,57,0,66,13,137,9,371,294,170,179,813,6,1,1,15,12,2,21,16,13,86,150,0,12,75,40,5,22,130,30,14,1,23,9,50,2,22,95,9,1,0,0,0,147,21,2,0,0,0,0,1,25,16,2,9,1,16,18,20,7,13,0,1,16,0,4,14,0,84,0,0,31,0,1,0,10,0,522,613,467,0,1,4,0,1927,1,19,340,7,3,0,0,10,0,0,0,346,59,13,15,3,12,4,25,7,0,10,733,1,31,0,7,2,0,0,32,4,27,5,60,243,255,1,30,31,59,89,28,13,2,13,26,13,15,8,0,113,34,2,14,7,1,0,6,2,0,0,8,23,0,0,0,0,15,12,1,9,1,5,1,10,0,0,0,0,0,36,7,0,0,7,2,0,1,66,0,0,1,1,5,4,1,0,0,0,0,0,0,18,2,72,0
1640,30,15,9,0,0,0,0,131,4,8,57,0,67,13,137,9,373,298,172,183,823,6,1,1,15,12,2,21,16,13,89,155,0,12,76,41,5,22,134,32,14,1,23,9,52,2,22,96,10,1,0,0,0,147,21,2,0,0,0,0,1,25,16,2,9,1,16,19,20,7,14,0,1,16,0,4,14,0,85,0,0,35,0,1,0,10,0,534,617,477,0,1,4,0,1936,1,19,340,7,3,0,0,10,0,0,0,349,61,13,15,3,12,4,26,7,0,10,737,1,31,0,7,2,0,0,32,4,27,5,60,247,274,1,30,32,59,90,28,13,2,13,27,14,15,8,0,115,34,2,15,7,1,0,6,2,0,0,8,24,0,0,0,0,15,12,1,9,1,5,1,10,0,0,0,0,0,36,7,0,0,7,2,0,1,66,0,0,1,1,5,4,1,0,0,0,0,0,0,18,2,74,0
1641,48,15,9,0,0,0,0,131,4,8,57,0,67,14,138,9,374,300,172,185,829,6,1,1,15,12,2,21,17,13,89,186,0,12,76,41,5,22,136,32,14,1,24,9,56,2,22,102,10,1,0,1,0,148,21,2,0,0,0,0,1,27,16,2,9,1,16,19,22,8,17,0,1,16,0,4,14,0,85,0,0,42,0,2,0,10,0,537,617,500,0,3,4,0,1943,1,19,342,7,4,0,0,10,0,0,0,349,61,13,15,3,12,4,26,7,0,10,742,1,31,0,7,2,0,0,32,4,29,5,61,248,276,1,30,32,59,90,28,13,2,13,27,14,15,8,0,116,34,2,15,7,1,0,6,2,0,0,8,24,0,0,0,0,15,12,1,9,1,5,1,11,0,0,0,0,0,36,7,0,0,7,2,0,1,68,0,0,1,1,5,4,1,0,0,0,0,0,0,18,2,75,0
1642,97,15,9,0,0,0,0,131,4,8,57,0,68,14,138,9,376,303,173,186,838,6,1,1,15,12,2,22,18,13,90,212,0,12,78,41,5,22,138,33,14,1,24,9,56,2,22,104,10,1,0,1,0,149,21,2,0,0,0,0,1,27,17,2,9,1,16,19,22,8,18,0,1,16,0,4,14,0,87,0,0,46,0,2,0,10,0,542,618,513,0,4,4,0,1952,1,19,344,7,4,0,0,10,0,0,0,351,68,14,16,3,12,5,26,7,0,10,744,1,31,0,7,2,0,0,32,4,30,5,62,250,278,1,30,32,59,90,28,13,2,13,27,14,15,8,0,117,34,2,15,7,1,0,6,2,0,0,8,24,0,0,0,0,15,12,1,9,1,5,1,11,0,0,0,0,0,36,7,0,0,7,2,0,1,70,0,0,1,1,5,4,1,0,0,0,0,0,0,20,2,75,0
1643,126,15,9,0,0,0,0,131,4,8,57,0,68,14,138,9,377,305,177,187,848,6,1,1,15,12,2,22,18,13,91,230,0,12,80,41,5,22,139,33,14,1,25,9,57,2,22,105,10,1,0,1,1,149,21,2,0,0,0,0,1,27,17,2,9,1,16,19,22,8,18,0,1,16,0,4,14,0,89,0,0,46,1,2,0,10,0,546,620,520,0,4,4,0,1963,1,19,345,7,4,0,0,10,0,0,0,352,71,14,16,3,12,5,27,7,0,10,745,1,32,0,7,2,0,0,32,4,30,5,62,251,278,1,30,33,59,90,28,13,2,14,27,14,15,8,0,117,34,2,15,7,1,0,6,2,0,0,8,24,0,0,0,0,15,12,1,9,1,5,1,11,0,0,0,0,0,36,7,0,0,7,2,0,3,70,0,0,1,1,5,4,1,0,0,0,0,0,0,20,2,78,0
1644,138,15,9,0,0,0,0,135,4,8,58,0,68,14,139,9,379,307,177,188,856,6,1,1,15,12,2,22,18,14,92,239,0,12,80,41,5,22,141,33,14,1,25,11,59,2,22,106,10,1,0,1,1,149,21,2,0,0,0,0,1,27,17,2,9,1,16,19,23,8,18,0,1,18,0,4,14,0,91,0,0,47,1,2,0,10,0,550,621,524,0,4,4,0,1968,1,19,347,7,4,0,0,10,0,0,0,431,74,14,17,3,12,5,27,7,0,10,750,1,32,0,7,2,0,0,32,4,32,5,64,252,279,1,31,35,60,90,28,14,2,14,27,14,15,8,0,117,34,2,15,8,1,0,6,2,0,0,10,24,0,0,0,0,15,12,1,9,1,5,1,11,0,0,0,0,0,36,7,0,0,7,2,0,3,71,0,0,1,1,5,4,1,0,0,0,0,0,0,20,2,80,0
1645,146,15,9,0,0,0,0,139,4,8,58,0,68,14,139,9,379,310,179,189,865,6,1,1,15,12,2,22,18,14,92,242,0,12,81,41,6,22,142,33,14,1,26,11,60,2,22,106,10,1,0,1,1,150,21,2,0,0,0,0,1,27,17,2,9,1,16,19,25,8,18,0,1,18,0,4,14,0,91,0,0,47,1,2,0,10,0,556,621,525,0,4,4,0,1979,1,19,352,7,4,0,0,10,0,0,0,432,78,14,17,3,12,5,27,8,0,10,750,1,32,0,7,2,0,0,32,4,34,5,64,252,280,1,31,35,61,91,28,14,2,14,27,14,15,8,0,119,34,2,15,9,1,0,6,2,0,0,10,24,0,0,0,0,15,12,1,9,1,5,1,11,0,0,0,0,0,36,7,0,0,7,2,0,3,72,0,0,1,1,5,4,1,0,0,0,0,0,0,20,2,80,0
1646,166,15,9,0,0,0,0,140,4,8,58,0,68,14,140,9,380,314,184,190,870,6,1,1,15,12,2,22,19,14,92,249,0,12,82,41,6,22,142,33,14,1,26,11,60,2,22,108,10,1,0,1,1,151,21,2,0,0,0,0,1,28,17,2,9,1,16,19,25,8,18,0,1,18,0,4,15,0,91,0,0,47,1,2,0,10,0,557,623,529,0,4,4,0,1983,1,21,354,7,4,0,0,10,0,0,0,433,79,14,17,3,13,5,27,8,0,10,751,1,32,0,7,2,0,0,32,4,34,5,64,253,281,1,31,35,62,91,28,14,2,14,27,14,15,8,0,119,34,2,15,9,1,0,6,2,0,0,10,24,0,0,0,0,15,12,1,9,1,5,1,11,0,0,0,0,0,36,7,0,0,7,2,0,3,72,0,0,1,1,5,4,1,0,0,0,0,0,0,20,2,80,0
1647,178,15,9,0,0,0,0,142,4,8,58,0,68,14,140,9,382,314,185,193,872,6,1,1,15,12,2,22,19,14,93,258,0,12,82,41,6,22,142,34,14,1,27,11,60,2,22,108,10,1,0,1,1,152,21,2,0,0,0,0,1,28,17,2,9,1,16,19,25,8,18,0,1,18,0,4,15,0,91,0,0,49,1,2,0,10,1,561,624,544,0,4,4,0,1988,1,22,355,7,4,0,0,10,0,0,0,435,80,14,17,3,13,5,27,8,0,10,754,1,32,0,7,2,0,0,32,4,54,6,64,253,282,3,31,35,62,92,28,14,2,14,27,14,15,8,0,119,34,2,15,9,1,0,6,2,0,0,10,26,0,0,0,0,15,12,1,9,1,5,1,11,0,0,0,0,0,36,7,0,0,7,2,0,4,75,0,0,1,1,5,4,1,0,0,0,0,0,0,20,2,80,0
1648,190,15,9,0,0,0,0,144,5,8,58,0,69,16,140,9,382,316,185,196,878,6,1,1,15,12,2,22,19,14,98,268,0,12,82,41,6,22,144,36,14,1,27,13,60,2,22,111,10,1,0,1,1,155,21,2,0,0,0,0,1,28,17,2,9,1,16,19,25,8,18,0,1,18,0,4,15,0,91,0,0,49,1,2,0,10,1,561,625,558,0,4,4,1,1991,1,22,356,7,4,0,0,10,0,0,0,435,83,14,17,3,14,5,27,8,0,10,755,1,32,0,7,2,0,0,32,4,65,6,64,254,283,3,31,36,62,94,29,14,2,15,27,14,15,8,0,120,34,2,15,9,1,0,6,2,0,0,10,26,0,0,0,0,15,13,1,9,1,5,1,11,0,0,0,0,0,36,7,0,0,7,2,0,4,75,0,0,1,1,5,4,1,0,0,0,0,0,0,20,2,80,0
1649,200,15,9,0,0,0,0,147,5,8,58,0,69,16,140,10,382,317,185,197,883,6,1,1,15,12,2,22,19,14,98,277,0,12,87,41,6,22,144,38,15,1,28,13,61,2,22,113,11,1,0,1,1,155,21,2,0,0,0,0,1,28,17,2,9,1,16,19,25,8,18,0,1,18,0,4,15,0,94,0,0,52,1,2,0,10,1,566,627,568,0,4,4,1,2002,1,22,357,7,4,0,0,10,0,0,0,436,86,15,17,3,14,5,27,8,0,11,758,1,33,0,7,2,0,0,32,4,65,6,64,255,286,3,32,37,64,94,29,14,2,15,27,14,15,8,0,120,37,2,16,9,1,0,6,2,0,0,10,26,0,0,0,0,15,13,1,9,1,6,1,11,0,0,0,0,0,36,7,0,0,7,2,0,4,75,0,0,1,1,5,4,1,0,0,0,0,0,0,20,2,80,0
1650,205,15,9,0,0,0,0,150,5,8,59,0,69,17,140,10,385,318,187,202,887,6,1,1,15,12,2,22,19,14,101,289,0,12,88,41,6,22,145,39,15,1,29,14,62,2,22,116,11,1,0,1,1,155,21,2,0,0,0,0,1,28,17,2,9,1,16,19,25,8,18,0,1,19,0,4,15,0,95,0,0,52,1,2,0,11,1,567,630,581,0,4,4,1,2006,1,24,359,7,4,0,0,10,0,0,0,436,91,15,18,4,14,5,27,9,0,11,761,1,33,0,7,2,0,0,33,4,67,6,64,256,286,3,33,37,64,96,30,14,2,15,28,14,15,8,0,122,37,2,16,9,1,0,6,2,0,0,10,26,0,0,0,0,15,13,1,9,1,6,1,11,0,0,0,0,0,36,7,0,0,7,2,0,4,76,0,0,1,1,5,4,1,0,0,0,0,0,0,20,2,83,0
1651,205,15,9,0,0,0,0,153,5,9,60,0,69,17,144,10,386,318,188,203,890,6,1,1,15,12,2,22,19,14,102,291,0,12,91,41,6,22,147,39,15,1,29,14,62,2,22,118,11,1,0,1,1,156,21,2,0,0,0,0,1,28,17,2,9,1,16,19,25,8,18,0,1,20,0,4,15,0,100,0,0,52,1,2,0,12,2,571,633,591,0,6,5,1,2013,1,25,359,7,4,0,0,10,0,0,0,436,97,15,18,4,14,5,27,9,0,11,765,1,33,0,7,2,0,0,34,4,71,6,64,257,288,3,33,39,65,98,30,15,2,16,28,15,16,8,0,125,37,2,16,9,1,0,6,2,0,0,10,26,0,0,0,0,15,13,1,9,1,6,1,11,0,0,0,0,0,36,8,0,0,7,3,0,4,76,0,1,1,1,5,4,1,0,0,0,0,0,0,20,2,83,0
1652,207,15,9,0,0,0,0,155,5,9,62,0,70,17,145,10,387,318,189,206,892,6,1,1,15,12,2,22,19,14,103,292,0,12,94,42,6,22,149,40,15,1,29,16,62,2,22,118,11,1,0,1,1,156,21,2,0,0,0,0,1,28,18,2,9,1,17,19,25,8,18,0,1,20,0,4,15,0,103,0,0,52,1,3,0,12,2,582,635,600,0,6,5,1,2025,1,26,362,7,4,0,0,10,0,0,0,437,100,15,18,4,14,5,27,10,0,11,769,1,33,0,7,2,0,0,34,4,73,6,65,260,290,3,33,39,65,102,30,15,2,16,28,15,16,8,0,127,37,2,16,9,1,0,6,2,0,0,10,27,0,0,0,0,15,14,1,9,1,6,1,11,0,0,0,0,0,36,8,0,0,7,3,0,4,78,0,1,1,1,5,4,1,0,0,0,0,0,0,20,2,83,0
1653,209,15,9,0,0,0,0,157,5,9,62,0,70,19,146,10,388,320,189,208,897,6,1,1,15,12,2,22,19,14,104,294,0,12,94,42,6,23,149,40,16,1,30,17,65,2,22,120,11,1,0,1,1,156,21,2,0,0,0,0,1,28,18,2,9,1,17,19,25,8,18,0,1,20,0,4,15,0,105,0,0,52,1,3,0,13,2,584,635,613,0,6,5,1,2035,1,27,365,7,4,0,0,10,0,0,0,437,104,15,18,4,14,5,27,10,0,11,772,1,33,0,7,2,1,0,34,4,77,6,65,262,290,3,33,39,65,104,31,15,2,16,28,15,18,9,0,128,37,2,16,9,1,0,7,2,0,0,10,28,0,0,0,0,15,15,1,10,2,6,2,11,0,0,0,0,0,36,8,0,0,7,3,0,4,80,0,1,1,1,5,4,1,0,0,0,0,0,0,20,2,84,0
1654,220,15,9,0,0,0,0,159,5,9,62,0,70,19,147,10,389,321,192,208,897,6,1,1,15,12,2,22,19,14,104,296,0,12,96,42,6,23,150,41,16,1,30,19,65,2,22,121,11,1,0,1,1,156,21,2,0,0,0,0,1,28,18,2,9,1,17,20,25,8,18,0,1,20,0,4,15,0,105,0,0,52,1,4,0,16,2,586,636,620,0,6,5,1,2041,1,28,367,8,4,0,0,10,0,0,0,437,109,15,18,4,14,5,28,10,0,11,777,1,33,0,7,2,1,0,34,4,86,6,65,266,291,3,34,40,67,105,31,16,2,16,28,15,18,9,0,128,37,2,16,9,1,0,7,3,0,0,11,28,0,0,0,0,16,16,1,10,2,6,2,11,0,0,0,0,0,36,8,0,0,7,3,0,4,82,0,1,1,1,5,5,1,1,0,0,0,0,0,20,2,86,0
1655,234,15,9,0,0,0,0,164,5,9,62,0,70,21,148,10,390,322,195,209,899,6,1,1,15,12,2,22,19,14,105,299,0,12,97,42,6,23,150,41,16,1,31,20,65,2,22,126,11,1,0,1,1,158,21,2,0,0,0,0,1,28,18,2,9,1,17,21,25,8,18,0,1,20,0,4,15,0,107,0,0,53,1,4,0,16,2,595,636,628,0,6,5,1,2049,1,28,369,8,4,0,0,10,0,0,0,437,114,15,18,4,14,6,29,10,0,11,779,1,34,0,7,2,1,0,34,4,87,6,66,269,297,3,34,40,68,109,33,17,2,16,28,15,19,9,0,129,37,2,16,9,1,0,7,3,0,0,12,28,0,0,0,0,16,16,1,11,2,6,2,11,0,0,0,0,0,36,8,0,0,7,3,0,4,86,0,1,1,1,5,5,1,1,0,0,0,0,0,20,2,86,0
1656,237,15,9,0,0,0,0,168,5,9,66,0,70,21,149,10,391,324,200,210,902,6,1,1,16,12,2,22,19,14,105,303,0,12,97,43,6,23,150,41,16,1,31,24,65,2,22,126,11,1,0,1,1,160,21,2,1,0,0,0,1,28,19,2,9,1,17,21,25,8,18,0,1,20,0,4,15,1,107,0,0,53,1,4,0,17,2,599,637,640,0,6,5,1,2057,1,28,374,8,4,0,0,10,0,0,0,437,121,15,18,4,14,6,29,10,0,11,779,1,34,0,8,2,1,0,34,5,91,6,67,271,300,3,34,41,69,112,33,17,2,16,29,15,20,9,0,131,39,2,17,9,1,0,7,3,0,0,12,29,0,0,0,0,16,16,1,11,2,6,2,11,0,0,0,0,0,36,8,0,0,7,4,0,4,89,0,1,1,1,5,5,1,1,0,0,0,0,0,21,2,86,0
1657,238,15,9,0,0,0,0,171,5,9,67,0,70,21,149,10,391,327,200,211,907,6,1,1,16,12,2,22,19,14,105,305,0,13,98,43,6,23,151,43,16,1,31,24,65,2,22,132,11,1,0,1,1,160,21,2,1,0,0,0,1,28,19,2,9,1,17,21,26,8,18,0,1,21,0,4,15,1,108,0,0,53,1,4,0,17,2,601,639,657,0,6,5,1,2062,1,28,379,8,4,0,0,10,0,0,0,437,121,15,18,4,14,6,29,10,0,11,780,1,34,0,8,2,1,0,34,5,91,7,68,274,301,3,34,45,74,112,34,17,2,16,29,16,20,9,0,136,40,2,17,9,1,0,7,3,0,0,12,29,0,0,0,0,17,16,1,11,2,6,2,11,0,0,0,0,0,36,8,0,0,8,4,0,4,91,0,1,1,1,5,5,1,1,0,0,0,0,0,23,2,88,0
1658,241,15,9,0,0,0,0,173,6,9,70,0,71,21,149,10,392,329,202,212,913,6,1,1,16,12,2,24,19,14,106,309,0,15,98,43,6,23,153,44,16,1,31,24,66,2,22,143,11,1,0,1,1,160,21,2,1,0,0,0,1,28,19,2,9,1,18,21,26,8,18,0,1,21,0,4,15,1,109,0,0,53,1,4,0,17,2,603,642,670,0,6,5,1,2065,1,28,381,8,4,0,0,10,0,0,0,439,126,15,18,4,14,7,29,10,0,11,784,1,34,0,8,2,1,0,36,5,91,7,68,277,304,3,34,47,77,112,35,18,2,18,29,16,20,9,0,140,40,2,17,9,1,0,7,3,0,0,12,29,0,0,0,0,17,16,1,11,2,6,2,11,0,0,0,0,0,36,8,0,0,8,4,0,4,92,0,1,1,1,5,5,1,1,0,0,0,0,0,23,2,89,0
1659,246,16,10,0,0,0,0,175,6,9,73,0,71,21,152,10,394,331,203,215,916,6,1,2,16,12,2,24,19,14,107,313,0,15,98,44,6,23,153,44,16,1,31,24,67,2,22,145,11,1,0,1,1,160,22,2,1,0,0,0,1,28,19,2,9,1,19,21,26,8,18,0,1,21,0,4,15,1,110,0,0,53,2,4,0,17,2,605,644,688,0,6,5,1,2072,1,28,382,8,4,0,0,10,0,0,0,440,130,15,18,4,14,7,29,10,0,11,788,1,34,0,8,2,1,0,37,5,96,7,68,280,308,3,34,48,79,113,35,19,2,18,29,16,21,9,0,144,40,2,17,9,1,0,7,3,0,0,12,29,0,0,0,0,17,16,1,11,2,6,2,11,0,0,0,0,0,36,9,0,0,8,4,0,4,92,0,1,1,1,5,5,1,1,0,0,0,0,0,23,2,90,0
1660,285,16,10,0,0,0,0,180,6,9,75,0,72,21,153,10,394,333,205,221,926,6,1,2,16,12,2,25,19,14,107,323,0,15,101,44,6,23,153,44,16,1,31,25,67,2,23,146,11,1,0,1,1,160,22,2,1,0,0,0,1,28,19,2,9,1,19,23,26,8,18,0,1,21,0,4,15,1,114,0,0,54,2,4,0,18,2,612,646,700,0,6,5,1,2079,1,28,384,8,4,0,0,10,0,0,0,440,133,15,18,4,14,7,30,10,0,11,792,2,34,0,8,2,1,0,37,5,99,7,69,283,311,3,34,48,82,114,35,20,2,18,29,17,21,9,0,146,40,2,17,9,1,0,7,3,0,0,12,31,0,0,0,0,17,16,1,11,2,6,3,11,0,0,0,0,0,36,9,0,0,8,4,0,4,95,0,1,1,1,5,7,1,1,0,0,0,0,0,23,2,91,0
1661,304,16,10,0,0,0,0,184,6,9,76,0,72,21,154,10,394,334,207,221,942,6,1,2,16,12,2,25,19,14,107,330,0,15,102,44,6,23,154,44,16,1,31,25,68,2,23,150,11,1,0,1,1,160,22,2,1,0,0,0,2,28,19,2,9,1,20,23,26,8,18,0,1,21,0,4,15,1,116,0,0,56,2,4,0,18,2,615,650,714,0,6,5,1,2087,1,28,387,8,4,0,0,10,0,0,0,440,137,15,18,4,14,7,30,10,0,11,797,2,34,0,9,2,1,0,38,5,106,7,69,285,314,3,34,50,84,115,36,20,2,18,29,17,21,10,0,147,40,2,18,9,1,0,7,3,0,0,12,31,0,0,0,0,17,16,1,11,2,6,4,11,0,1,0,0,0,36,9,0,0,8,4,0,4,95,0,1,1,1,5,7,1,1,0,0,0,0,0,24,2,92,0
1662,305,16,10,0,0,0,0,185,6,9,76,0,73,21,154,10,396,334,207,222,946,6,1,2,16,12,2,25,20,14,107,336,0,15,104,44,6,23,154,44,16,1,31,25,68,2,23,155,11,1,0,1,1,161,22,2,1,0,0,0,2,28,19,2,9,1,20,24,26,8,18,0,1,21,0,4,15,1,117,0,0,57,3,4,0,19,2,621,654,733,0,7,5,1,2100,1,28,393,8,4,0,0,10,0,0,0,446,143,15,20,4,14,7,30,10,0,11,800,2,34,0,9,2,1,0,38,5,107,7,70,285,317,3,34,50,84,117,37,20,2,18,29,17,21,10,0,151,40,2,19,9,1,0,7,3,0,0,13,31,0,0,0,0,17,16,1,11,2,6,4,11,0,1,0,0,0,36,9,0,0,8,4,0,4,98,0,1,1,1,5,7,1,1,0,0,0,0,0,24,2,93,0
1663,308,16,10,0,0,0,0,190,6,9,77,0,73,22,155,10,397,337,207,226,949,6,1,2,16,12,2,26,20,15,110,337,0,15,107,44,6,23,155,45,16,1,31,25,69,2,23,160,12,1,0,1,1,162,22,2,1,0,0,0,2,28,21,3,9,1,20,24,27,8,18,0,1,21,0,4,15,1,118,0,0,57,3,4,0,21,2,629,657,749,0,7,5,1,2108,1,29,396,8,4,0,0,10,0,0,0,446,147,15,20,4,14,7,30,10,0,11,802,2,34,0,9,2,1,0,38,5,111,7,71,287,318,3,34,52,86,118,40,21,2,18,29,17,21,11,0,155,40,2,19,9,1,0,7,3,0,0,13,31,0,0,0,0,17,17,1,11,2,6,4,11,0,1,0,0,0,36,9,0,0,8,4,0,4,98,0,1,1,1,5,7,1,1,0,0,0,0,0,24,2,95,0
1664,311,17,10,0,0,0,0,195,6,9,78,0,73,23,155,10,397,339,208,227,959,6,1,2,16,12,2,26,20,15,110,339,0,16,110,44,6,23,156,45,17,1,31,25,69,2,23,162,12,1,0,1,1,162,22,2,1,0,0,0,2,29,24,3,9,1,20,24,27,8,18,0,1,21,0,4,15,1,123,0,0,58,3,4,0,21,2,636,658,762,0,7,5,1,2118,1,29,400,8,4,0,0,10,0,0,0,447,153,15,20,4,14,7,30,10,0,11,805,2,35,0,9,2,1,0,38,5,115,8,72,291,320,3,35,55,87,118,41,21,2,18,29,18,22,13,0,155,40,2,20,9,1,0,7,3,0,0,13,31,0,0,0,0,17,17,2,12,2,6,4,12,0,1,0,0,0,37,9,0,0,8,4,0,4,99,0,1,1,1,5,7,1,1,0,0,0,0,0,24,2,96,0
1665,313,17,10,0,0,0,0,198,6,9,81,0,73,23,155,10,398,342,208,229,962,6,1,2,16,13,2,26,20,16,111,341,0,16,111,44,6,23,156,46,17,1,31,25,70,2,23,166,12,1,0,1,1,162,22,2,1,0,0,0,2,31,24,3,10,1,20,24,27,8,18,0,1,21,0,4,15,1,125,0,0,58,3,4,0,21,2,644,661,766,0,7,5,1,2129,1,29,407,8,4,0,0,10,0,0,0,447,156,15,21,4,15,7,30,10,0,11,807,2,35,0,9,2,1,0,38,5,121,8,73,292,321,3,37,56,88,121,41,21,2,19,29,18,23,14,0,156,40,2,20,10,1,0,7,3,0,0,13,31,0,0,0,0,17,17,2,13,2,6,4,12,0,1,0,0,0,38,9,0,0,8,4,0,4,99,0,1,1,1,5,8,1,1,0,0,0,0,0,24,2,97,0
1666,313,30,10,0,0,0,0,199,6,9,81,0,73,23,155,10,399,344,208,230,967,6,1,2,16,13,2,26,20,16,113,341,0,16,113,45,6,23,157,47,17,1,31,26,71,2,23,171,13,1,0,1,1,163,22,2,1,0,0,0,2,31,24,3,10,1,20,24,27,8,18,0,1,21,0,4,15,1,126,0,0,58,3,4,0,22,2,650,665,769,0,7,5,1,2138,1,30,408,8,4,0,0,10,0,0,0,450,163,16,22,4,15,7,31,10,0,11,809,2,35,0,9,2,1,0,38,5,131,9,75,294,321,3,37,56,89,121,42,22,2,20,29,18,23,14,0,156,40,2,21,10,1,0,7,3,0,0,13,31,0,0,0,0,18,18,2,13,2,6,4,12,0,1,0,0,0,38,9,0,0,8,4,0,4,100,0,1,1,1,5,9,1,1,0,0,0,0,0,24,2,98,0
1667,316,30,13,0,0,0,0,201,6,9,83,0,73,24,155,10,399,344,208,230,972,6,1,2,16,13,2,26,20,16,113,342,0,16,118,45,6,23,157,48,17,1,31,27,71,2,23,177,13,1,0,1,2,164,22,2,1,0,0,0,2,31,24,3,10,1,20,24,27,8,18,0,1,22,0,4,15,1,127,0,0,58,3,4,0,22,2,661,668,774,0,7,6,1,2147,1,31,413,8,4,0,0,10,0,0,0,450,171,16,22,4,15,8,31,10,0,11,815,2,35,0,9,2,1,0,38,5,133,9,76,295,321,3,39,59,90,121,43,23,2,20,29,18,23,15,0,157,40,2,22,10,1,0,7,3,0,0,13,31,0,0,0,0,18,18,2,14,2,6,4,12,0,1,0,0,0,38,9,0,0,8,4,0,4,100,0,1,1,1,5,9,1,1,0,0,0,0,0,24,2,100,0
1668,322,30,13,0,0,0,0,207,6,9,85,0,75,24,155,10,399,348,208,231,977,6,1,2,16,13,2,26,21,16,114,343,0,16,122,55,6,23,158,48,17,1,31,28,72,2,23,179,13,1,0,1,2,164,22,2,1,0,0,0,2,31,24,3,11,1,20,24,27,8,18,0,1,22,0,4,15,1,130,0,0,58,3,4,0,22,2,663,671,780,0,7,6,1,2154,1,32,419,8,4,0,0,10,0,0,0,451,174,16,22,4,15,9,31,11,0,13,822,2,35,0,9,3,1,0,38,5,134,9,76,296,323,3,41,64,91,121,45,25,2,20,29,18,23,15,0,157,40,2,23,10,1,0,7,3,0,0,13,31,0,0,0,0,18,18,2,14,3,6,4,12,0,1,0,0,0,38,9,0,0,8,4,0,4,102,0,1,1,1,5,9,1,1,0,0,0,0,0,24,2,101,0
1669,323,31,13,0,0,0,0,210,6,9,88,0,78,26,155,10,399,350,208,232,981,6,1,2,16,13,2,26,22,16,114,346,0,16,122,59,6,23,158,48,18,1,33,28,73,2,23,183,14,1,0,1,2,164,22,2,1,0,0,0,2,31,24,3,11,1,20,24,27,8,18,0,1,22,0,4,15,1,133,0,0,59,3,4,0,22,2,667,672,787,0,7,6,1,2157,1,32,423,8,4,0,0,10,0,0,0,452,178,16,22,4,15,9,32,11,0,13,827,2,35,0,9,3,1,0,39,6,141,9,78,302,327,3,41,66,93,122,46,26,4,20,29,19,24,16,0,159,40,2,24,10,1,0,7,3,0,0,13,31,0,0,0,0,19,18,2,14,3,6,4,12,0,1,0,0,0,38,9,0,0,8,4,0,4,105,0,1,1,1,5,10,1,1,0,0,0,0,0,24,2,101,0
1670,328,31,14,0,0,0,0,215,6,9,88,0,78,27,157,10,400,350,208,238,991,6,1,2,16,13,2,26,23,16,114,351,0,16,122,60,6,23,158,48,18,1,33,28,75,2,23,192,15,1,0,1,2,166,22,2,1,0,0,0,2,33,24,3,11,1,21,25,27,8,18,0,1,22,0,4,15,1,134,0,0,60,4,4,0,22,2,674,673,804,0,7,6,1,2160,1,37,429,8,4,0,0,10,0,0,0,454,184,16,22,4,16,9,32,11,0,13,832,2,35,0,9,3,1,0,39,6,143,9,78,304,329,3,41,68,95,122,49,26,4,20,30,21,24,16,0,160,40,2,27,10,1,0,7,3,0,0,16,32,0,0,0,0,19,18,2,14,3,6,4,13,0,1,0,0,0,38,10,0,0,9,4,0,4,107,0,1,1,1,5,10,1,1,0,0,0,0,0,24,2,101,0
1671,331,31,14,0,0,0,0,220,6,9,90,0,78,27,157,10,400,352,210,239,994,6,1,2,16,13,2,26,24,17,116,355,0,16,123,60,7,23,158,48,18,1,34,28,75,2,23,200,16,1,0,1,2,167,22,2,1,0,0,0,2,33,24,3,11,1,21,25,27,9,19,0,1,22,0,4,15,1,135,0,0,61,4,4,0,23,2,677,675,826,0,7,6,1,2169,1,37,430,8,4,0,0,10,0,0,0,454,192,17,22,4,16,9,32,11,0,13,835,2,35,0,9,3,1,0,39,6,145,9,79,312,336,3,41,69,97,123,49,26,4,21,30,21,25,17,0,164,41,2,28,10,1,0,7,3,0,0,16,33,0,0,0,0,19,18,2,14,3,6,4,13,0,1,0,0,0,38,10,0,0,9,4,0,5,108,0,1,1,1,5,10,1,1,0,0,0,0,0,25,2,102,0
1672,334,31,14,0,0,0,0,227,6,9,91,0,78,27,157,10,400,352,211,239,999,6,1,2,16,13,2,29,24,17,119,356,0,16,124,60,7,23,158,48,21,1,35,28,75,2,23,208,16,1,0,1,2,169,23,2,1,0,0,0,2,35,25,3,11,1,21,25,27,9,21,0,1,22,0,4,15,1,135,0,0,62,4,4,0,23,2,683,679,836,0,10,6,1,2180,1,37,431,8,4,0,0,10,0,0,0,454,200,19,23,4,16,9,33,11,0,13,837,2,36,0,9,4,1,0,39,6,148,9,80,313,339,3,43,71,100,123,49,27,4,21,32,21,26,18,0,165,41,2,28,11,1,0,7,3,0,0,16,34,0,0,0,0,19,18,2,14,3,6,4,13,1,1,0,0,0,38,10,0,0,10,4,0,5,110,0,1,1,1,5,10,1,1,0,0,0,0,0,25,2,107,0
1673,338,31,14,0,0,0,0,232,6,9,91,0,81,27,157,10,400,354,213,242,1007,6,1,2,16,13,2,31,24,18,122,361,0,17,124,60,7,23,158,49,21,1,35,29,75,2,23,211,16,1,0,1,2,169,23,2,1,0,0,0,2,35,25,3,11,1,21,26,28,9,22,0,1,22,0,4,16,1,136,0,0,62,4,4,0,23,2,689,685,844,0,11,6,1,2189,1,37,432,8,4,0,0,10,0,0,0,457,207,19,23,4,16,9,33,11,0,13,840,2,36,0,9,4,1,0,39,6,156,9,80,317,347,3,43,72,101,124,50,28,5,21,33,21,27,20,0,165,41,2,28,11,2,0,7,3,0,0,16,34,0,0,0,0,19,18,2,14,3,6,4,13,1,1,0,0,0,39,10,0,0,10,4,0,6,111,0,1,1,1,5,10,1,1,0,0,0,0,0,25,2,109,0
1674,340,31,14,0,0,0,0,234,6,9,92,0,81,27,159,10,403,355,214,244,1015,6,1,2,16,13,2,31,24,18,123,362,0,17,125,60,7,24,158,49,21,1,35,30,77,2,24,213,17,1,0,1,2,170,23,2,1,0,0,0,2,35,26,3,11,1,21,26,29,10,22,0,1,22,0,4,16,1,136,0,0,62,4,4,0,23,2,690,686,854,0,12,6,1,2197,1,37,435,8,4,0,0,11,0,0,0,458,213,19,24,4,16,10,33,11,0,13,842,2,37,0,10,4,1,0,39,6,158,9,81,324,349,3,43,73,104,125,53,28,5,21,33,22,27,21,0,167,41,2,28,11,2,0,7,3,0,0,17,35,0,0,0,0,19,18,2,14,3,6,4,13,1,1,0,0,0,39,10,0,0,10,4,0,6,116,0,1,1,1,5,10,1,1,0,0,0,0,0,25,2,112,0
1675,341,31,14,0,0,0,0,237,6,9,92,0,84,27,160,10,403,357,214,245,1022,6,1,2,16,13,2,32,24,18,124,364,0,17,125,60,7,24,162,49,21,1,35,31,77,2,24,213,17,1,0,1,2,172,23,2,1,0,0,0,2,35,26,3,11,1,21,26,30,11,22,0,1,22,0,4,16,1,136,0,0,62,4,4,0,23,2,693,686,871,0,14,6,1,2204,1,37,439,8,4,0,0,11,0,0,0,459,222,20,24,4,16,10,34,11,0,13,849,2,38,0,10,4,1,0,39,6,158,9,81,324,361,3,43,74,109,125,53,28,5,21,35,22,28,22,0,167,41,2,28,12,2,0,7,3,0,0,17,35,0,0,0,0,19,19,2,15,3,6,4,14,1,1,0,0,0,39,10,0,0,10,4,0,6,117,0,1,1,1,5,10,1,1,0,0,0,0,0,25,2,115,0
1676,342,31,14,0,0,0,0,240,6,9,92,0,86,27,160,10,403,358,214,247,1029,6,1,2,16,13,2,32,25,18,125,372,0,17,125,60,7,25,163,49,21,1,35,31,77,2,24,213,17,1,0,1,2,174,23,2,1,0,0,0,2,35,26,3,12,1,21,26,31,11,23,0,1,22,0,4,16,1,136,0,0,62,4,4,0,24,2,693,690,882,0,14,6,1,2208,1,39,443,8,4,0,0,11,0,0,0,459,229,20,24,4,17,10,34,12,0,13,851,2,38,0,10,4,1,0,39,6,158,9,81,324,367,3,43,76,109,125,53,29,5,21,36,22,29,22,0,169,41,2,28,12,2,0,7,3,0,0,17,35,0,0,0,0,19,21,2,15,3,6,4,14,1,1,0,0,0,39,10,0,1,10,4,0,6,118,0,1,1,1,6,10,1,1,0,0,0,0,0,25,2,116,0
1677,346,31,14,0,0,0,0,247,6,9,92,0,87,27,160,10,404,362,215,250,1037,6,1,2,17,13,2,33,25,18,125,377,0,18,125,60,7,25,164,49,22,1,35,31,79,2,25,214,17,1,0,1,2,177,23,2,1,0,0,1,2,35,26,3,12,1,22,26,31,11,23,0,1,22,0,4,16,1,136,0,0,62,5,4,0,25,2,701,691,893,0,14,6,1,2212,1,39,445,8,4,0,0,11,0,0,0,460,239,20,25,4,17,10,34,12,0,13,853,2,38,0,10,4,1,0,39,6,162,9,82,329,379,3,44,77,110,126,53,31,5,25,36,22,29,23,0,170,42,2,28,14,2,0,7,3,0,0,17,35,0,0,0,0,19,21,2,15,3,6,5,14,1,1,0,0,0,39,10,0,1,10,4,0,6,121,0,2,1,1,6,10,1,1,0,0,0,0,0,26,2,116,0
1678,351,31,15,0,1,0,0,249,6,9,92,0,89,29,160,10,405,363,216,253,1045,6,1,2,17,13,2,33,25,18,125,381,0,18,129,60,7,25,166,50,22,1,36,31,80,2,25,214,17,1,0,1,2,178,23,2,1,0,0,1,2,35,27,3,12,1,24,26,31,12,23,0,1,22,0,4,16,1,136,0,0,62,5,4,0,25,2,704,694,906,0,14,6,1,2216,1,40,449,8,4,0,0,11,0,0,0,460,245,20,26,4,17,11,34,12,0,13,855,2,38,0,10,4,1,0,39,6,164,9,83,331,385,4,45,78,110,128,53,33,5,25,36,26,29,24,0,171,43,2,29,14,3,0,7,3,0,0,17,35,0,0,0,0,19,21,2,15,3,6,5,14,1,1,0,0,0,39,10,0,1,10,4,0,6,122,0,2,1,1,6,10,1,1,0,0,0,0,0,26,2,117,0
1679,370,31,15,0,1,0,0,253,6,9,92,0,90,29,160,10,405,365,216,255,1051,6,1,2,17,13,2,34,25,18,127,403,0,18,129,61,7,25,166,50,22,1,37,31,80,2,25,219,17,1,0,1,2,179,23,2,1,0,0,1,2,35,27,3,12,1,26,29,31,12,25,0,1,22,0,4,16,1,136,0,0,64,6,4,0,26,2,708,698,938,0,14,6,1,2225,1,40,449,8,4,0,0,11,0,0,0,460,256,20,26,4,17,12,34,12,0,13,860,2,38,0,10,4,1,0,39,6,164,9,83,333,393,4,45,79,111,128,53,33,5,25,36,27,30,24,0,171,43,2,30,14,3,0,7,3,0,0,17,35,0,0,0,0,19,21,2,15,3,6,5,14,2,1,0,0,0,39,10,0,1,10,4,0,6,124,0,2,1,1,6,10,1,1,0,0,0,0,0,26,2,118,0
1680,411,31,15,0,1,0,0,256,6,9,93,0,90,29,161,10,406,367,216,257,1061,6,1,2,17,13,2,34,26,18,127,416,0,18,129,61,7,25,169,50,22,1,37,31,81,2,26,223,17,1,0,1,2,179,23,2,1,0,0,1,2,35,28,3,12,1,27,29,31,12,25,0,1,24,0,4,17,1,139,0,0,68,6,4,0,27,2,711,699,963,0,14,6,1,2230,1,42,451,8,4,0,0,11,0,0,0,460,268,20,27,4,17,13,34,12,0,13,861,2,39,0,10,4,1,0,39,6,166,9,83,340,405,4,45,80,111,131,55,34,5,25,36,27,31,25,0,173,44,2,30,14,3,0,7,3,0,0,17,35,0,0,0,0,19,21,2,15,3,6,5,14,2,1,0,0,0,39,10,0,1,10,4,0,6,125,0,2,1,1,6,10,1,1,0,0,0,0,0,26,2,120,0
1681,448,31,15,0,1,0,0,263,6,9,93,0,91,29,162,10,406,367,217,257,1066,6,1,2,17,13,2,35,26,18,127,427,0,18,131,61,7,25,169,50,22,1,37,31,81,2,27,229,18,1,0,1,2,181,23,2,1,0,0,1,2,35,28,3,12,1,27,29,31,12,25,0,1,25,0,4,18,1,139,0,0,74,6,4,0,27,2,717,703,994,0,14,6,1,2238,1,42,453,8,4,0,0,11,0,0,0,462,277,20,27,4,17,14,34,12,0,13,862,2,39,0,11,4,1,0,39,6,167,9,83,341,412,4,45,80,112,131,56,34,5,25,36,28,32,25,0,173,44,2,30,14,3,0,8,3,0,0,17,35,0,0,0,0,19,21,2,15,3,6,5,14,2,1,0,0,0,39,10,0,1,10,4,0,6,127,0,2,1,1,6,10,1,1,0,0,0,0,0,26,2,121,0
1682,470,31,15,0,1,0,0,269,7,10,93,0,92,29,163,10,406,371,218,265,1076,6,1,2,17,13,2,36,26,18,128,437,0,19,131,61,7,25,169,50,22,1,37,31,81,2,28,232,19,1,0,1,2,181,23,2,1,0,0,1,2,36,29,3,12,1,28,30,31,12,25,0,1,25,0,4,19,1,141,0,0,78,6,4,0,28,2,722,707,1020,0,14,6,1,2245,1,42,458,8,4,0,0,11,0,0,0,463,287,21,29,4,17,14,34,12,0,13,863,2,39,0,11,4,1,0,39,6,171,9,84,344,422,4,45,81,113,132,59,34,5,25,37,28,32,25,0,177,45,2,30,14,3,0,9,3,0,0,17,35,0,0,0,0,19,21,2,15,3,6,5,14,2,1,0,0,0,39,10,0,1,10,5,0,6,129,0,2,1,1,6,13,1,1,0,0,0,0,0,26,2,122,0
1683,488,31,16,0,1,0,0,271,7,10,94,0,92,29,164,10,406,371,222,268,1085,6,1,2,17,14,2,37,26,18,128,442,0,19,132,61,7,25,170,50,22,1,37,31,81,2,30,233,19,1,0,1,2,183,23,2,1,0,0,1,2,37,30,3,12,1,28,30,31,12,27,0,1,25,0,4,20,1,141,0,0,78,6,4,0,28,2,724,707,1036,0,14,6,1,2247,1,42,464,8,4,0,0,11,0,0,0,464,299,22,30,4,19,14,34,12,0,13,865,2,39,0,11,4,1,0,40,6,171,9,84,346,424,4,45,82,120,133,59,34,5,26,37,30,33,25,0,179,47,2,30,14,3,1,9,3,0,0,17,37,0,0,0,0,19,21,2,16,3,6,5,14,2,1,0,0,0,39,10,0,1,11,5,0,6,129,0,2,1,1,7,14,1,1,0,0,0,0,0,26,2,124,0
1684,497,31,18,0,1,0,0,277,7,10,94,0,93,31,164,10,409,373,224,271,1099,6,1,2,17,14,2,37,26,18,130,451,0,19,135,61,7,25,176,51,22,1,37,32,81,2,30,235,19,1,0,1,2,184,23,2,1,0,0,1,2,37,30,3,12,1,28,30,31,12,27,0,1,25,0,4,20,1,141,0,0,79,6,4,0,28,2,727,710,1063,0,14,6,1,2258,1,42,466,8,4,0,0,11,0,0,0,467,310,22,30,4,19,14,34,12,0,13,866,2,39,0,11,4,1,0,40,6,172,9,85,347,429,4,45,83,122,133,61,34,5,27,37,31,34,25,0,183,47,2,30,14,3,1,9,3,0,0,17,39,0,0,0,0,19,21,2,17,3,6,5,15,2,1,0,0,0,39,10,0,1,11,5,0,6,131,1,2,1,1,7,14,1,1,0,0,0,0,0,26,2,124,0
1685,517,31,19,0,1,0,0,280,7,10,94,0,95,34,164,10,411,378,226,273,1106,6,1,2,17,14,2,37,26,18,130,456,0,21,136,63,7,29,179,51,23,1,38,32,81,2,30,236,19,1,0,1,2,184,23,2,1,0,0,1,2,39,30,3,12,1,28,32,31,12,27,0,1,25,0,4,20,2,141,0,0,80,6,4,0,28,4,732,711,1083,0,15,6,1,2264,2,42,469,8,4,0,0,11,0,0,0,467,319,22,32,4,19,15,34,12,0,14,866,2,41,0,11,4,1,0,41,6,173,9,86,351,434,4,45,83,128,133,61,34,5,28,37,31,34,25,0,183,47,2,30,14,3,1,9,3,0,0,19,39,0,0,0,0,19,21,2,17,3,6,5,15,2,1,0,0,0,39,10,0,1,11,5,0,6,136,1,2,1,1,7,14,1,2,0,0,0,0,0,26,2,127,0
1686,520,31,19,0,1,0,0,286,7,10,94,0,95,34,164,11,419,380,230,274,1115,6,1,2,17,14,2,37,26,18,130,458,0,22,138,65,8,29,182,51,23,1,38,33,81,2,30,241,20,1,0,1,2,185,23,2,1,0,0,1,2,40,30,3,12,1,28,34,31,13,27,0,1,26,0,4,20,2,142,0,0,81,6,4,0,28,4,738,713,1089,0,15,6,1,2274,2,42,472,8,4,0,0,11,0,0,0,468,330,25,32,4,19,15,34,12,1,15,870,2,42,0,11,4,1,0,41,6,173,9,86,353,437,4,45,84,131,135,62,34,5,31,38,31,35,25,0,185,49,2,30,15,3,1,9,3,0,0,20,39,0,0,0,0,19,21,2,17,3,6,5,15,2,1,0,0,0,39,10,0,1,12,5,0,6,136,1,2,1,1,7,14,1,2,0,0,0,0,0,26,2,128,0
1687,534,31,19,0,1,0,1,290,7,10,95,0,95,34,164,11,423,385,232,277,1120,6,1,2,17,14,2,37,26,18,131,462,0,25,141,65,8,31,183,52,24,1,38,33,81,3,30,246,20,1,0,1,2,186,23,2,1,0,0,1,2,40,30,3,12,1,28,34,31,13,27,0,1,27,0,4,21,2,143,0,0,81,6,4,0,28,4,742,714,1100,0,15,6,1,2278,2,43,474,9,4,0,0,11,0,0,0,468,341,26,33,4,19,16,35,12,1,16,874,2,42,0,11,4,1,0,41,6,173,9,87,356,444,4,45,84,133,136,64,35,5,32,39,32,38,25,0,186,49,2,31,15,3,1,9,3,0,0,20,39,0,0,0,0,19,21,2,17,3,6,5,15,2,1,0,0,0,39,10,0,1,12,5,0,6,139,1,2,1,1,7,15,1,2,0,0,0,0,0,26,2,129,0
1688,562,31,19,0,1,0,1,292,7,10,96,0,96,36,165,11,423,385,232,277,1132,6,1,2,18,14,2,37,26,18,135,471,0,25,144,65,8,31,184,52,25,1,39,33,81,3,30,254,20,1,0,1,2,190,23,2,1,0,0,1,2,40,30,3,13,1,28,34,31,13,27,0,1,28,0,4,22,2,143,0,0,83,6,4,0,28,4,743,714,1110,0,15,6,1,2289,2,46,478,9,4,0,0,11,0,0,0,470,355,26,33,4,19,16,35,12,1,16,874,2,45,0,11,4,1,0,41,6,177,9,88,360,449,4,46,84,134,137,64,36,5,33,39,32,39,26,0,186,50,2,31,16,4,1,9,3,0,0,20,40,0,0,0,0,19,22,2,17,3,6,5,15,2,1,0,0,0,39,10,0,1,12,5,0,6,139,1,2,1,1,7,15,1,2,0,0,0,0,0,26,2,131,0
1689,660,31,20,0,1,0,1,295,7,10,97,0,96,38,165,11,424,387,232,280,1141,6,1,2,18,14,2,37,26,18,137,493,0,25,146,65,8,32,185,52,25,1,39,33,84,3,30,255,20,1,0,1,2,190,23,2,1,0,0,1,2,40,31,3,13,1,28,34,31,13,27,0,1,29,0,4,22,2,144,0,0,87,6,4,0,29,4,744,714,1125,0,17,6,1,2298,2,49,480,9,4,0,0,11,0,0,0,470,365,28,33,4,19,16,35,12,1,16,875,2,45,0,12,4,1,0,41,6,177,10,90,362,451,4,46,85,135,137,64,38,5,34,39,32,39,26,0,186,50,2,31,17,4,1,9,3,0,0,20,40,0,0,0,0,19,22,2,17,3,6,5,15,2,1,0,0,0,39,10,0,1,12,5,0,6,140,1,2,1,1,7,17,1,2,0,0,0,0,0,26,2,134,0
1690,683,31,20,0,1,0,1,297,7,10,99,0,98,40,169,11,426,388,233,284,1147,6,1,2,18,15,2,37,27,18,137,498,0,25,147,65,8,32,188,52,25,1,40,33,84,3,30,256,20,1,0,1,2,191,23,2,1,0,0,1,2,41,32,3,13,1,29,35,31,13,27,0,1,29,0,4,22,2,145,0,0,88,6,6,0,29,4,744,714,1130,0,17,6,1,2300,2,50,481,9,4,0,0,11,0,0,0,472,380,28,34,4,19,16,37,12,1,16,879,2,45,0,12,4,1,0,41,6,180,10,92,365,459,4,46,85,136,138,65,38,5,34,39,32,39,26,0,187,50,2,31,17,4,1,9,3,0,0,20,41,0,0,0,0,19,22,2,17,3,6,5,15,3,1,0,0,0,39,10,0,1,12,5,0,6,141,1,2,1,1,7,17,1,2,0,0,0,0,0,26,2,137,0
1691,712,31,20,0,1,0,1,300,7,11,101,0,98,41,169,11,428,389,236,287,1154,6,1,2,18,16,3,37,27,18,137,500,0,25,152,65,8,32,189,52,25,1,40,33,85,3,30,258,20,1,0,1,2,192,23,2,1,0,0,1,2,42,32,3,13,2,29,36,32,13,27,0,1,29,0,4,22,2,146,0,0,89,6,6,0,29,4,745,715,1135,0,17,6,1,2304,2,50,482,9,4,0,0,11,0,0,0,474,395,28,34,4,19,16,37,13,1,16,880,2,48,0,12,4,1,0,42,6,186,10,98,365,471,4,46,85,137,138,67,38,5,34,39,32,39,26,0,187,52,2,32,17,4,1,9,3,0,0,20,41,0,0,0,0,19,23,2,18,3,6,5,15,3,1,0,0,0,39,10,0,1,12,5,0,6,141,1,2,1,1,7,17,1,2,0,0,0,0,0,26,2,139,0
1692,762,31,20,0,1,0,1,302,7,11,101,0,100,42,173,11,428,392,237,289,1162,6,1,2,18,17,3,37,27,18,138,506,0,25,153,66,8,32,191,52,25,1,40,33,85,3,30,259,20,1,0,1,2,195,24,2,1,0,0,1,2,43,33,3,13,2,29,36,32,14,27,0,1,29,0,4,22,2,146,0,0,89,6,6,0,31,4,751,716,1140,0,17,6,1,2308,2,50,482,9,4,0,0,11,0,0,0,475,401,28,34,4,19,17,37,14,1,16,884,2,50,0,12,4,1,0,42,6,193,10,101,368,477,4,46,85,138,139,69,38,5,34,39,32,39,26,0,188,52,2,32,17,4,1,9,3,0,0,20,41,0,0,0,0,19,23,2,18,3,6,5,15,3,1,0,0,0,39,10,0,1,12,6,0,6,143,1,2,1,1,7,17,1,2,0,0,0,0,0,27,2,143,0
1693,785,31,21,0,1,0,1,306,7,11,107,0,101,43,174,11,428,395,241,291,1170,6,1,2,18,17,3,37,27,18,138,510,0,26,153,66,8,32,192,54,27,1,40,33,87,3,30,264,20,1,0,1,2,197,24,2,1,0,0,1,2,43,34,3,13,3,29,36,32,14,28,0,1,29,0,4,22,2,146,0,0,89,6,6,0,31,4,754,717,1147,0,17,6,1,2314,2,51,485,9,4,0,0,11,0,0,0,475,408,28,34,4,20,18,37,16,1,16,886,2,50,0,12,4,1,0,42,6,195,10,105,369,482,4,46,85,140,139,69,38,5,35,39,33,39,26,0,188,52,2,32,17,4,1,9,3,0,0,21,44,0,0,0,0,19,24,2,18,3,6,5,16,3,1,0,0,0,39,10,0,1,12,6,0,6,145,1,2,1,1,7,19,1,2,0,0,0,0,0,27,2,145,0
1694,802,31,21,0,1,0,1,315,7,11,109,0,105,43,176,11,428,395,244,293,1177,6,1,2,19,17,3,37,27,18,140,511,0,26,154,66,8,32,192,55,27,1,40,33,87,3,30,266,21,1,0,1,2,199,24,2,1,0,0,1,2,47,34,3,13,3,29,36,32,14,28,0,1,32,0,4,22,2,147,0,0,90,6,7,0,31,4,759,718,1156,0,17,6,1,2320,2,52,491,9,4,0,0,11,0,0,0,475,429,29,34,4,20,19,37,16,8,16,888,2,50,0,12,4,1,0,42,6,199,10,114,371,487,4,46,85,142,139,69,38,5,35,40,34,40,26,0,191,53,2,33,17,4,1,9,3,0,0,22,44,0,0,0,0,19,24,2,18,3,6,5,16,3,1,0,0,0,39,10,0,1,12,7,0,6,146,1,2,1,1,7,21,1,2,0,0,0,0,0,27,2,148,0
1695,827,31,21,0,1,0,1,318,7,11,110,0,105,43,177,11,428,396,245,294,1188,6,1,2,19,18,3,37,27,19,141,517,0,26,156,66,8,32,192,56,27,2,41,33,88,3,30,266,21,1,0,1,2,199,24,2,1,0,0,1,2,47,34,3,13,3,29,37,33,14,29,0,1,33,0,4,22,2,147,0,0,93,6,7,0,31,4,763,721,1164,0,17,6,1,2324,2,52,495,9,4,0,0,11,0,0,0,477,438,29,35,4,20,20,37,16,8,16,891,2,50,0,12,4,1,0,42,6,203,10,117,376,491,4,47,85,142,140,70,39,6,35,40,34,41,26,0,193,53,2,34,17,4,1,9,3,0,0,22,45,0,0,0,0,19,24,2,18,4,6,5,16,3,1,0,0,0,39,10,0,1,12,7,0,6,147,1,2,1,1,7,22,1,2,0,0,0,0,0,27,2,149,0
1696,839,31,21,0,1,0,1,323,7,11,111,0,107,44,178,11,428,397,248,297,1193,6,1,2,19,18,3,37,27,20,141,523,0,26,158,66,8,32,192,57,27,2,43,34,88,3,30,267,21,1,0,1,2,200,24,2,1,0,0,1,2,47,34,3,13,3,29,37,36,21,29,0,1,33,0,4,22,2,148,0,0,94,8,7,0,31,4,766,724,1178,0,17,6,1,2331,2,54,500,9,4,0,0,11,0,0,0,481,454,29,36,4,20,20,37,16,9,16,892,2,50,0,12,4,1,0,43,6,204,11,117,379,508,4,47,87,143,140,70,39,6,36,40,34,42,26,0,200,54,2,35,18,4,1,9,3,0,0,22,45,0,0,0,0,19,26,2,18,4,6,5,16,3,1,0,0,0,39,10,0,1,12,7,0,6,148,1,2,1,1,7,22,1,2,0,0,0,0,0,27,2,151,0
1697,858,31,21,0,1,0,1,327,7,11,111,0,107,44,180,11,429,404,251,298,1199,6,1,2,19,19,3,37,28,20,144,524,0,26,158,66,8,33,193,57,27,2,43,34,88,3,31,275,21,1,0,1,2,203,24,2,1,0,0,1,2,47,34,3,13,3,29,37,37,22,29,0,1,33,0,4,22,2,149,0,0,94,8,7,0,31,4,769,727,1181,0,17,6,1,2337,2,54,502,9,4,0,0,11,0,0,0,481,473,30,36,4,20,20,37,16,9,16,896,2,51,0,12,4,1,0,43,7,205,11,119,382,513,4,47,87,143,141,71,39,6,36,41,34,42,26,0,202,55,3,35,18,4,1,9,3,0,0,22,48,0,0,0,0,20,26,2,18,4,6,5,16,3,1,0,0,0,39,10,0,1,12,7,0,6,150,1,2,1,1,8,22,1,2,0,0,0,0,0,27,2,152,0
1698,872,31,21,0,1,0,1,328,7,11,112,0,107,45,181,11,432,408,252,303,1207,6,1,2,19,19,3,39,28,20,145,526,0,26,158,67,8,33,193,57,28,2,44,34,89,3,31,277,21,1,0,1,2,207,24,2,1,0,0,1,2,47,35,3,13,3,29,38,38,22,29,0,1,33,0,4,22,2,150,0,0,94,8,7,0,31,4,772,733,1188,0,17,6,1,2347,2,55,504,9,4,0,0,11,0,0,0,482,488,32,36,4,20,20,37,16,9,16,898,2,51,0,12,4,1,0,43,7,208,11,119,383,521,4,47,87,144,143,71,40,6,37,41,34,44,27,0,203,55,3,35,18,4,1,9,3,0,0,23,50,0,0,0,0,20,26,2,18,4,6,5,16,3,1,0,0,0,40,10,0,1,12,7,0,6,150,7,2,1,1,8,22,1,2,0,0,0,0,0,27,3,153,0
1699,885,32,21,0,1,0,1,330,7,11,113,0,109,45,183,12,432,411,253,307,1213,6,1,2,19,19,3,39,28,20,146,529,0,26,160,67,8,33,194,57,28,2,45,35,90,3,31,278,21,1,0,1,2,209,24,2,1,0,0,1,3,47,35,3,14,3,29,38,39,22,29,0,1,33,0,4,22,2,150,0,0,94,8,8,0,31,4,777,735,1197,0,17,6,1,2352,2,56,507,9,4,0,0,11,0,0,0,483,508,32,37,4,20,20,37,16,9,17,902,2,52,0,12,4,1,0,43,7,208,11,121,385,523,4,47,87,144,144,72,40,6,37,41,34,45,27,0,207,55,3,35,18,4,1,9,3,0,0,23,51,0,0,0,0,20,27,2,18,4,6,5,16,3,1,0,0,0,40,10,0,1,12,7,0,6,151,7,2,1,1,8,22,1,2,0,0,0,0,0,27,3,157,0
1700,906,32,22,0,1,0,2,336,8,11,115,0,109,48,185,12,433,414,253,310,1233,6,1,2,21,21,3,39,30,20,147,540,0,26,161,68,8,33,194,57,28,2,46,36,95,3,31,284,21,1,0,1,2,213,24,2,1,0,0,1,3,47,36,3,14,3,29,39,41,22,29,0,1,33,0,4,24,2,151,0,0,94,8,8,0,32,4,787,737,1211,0,17,6,1,2372,2,57,517,9,4,0,0,11,0,0,0,486,590,35,40,5,20,20,39,18,9,17,906,2,52,0,12,4,1,0,43,7,208,11,124,392,536,5,47,87,146,147,72,43,6,37,41,36,45,27,0,209,55,3,36,18,4,1,9,3,0,0,25,51,0,0,0,0,20,27,2,18,4,6,5,16,3,1,0,0,0,40,10,0,1,13,9,0,6,159,7,2,1,1,8,22,1,2,0,0,0,0,0,27,4,163,0
1701,918,32,22,0,1,0,2,342,8,11,116,0,110,48,190,12,437,415,255,312,1240,6,1,2,21,21,3,40,30,20,147,547,0,26,161,68,8,33,196,57,29,2,47,38,96,3,32,285,22,1,0,1,2,215,25,2,1,0,0,1,3,47,36,3,14,3,29,40,41,22,29,0,1,34,0,4,24,2,151,0,0,95,8,8,0,32,4,791,742,1224,0,17,6,1,2381,2,57,522,9,4,0,0,11,0,0,0,486,607,35,41,5,20,20,40,18,9,17,908,2,52,0,13,4,1,0,43,7,211,11,126,397,542,5,48,87,146,148,72,43,6,37,41,36,45,27,0,211,55,3,36,19,4,1,9,3,0,0,27,51,0,0,0,0,20,27,3,18,4,6,5,16,3,1,0,0,0,40,10,0,1,13,9,0,6,159,7,2,1,1,8,23,1,2,0,0,0,0,0,27,4,164,0
1702,942,32,22,0,1,0,2,346,9,11,118,0,110,50,192,12,437,419,256,319,1246,6,1,2,21,21,3,40,30,20,149,560,0,26,161,68,8,33,197,58,31,2,48,39,97,3,32,287,22,1,0,1,2,216,25,2,1,0,0,1,3,48,37,3,14,4,29,40,42,22,29,0,1,34,0,4,24,2,151,0,0,97,9,8,0,32,4,798,743,1233,0,17,6,1,2388,2,58,527,9,4,0,0,11,0,0,0,487,622,36,41,5,21,20,40,18,9,17,913,2,52,0,13,4,1,0,43,7,213,11,128,399,553,6,48,87,148,151,72,43,6,37,41,36,46,27,0,214,56,3,36,19,4,1,9,3,0,0,27,51,0,0,0,0,20,27,3,18,4,6,5,16,3,1,0,0,0,40,10,0,1,13,9,0,6,162,7,2,1,1,8,25,1,2,0,0,0,0,0,27,4,170,0
1703,951,32,22,0,1,0,2,349,9,11,119,0,111,50,196,12,440,421,258,325,1255,6,1,2,21,22,3,40,31,20,150,564,0,26,162,69,9,33,197,58,31,2,48,39,98,3,32,295,23,1,0,1,2,218,25,2,1,0,0,1,3,48,37,3,14,4,29,41,42,22,29,0,1,34,0,4,24,2,151,0,0,99,9,9,0,32,4,800,745,1244,0,17,6,1,2394,2,60,534,9,4,0,0,11,0,0,0,490,636,37,41,5,21,20,40,18,9,18,917,2,52,0,13,4,1,0,43,7,214,11,128,399,565,6,48,87,148,152,72,43,6,37,42,36,46,27,0,215,56,3,36,19,4,1,9,3,0,0,28,52,0,0,0,0,20,27,3,18,4,6,6,16,3,1,0,0,0,40,10,0,1,13,9,0,6,164,7,2,1,1,8,25,1,2,0,0,0,0,0,27,4,174,0
1704,958,32,23,0,1,0,2,349,9,11,122,0,111,50,196,12,440,422,261,331,1264,6,1,2,21,22,3,40,31,21,150,567,0,26,163,69,9,33,198,58,31,2,48,39,98,3,32,298,23,1,0,1,2,220,27,2,1,0,0,1,3,48,37,3,14,4,29,41,42,22,29,0,2,34,0,4,24,2,152,0,0,101,9,10,0,32,4,803,747,1254,0,18,6,1,2399,2,64,537,9,4,0,0,11,0,0,0,492,648,38,41,5,21,20,40,18,9,18,917,2,52,0,13,4,1,0,43,7,216,11,128,399,578,6,48,87,150,152,75,43,6,37,42,36,48,27,0,215,56,3,36,19,4,1,9,3,0,0,29,53,0,0,0,0,20,27,3,18,4,6,6,16,3,1,0,0,0,40,10,0,1,13,9,0,6,165,7,2,1,1,8,25,1,2,0,0,0,0,0,27,4,177,0
1705,969,32,23,0,1,0,2,351,9,11,124,0,112,52,199,12,440,425,263,332,1271,6,1,2,21,22,3,40,33,21,153,572,0,26,163,69,9,33,198,59,31,2,48,39,98,3,32,298,23,1,0,1,2,221,27,2,1,0,0,1,3,48,37,3,14,4,29,41,42,22,29,0,3,34,0,4,25,2,152,0,0,101,9,11,0,33,4,805,748,1265,0,19,6,1,2401,2,64,541,9,4,0,0,11,0,0,0,494,661,39,41,5,21,20,40,21,9,19,919,2,52,0,14,4,1,0,43,7,217,11,131,402,587,6,48,88,152,152,75,44,6,38,44,37,48,27,0,215,56,3,36,20,4,1,9,3,0,0,29,53,0,0,0,0,20,27,3,19,4,6,6,16,3,1,0,0,0,40,10,0,1,13,9,0,6,167,7,2,1,1,8,25,1,2,0,0,0,0,0,27,4,180,0
1706,976,32,23,0,1,0,2,353,9,11,124,0,112,52,202,12,443,429,265,336,1278,6,1,2,21,22,3,40,33,21,153,574,0,26,163,69,9,34,198,59,31,2,48,39,98,3,32,300,23,1,0,1,2,224,27,2,1,0,0,1,3,48,37,3,14,4,29,41,42,22,30,0,3,34,0,4,25,2,152,0,0,101,9,11,0,34,4,809,749,1268,0,19,6,1,2403,2,66,542,9,4,0,0,11,0,0,0,495,674,43,41,5,21,20,40,21,9,19,920,2,53,0,14,4,1,0,44,7,217,11,133,404,596,6,48,88,156,153,76,44,6,38,44,37,50,27,0,215,56,3,36,20,4,1,9,3,0,0,31,53,0,0,0,0,21,29,4,19,4,6,6,16,3,1,0,0,0,40,10,0,1,13,10,0,6,167,7,2,1,1,8,25,1,2,0,0,0,0,0,27,4,182,0
1707,986,32,23,0,1,0,2,355,9,11,124,0,113,53,204,12,443,432,268,341,1285,6,1,2,21,22,3,40,33,21,153,578,0,26,163,71,9,34,198,59,31,2,49,39,100,3,32,301,23,1,0,1,2,226,28,2,1,0,0,1,3,48,37,3,14,4,29,41,42,22,30,0,3,35,0,4,25,2,152,0,0,102,9,11,0,34,4,811,751,1275,0,19,6,1,2409,2,66,545,9,4,0,0,11,0,0,0,496,696,43,41,5,22,20,40,21,9,19,921,2,53,0,14,4,1,0,44,7,219,11,134,405,599,6,48,88,160,154,76,44,6,39,46,37,54,27,0,217,56,3,36,22,4,1,9,3,0,0,31,53,0,0,0,0,21,30,4,20,4,6,6,16,3,1,0,0,0,40,10,0,1,13,10,0,6,167,7,2,1,1,8,25,1,2,0,0,0,0,0,27,4,182,0
1708,990,32,23,0,1,0,2,358,9,11,124,0,113,53,205,12,444,435,270,344,1289,6,1,2,21,22,3,40,34,21,154,580,0,26,163,71,9,34,198,59,31,2,49,39,101,3,32,305,23,1,0,2,2,229,28,2,1,0,0,1,3,49,38,3,14,4,29,44,42,22,30,0,3,36,0,4,25,2,152,0,0,102,9,11,0,34,4,814,752,1282,0,19,6,1,2412,2,66,550,10,4,0,0,11,0,0,0,498,717,44,41,5,22,20,40,21,9,19,922,2,54,0,14,4,1,0,45,7,226,11,137,408,607,6,48,90,161,154,76,44,6,39,46,37,56,27,0,220,56,3,37,22,4,1,9,3,0,0,31,53,0,0,0,0,22,30,4,20,4,6,6,16,3,1,0,0,0,40,10,0,1,13,10,0,6,168,7,2,1,1,8,25,1,2,0,0,0,0,0,27,4,187,0
1709,994,32,23,0,2,0,2,360,9,11,124,0,115,53,207,12,445,439,271,351,1296,6,1,2,21,22,3,40,34,22,156,581,0,27,164,71,9,34,199,59,33,2,49,39,101,3,32,307,23,1,0,2,2,230,28,2,1,0,0,1,3,50,41,3,14,4,29,45,43,23,30,0,3,36,0,4,25,2,153,0,0,103,9,11,0,35,4,816,753,1285,0,19,6,1,2414,2,67,551,11,4,0,0,11,0,0,0,499,738,44,41,5,22,20,40,21,9,19,928,2,54,0,14,4,1,0,45,7,229,11,139,414,616,6,48,90,162,154,79,44,6,40,46,37,56,27,0,222,56,3,37,22,4,1,9,3,0,0,31,58,0,0,0,0,22,30,4,20,4,6,6,16,3,1,0,0,0,41,10,0,1,13,11,0,6,169,7,2,1,1,8,25,1,2,0,0,0,0,0,27,4,188,0
1710,1019,32,23,0,2,0,2,362,9,11,124,0,116,53,210,12,447,440,274,358,1300,6,1,2,21,22,3,40,34,22,159,582,0,27,165,71,9,34,199,59,33,2,50,39,101,3,33,309,23,1,0,2,2,230,28,2,1,0,0,1,3,51,45,3,14,4,29,46,44,23,30,0,3,36,0,4,27,2,154,0,0,104,10,11,0,36,4,817,754,1304,0,21,6,1,2420,2,67,553,11,5,0,0,11,0,0,0,500,759,45,41,5,23,20,40,21,9,20,933,2,54,0,14,4,1,0,45,7,231,11,143,418,620,6,48,90,162,157,79,44,6,40,46,37,56,27,0,224,56,3,39,22,4,1,9,3,0,0,31,58,0,0,0,0,22,31,4,20,4,6,6,16,3,1,0,0,0,41,10,0,1,13,11,0,6,170,7,2,1,1,8,25,1,2,0,0,0,0,0,27,4,192,0
1711,1045,32,25,0,2,0,2,371,9,11,124,0,117,55,217,12,449,441,277,365,1303,6,1,2,21,22,3,40,34,22,162,589,0,27,165,71,9,34,199,59,33,2,50,39,101,3,33,314,24,1,0,2,2,231,28,2,1,0,0,1,3,51,48,3,14,4,29,46,44,23,30,0,3,36,0,4,27,2,157,0,0,105,10,11,0,36,4,823,757,1310,0,22,6,1,2424,2,68,557,11,5,0,0,11,0,0,0,500,775,46,41,5,23,20,40,21,9,22,939,2,54,0,15,4,1,0,45,7,232,11,144,420,625,6,49,90,164,158,80,44,6,40,46,37,56,27,0,225,57,3,40,22,4,1,9,3,0,0,31,58,0,0,0,0,22,31,4,21,4,6,6,16,3,1,0,0,0,41,10,0,1,13,11,0,6,170,7,2,1,1,8,25,1,2,0,0,0,0,0,27,4,194,0
1712,1068,32,25,0,2,0,2,375,9,11,128,0,119,55,222,12,449,444,280,371,1308,6,1,2,21,22,3,40,34,22,164,599,0,27,166,71,9,34,201,59,33,2,50,39,102,3,33,317,24,1,0,2,2,234,28,2,1,0,0,1,3,51,50,3,14,4,29,48,44,23,31,0,3,37,0,4,27,2,157,0,0,106,11,11,0,37,4,825,762,1314,0,22,6,1,2429,2,71,558,11,5,0,0,11,0,0,0,503,790,46,41,5,23,20,40,21,9,23,941,2,55,0,15,4,1,0,45,7,238,11,145,424,629,6,52,90,167,159,80,44,6,41,46,37,58,27,0,225,57,3,40,22,4,1,9,3,0,0,31,58,0,0,0,0,23,32,4,22,4,6,6,16,3,1,0,0,0,41,10,0,1,13,11,0,6,170,8,2,1,1,8,25,1,2,0,0,0,0,0,27,4,197,0
1713,1082,32,25,0,2,0,2,380,9,11,129,0,120,56,223,12,453,445,285,380,1318,6,1,2,21,22,3,41,34,22,168,609,0,27,168,71,10,34,202,60,33,2,50,39,102,3,33,321,24,1,0,2,2,235,28,2,1,0,0,1,3,51,54,3,14,4,29,49,46,23,31,0,3,38,0,4,27,2,157,0,0,107,12,12,0,37,4,830,763,1321,0,22,7,1,2433,2,71,558,11,5,0,0,11,0,0,0,505,800,47,41,5,23,20,40,21,9,24,946,2,55,0,15,4,1,0,47,7,241,11,146,426,633,7,52,90,168,159,81,44,6,41,47,40,60,27,0,227,58,3,42,22,4,1,9,3,0,0,31,58,0,0,0,0,23,32,5,22,4,6,6,16,3,1,0,0,0,41,10,0,1,13,11,0,6,171,8,2,1,1,8,25,1,2,0,0,0,0,0,27,4,198,0
1714,1106,32,25,0,2,0,2,385,9,11,131,0,120,58,223,12,454,450,289,385,1326,6,1,2,21,22,3,43,34,22,171,618,0,27,170,72,10,34,202,60,33,2,50,39,103,3,33,323,24,1,0,2,2,235,28,2,1,0,0,1,3,51,58,3,14,4,29,49,48,24,31,0,3,38,0,4,27,2,157,0,0,109,13,12,0,37,4,832,764,1325,0,24,7,1,2439,2,71,561,11,5,0,0,11,0,0,0,508,809,47,41,5,23,20,40,21,9,24,948,2,55,0,15,4,1,0,47,8,243,11,146,427,636,7,52,91,174,159,82,44,6,42,47,40,61,27,0,230,59,3,42,22,4,1,9,3,0,0,31,64,0,0,0,0,23,33,5,22,4,6,6,16,3,1,0,0,0,41,10,0,1,13,11,0,7,173,8,2,2,1,8,25,1,2,0,0,0,0,0,27,4,202,0
1715,1130,34,25,0,2,0,2,389,9,11,132,0,122,58,226,12,458,451,294,394,1335,6,1,2,21,24,3,43,34,22,172,622,0,27,171,73,10,34,202,60,34,2,50,40,104,3,33,326,25,1,0,3,2,237,28,2,1,0,0,1,3,52,61,3,14,4,30,49,49,24,31,0,3,39,0,4,27,2,157,0,0,110,13,12,0,37,4,837,767,1339,0,25,7,1,2443,2,73,562,11,5,0,0,11,0,0,0,510,818,49,42,5,23,21,40,21,9,25,951,2,55,0,15,4,1,0,47,8,247,11,150,428,641,8,52,92,177,161,85,45,6,42,47,41,62,27,0,233,59,3,45,22,4,1,9,3,0,0,32,68,0,0,0,0,23,33,5,22,4,6,6,16,4,1,0,0,0,41,10,0,1,13,11,0,7,173,8,2,2,1,8,25,1,2,0,0,0,0,0,28,4,206,0
1716,1158,34,25,0,2,0,2,392,9,11,132,0,125,59,226,12,459,453,296,400,1345,6,1,2,21,24,3,44,35,22,173,627,0,27,178,73,10,34,203,60,34,2,51,40,104,3,33,330,25,1,0,3,2,238,28,2,1,0,0,1,3,52,61,3,14,4,30,49,50,25,31,0,3,40,0,4,27,2,158,0,0,111,14,13,0,38,4,841,771,1359,0,26,7,1,2449,3,74,565,11,5,0,0,11,0,0,0,512,834,50,43,5,23,23,40,23,9,25,956,2,55,0,15,4,1,0,47,8,251,11,151,434,643,8,52,92,186,162,86,47,6,42,48,41,62,28,0,234,59,3,45,22,4,1,9,3,0,0,32,72,0,0,0,0,23,36,5,22,4,6,6,16,4,1,0,0,0,41,10,0,1,13,11,0,7,175,8,2,2,1,8,25,1,2,0,0,0,0,0,28,4,208,0
1717,1176,34,25,0,2,0,2,397,9,11,132,0,126,61,229,12,461,455,296,406,1358,6,1,2,21,24,3,45,36,22,173,631,0,28,179,74,10,34,203,60,34,2,51,41,104,3,33,332,25,1,0,3,2,239,29,2,1,0,0,1,3,52,62,3,14,4,30,50,50,25,33,0,3,40,0,4,28,2,158,0,0,113,14,13,0,38,4,846,774,1365,0,28,7,1,2456,4,76,569,11,5,0,0,11,0,0,0,515,857,51,43,5,23,24,40,23,9,25,960,2,55,0,15,4,1,0,48,8,256,12,151,436,652,8,52,93,188,162,87,48,6,42,48,41,64,29,0,238,60,3,45,22,4,1,9,3,0,1,32,72,0,0,0,0,24,36,5,23,4,6,6,16,5,1,0,0,0,41,10,0,1,13,11,0,7,175,8,3,2,1,8,25,1,2,0,0,0,0,0,28,4,210,0
1718,1186,34,25,0,2,0,2,402,9,11,135,0,127,62,230,12,462,459,298,411,1366,6,1,2,21,24,3,45,38,23,173,636,0,28,181,74,10,34,204,60,34,2,51,41,104,3,33,335,25,1,0,3,2,241,30,2,1,0,0,1,3,52,62,3,14,4,30,50,52,27,33,0,3,40,0,4,28,2,158,0,0,115,15,13,0,38,4,861,776,1378,0,28,7,1,2462,5,76,572,11,5,0,0,11,0,0,0,515,880,52,43,5,23,24,40,23,9,25,963,2,56,0,15,4,1,0,49,8,260,12,151,442,659,8,52,93,194,164,87,48,6,44,48,42,65,29,0,242,60,3,45,22,4,1,9,3,0,1,32,72,0,0,0,0,24,36,5,23,4,6,6,16,5,1,0,0,0,41,10,0,1,13,11,0,7,176,8,3,2,1,8,25,1,2,0,0,0,0,0,28,4,212,0
1719,1198,36,25,0,2,0,2,405,9,11,135,0,129,62,232,12,464,459,302,419,1378,7,1,2,21,24,3,45,40,23,174,637,0,28,182,74,11,34,205,60,34,2,51,41,106,3,33,339,25,1,0,3,2,243,30,2,1,0,0,1,3,52,62,3,14,4,31,50,53,27,33,0,3,40,0,4,28,2,158,0,0,121,15,14,0,38,4,868,776,1389,0,31,7,1,2466,5,77,574,12,5,0,0,12,0,0,0,518,899,53,43,5,23,25,40,23,9,25,966,2,56,0,15,4,1,0,49,8,262,12,152,445,666,8,53,94,199,164,87,50,6,46,48,42,65,29,0,246,60,3,45,23,4,1,9,3,0,1,32,74,0,0,0,0,24,38,5,24,4,7,6,16,5,1,0,0,0,41,12,0,1,13,11,0,7,177,8,3,2,1,8,25,1,2,0,0,0,0,0,28,4,215,0
1720,1202,36,25,0,2,0,2,409,9,11,136,0,131,64,232,12,464,461,306,427,1391,7,1,2,21,24,3,46,40,24,176,638,0,28,182,74,11,34,208,60,34,2,52,43,106,3,33,343,26,1,0,3,2,243,30,2,1,0,0,1,3,52,65,3,14,4,31,50,59,33,35,0,3,40,0,4,29,2,158,0,0,123,15,14,0,38,4,877,780,1395,0,32,7,1,2468,5,78,579,12,5,0,0,12,0,0,0,518,915,53,43,5,25,26,40,23,9,25,970,2,56,0,15,4,1,0,49,8,265,12,153,446,673,8,53,95,205,165,91,50,6,46,49,43,65,29,0,247,60,4,46,23,4,1,9,3,0,1,33,75,0,0,0,0,24,38,5,24,5,7,7,16,5,1,0,0,0,41,12,0,1,13,11,0,7,177,8,3,2,1,8,25,1,2,0,0,0,0,0,28,4,216,0
1721,1209,36,25,0,2,0,2,413,9,11,137,0,132,65,234,14,468,462,308,431,1400,8,1,2,21,24,3,47,41,24,176,642,0,29,183,74,12,34,209,60,34,2,54,44,106,3,33,346,26,1,0,3,3,243,30,2,1,0,0,1,3,52,67,3,14,4,31,51,60,37,36,0,3,40,0,4,29,2,159,0,0,125,15,14,0,38,4,884,780,1399,0,32,7,1,2474,5,78,585,13,5,0,0,13,0,0,0,518,936,55,43,5,25,28,40,25,9,27,973,2,56,0,16,4,1,0,49,8,266,12,156,449,678,8,54,95,207,165,92,51,7,47,49,44,67,29,0,249,60,4,48,23,4,1,9,3,0,1,34,76,0,0,0,0,24,38,5,25,5,8,7,17,5,1,1,0,0,41,12,0,1,13,11,0,7,177,8,3,2,1,8,26,1,2,0,0,0,0,0,28,4,220,0
1722,1217,36,25,0,2,0,2,415,9,12,138,0,135,66,236,14,469,464,311,437,1412,8,1,2,21,24,3,47,41,24,179,644,0,29,186,75,12,34,210,60,34,2,55,44,106,3,33,349,26,1,0,3,3,244,30,2,1,0,0,1,3,52,67,3,14,5,32,51,62,37,36,0,3,41,0,4,29,2,162,0,0,125,15,14,0,39,4,889,780,1404,0,34,7,1,2484,6,78,590,13,6,0,0,14,0,0,0,519,952,57,43,5,25,28,40,25,9,27,975,2,56,0,16,4,1,0,49,8,269,12,157,454,684,8,54,96,210,166,93,51,7,47,49,44,69,29,0,250,60,5,50,23,6,1,10,3,0,1,37,76,0,0,0,0,24,39,5,25,6,8,7,17,5,1,1,0,0,42,12,0,1,13,11,0,7,177,8,3,2,1,8,26,1,2,0,0,0,0,0,28,4,224,0
1723,1224,36,25,0,2,0,2,415,9,12,140,0,135,70,240,15,469,465,314,447,1424,8,1,2,21,24,3,47,42,24,179,653,0,29,186,75,12,34,213,60,34,2,56,44,106,4,33,350,26,1,0,3,3,245,30,2,1,0,0,1,3,52,67,3,14,5,32,51,63,37,36,0,3,41,0,4,30,2,162,0,0,125,16,14,0,39,4,898,782,1418,0,38,7,1,2492,6,78,598,13,6,0,0,15,0,0,0,523,970,61,43,5,26,28,41,25,9,27,978,2,56,0,16,4,1,0,49,8,269,12,158,468,688,9,55,97,213,167,93,53,7,47,50,44,69,29,0,250,60,5,53,24,6,1,10,3,0,1,40,76,0,0,0,0,24,40,5,25,6,8,7,17,5,1,1,0,0,42,12,0,1,13,11,0,7,178,8,3,2,1,8,26,1,2,0,0,0,0,0,28,4,227,0
1724,1232,36,25,0,2,0,2,420,10,12,142,0,136,72,244,15,470,469,317,451,1436,8,1,2,21,24,3,47,43,24,181,655,0,29,187,75,12,34,216,61,34,2,57,44,106,4,33,353,26,1,0,3,3,247,31,2,1,0,0,1,3,54,68,3,14,5,33,51,64,37,36,0,3,43,0,4,31,2,162,0,0,125,16,14,0,39,4,910,782,1429,0,40,7,1,2497,7,79,604,13,6,0,0,15,0,0,0,523,987,61,43,5,26,29,41,25,9,27,981,2,56,0,18,4,1,0,49,8,270,12,159,473,692,9,55,97,214,167,93,53,7,47,50,44,69,29,0,251,61,5,54,24,6,1,10,3,0,1,41,76,0,0,0,0,24,40,5,25,6,8,7,18,5,1,1,0,0,42,17,0,1,13,11,0,7,180,8,3,2,1,8,26,1,2,0,0,0,0,0,28,4,231,0
1725,1242,36,26,0,2,0,2,423,10,12,143,0,137,74,246,15,473,470,318,456,1446,8,1,2,21,25,3,48,44,24,183,659,0,29,189,75,12,34,217,62,35,2,57,44,106,4,33,356,27,1,0,3,3,251,31,2,1,0,0,1,3,54,70,3,14,5,34,51,64,37,36,0,3,43,0,4,31,2,162,0,0,127,17,14,0,39,4,922,785,1439,0,42,7,1,2502,7,79,611,13,6,0,0,15,0,0,0,525,1014,63,44,5,26,30,41,25,9,27,987,2,58,0,18,4,1,0,49,8,273,12,161,477,695,9,55,97,216,168,93,53,7,49,50,44,69,29,0,252,64,5,55,25,6,1,10,3,0,1,42,76,0,0,0,0,24,40,5,25,6,8,7,18,5,1,1,0,0,42,18,0,1,13,11,0,7,180,8,3,2,1,8,26,1,2,0,0,0,0,0,28,4,235,0
1726,1250,36,26,0,2,0,2,425,10,12,145,0,137,76,251,15,473,471,320,462,1457,8,1,2,21,25,4,49,44,24,183,663,0,29,191,75,12,34,218,62,36,2,57,44,108,4,33,360,28,1,0,3,3,253,31,2,1,0,0,1,3,54,71,3,14,5,34,51,67,37,37,0,3,43,0,4,31,2,163,0,0,127,17,14,0,42,4,931,790,1447,0,44,7,1,2509,7,80,615,13,6,0,0,15,0,0,0,527,1051,63,44,5,26,30,41,26,9,27,995,2,61,0,18,4,1,0,49,8,276,13,162,480,710,10,56,97,219,172,94,53,7,49,50,45,72,29,0,253,65,5,55,25,6,1,11,3,0,1,42,77,0,0,0,0,26,41,5,26,6,8,8,20,5,1,1,0,0,42,19,0,1,13,11,0,7,183,8,3,2,1,8,26,1,2,0,0,0,0,0,28,4,237,0
1727,1263,36,26,0,2,0,2,432,10,12,147,0,137,77,253,15,474,472,322,470,1472,8,1,2,21,25,4,49,44,24,185,675,0,29,194,75,12,34,218,62,36,2,58,45,109,4,33,364,29,1,0,3,3,254,31,2,1,0,0,1,3,54,71,3,14,6,34,51,68,38,37,0,3,44,0,4,31,2,163,0,0,128,17,14,0,43,4,940,793,1457,0,47,7,1,2516,7,80,622,13,6,0,0,15,0,0,0,528,1075,63,44,5,26,30,41,26,9,27,1000,2,61,0,20,4,1,0,49,8,281,13,164,485,716,11,56,98,226,175,96,54,7,49,51,45,73,29,0,254,65,5,55,25,6,1,11,3,0,1,42,77,0,0,0,0,26,42,5,26,6,8,8,20,5,1,1,0,0,42,19,0,1,13,11,0,7,185,8,3,2,1,8,26,1,2,0,0,0,0,0,29,4,238,0
1728,1267,36,26,0,2,0,2,441,10,12,149,0,138,79,256,15,478,475,326,473,1487,8,1,2,21,25,4,50,44,25,187,680,0,29,194,76,12,34,220,62,36,2,58,45,111,4,33,372,30,1,0,3,3,256,31,2,1,0,0,1,3,55,73,3,14,7,34,52,68,38,38,0,3,44,0,4,31,2,164,0,0,128,17,14,0,43,4,945,798,1464,0,49,7,1,2516,7,80,625,13,6,0,0,15,0,0,0,528,1094,64,45,6,26,30,41,26,9,27,1004,2,61,0,20,4,1,1,49,8,283,13,165,494,725,12,56,99,229,176,99,54,7,49,51,45,75,29,0,255,65,5,55,25,6,1,11,3,0,1,42,79,0,0,0,0,26,42,5,26,6,8,9,21,5,1,1,0,0,42,19,0,1,13,11,0,7,186,8,3,2,1,8,26,1,2,0,0,0,0,0,29,4,241,0
1729,1276,36,26,0,2,0,2,445,10,12,151,0,139,81,259,15,483,478,329,475,1494,8,1,2,21,26,4,50,44,25,187,683,0,29,195,76,12,34,222,63,36,2,58,45,111,4,33,374,31,1,0,3,3,257,31,2,1,0,0,1,3,55,74,3,14,7,34,52,68,38,38,0,3,44,0,4,32,2,164,0,0,128,18,14,0,44,4,960,800,1468,0,49,7,1,2521,7,81,630,13,6,0,0,15,0,0,0,528,1124,64,45,6,26,32,41,26,9,33,1009,2,62,0,20,4,1,1,50,9,287,13,165,506,733,12,56,101,231,180,101,54,7,49,52,46,76,29,0,258,66,5,55,25,7,1,12,3,0,1,42,79,0,0,0,0,26,42,5,26,6,8,9,22,5,1,1,0,0,43,19,0,1,14,11,0,7,186,8,4,2,1,8,26,1,2,0,0,0,0,0,29,4,242,0
1730,1293,36,26,0,2,0,2,450,10,12,154,0,140,81,260,15,484,484,330,477,1500,8,1,2,21,26,4,51,44,25,188,686,0,29,197,77,12,34,223,64,36,2,58,45,113,5,33,377,31,1,0,3,3,257,31,2,1,0,0,1,3,56,74,3,14,7,34,52,68,38,38,0,3,44,0,4,33,2,164,0,0,128,19,14,0,45,4,967,802,1479,0,51,7,1,2527,7,82,637,13,6,0,0,15,0,0,0,529,1150,64,46,6,26,32,42,26,9,35,1012,2,62,0,20,4,1,1,50,9,290,13,165,515,746,12,58,102,235,180,102,55,7,49,52,47,76,30,0,260,66,5,57,26,7,2,12,3,0,1,42,80,0,0,0,0,26,43,5,26,6,8,9,22,5,1,1,0,0,44,19,0,1,15,11,0,7,187,8,4,2,1,8,26,1,2,0,0,0,0,0,30,4,242,0
1731,1309,36,26,0,2,0,2,451,10,12,154,0,140,81,263,15,487,487,331,484,1519,8,1,2,21,26,4,51,44,26,188,689,0,30,199,77,12,34,224,64,36,2,58,45,113,5,33,380,33,1,0,3,3,259,31,2,1,0,0,1,3,56,74,3,14,7,35,52,68,38,38,0,3,44,0,4,33,2,164,0,0,129,20,14,0,47,4,973,806,1489,0,51,7,1,2538,7,82,642,13,6,2,0,15,0,0,0,533,1175,65,48,6,26,33,42,26,9,35,1013,2,62,0,21,4,1,1,52,9,291,13,167,517,755,12,58,104,239,181,104,55,7,50,52,47,76,30,0,263,66,5,58,26,7,3,12,3,0,1,42,82,0,0,0,0,26,43,5,26,6,8,9,22,5,1,1,0,0,45,19,0,1,15,11,0,7,188,8,4,2,1,9,26,1,2,0,0,0,0,0,30,4,247,0
1732,1327,37,26,0,2,0,2,455,10,12,155,0,142,85,266,15,500,491,334,489,1535,8,1,2,21,27,4,51,45,28,189,697,0,30,200,77,12,34,225,65,37,2,58,46,113,5,33,382,33,1,0,3,3,261,31,2,1,0,0,1,3,56,74,3,14,7,36,52,68,39,39,0,3,44,0,4,34,2,164,0,0,129,20,14,1,48,4,977,808,1501,0,53,7,1,2544,7,84,647,13,6,2,0,16,0,0,0,534,1201,66,49,6,26,33,42,26,9,35,1017,3,63,0,21,4,1,1,53,10,293,14,168,530,765,12,59,104,239,182,104,55,7,50,53,47,76,30,0,265,66,5,60,26,7,3,12,3,0,1,44,82,0,0,0,0,26,43,5,26,6,8,9,22,5,1,1,0,0,45,19,0,1,15,11,0,7,190,8,4,2,1,9,26,1,2,0,0,0,0,0,30,4,253,0
1733,1351,37,26,0,2,0,2,460,10,13,155,0,143,88,270,15,502,493,335,492,1546,8,1,2,21,27,4,51,45,29,191,700,0,30,202,77,12,34,225,65,37,2,60,46,113,5,33,384,33,1,0,3,3,261,31,2,1,0,0,1,3,58,75,3,14,7,37,52,69,40,41,0,3,44,0,4,35,2,164,0,0,129,20,14,1,48,4,983,811,1503,0,53,7,1,2552,7,84,653,13,6,2,0,16,0,0,0,534,1218,67,50,6,26,33,42,26,9,35,1021,3,63,0,22,6,1,1,53,10,293,14,169,537,783,12,59,104,240,182,105,56,7,50,53,47,76,31,0,268,67,5,60,27,7,3,12,3,0,1,44,82,0,0,0,0,26,44,5,27,6,8,9,22,6,1,1,0,0,45,19,0,1,15,11,0,7,191,8,4,2,1,10,26,1,2,0,0,0,0,0,30,4,257,0
1734,1370,37,26,0,2,0,2,461,10,13,155,0,144,93,271,16,504,493,335,496,1554,8,1,2,22,27,4,51,45,31,194,701,0,30,204,79,12,34,227,65,38,2,61,46,114,5,34,384,33,1,0,3,3,262,31,2,1,0,0,1,3,58,76,3,14,7,38,52,71,41,42,0,3,45,0,4,35,2,164,0,0,130,20,14,1,48,4,988,817,1517,0,54,7,1,2559,7,85,658,13,6,2,0,16,0,0,0,535,1234,67,51,6,26,33,42,26,9,35,1024,3,64,0,23,6,1,1,53,10,296,14,170,545,790,12,60,106,241,183,106,57,7,50,53,47,76,31,0,271,67,5,61,27,7,3,12,3,0,1,44,83,0,0,0,0,26,45,5,28,6,9,9,22,6,1,1,0,0,45,19,0,1,15,11,0,7,194,8,4,2,1,10,26,1,2,0,0,0,0,0,30,4,261,0
1735,1380,37,26,0,2,0,2,464,11,13,157,0,144,93,273,16,508,496,336,500,1562,8,1,2,22,27,4,51,45,31,196,706,0,31,206,79,12,34,227,66,38,2,63,46,118,5,34,388,34,1,0,3,3,263,31,2,1,0,0,1,3,58,76,3,14,8,38,53,72,41,43,0,3,47,0,4,36,2,164,0,0,130,20,14,1,48,4,997,820,1525,0,56,7,1,2571,7,86,662,14,6,2,0,17,0,0,0,535,1248,68,52,6,26,34,42,26,9,35,1025,3,64,0,23,6,1,1,54,10,299,14,173,550,804,12,60,107,241,183,109,57,8,51,54,47,77,31,0,277,67,5,61,27,7,3,12,3,0,1,45,83,0,0,0,0,26,45,5,28,6,9,10,22,6,1,1,0,0,46,19,0,1,15,11,0,7,196,8,4,2,1,10,27,1,2,0,0,0,0,0,30,4,264,0
1736,1388,37,26,0,2,0,2,470,11,13,158,0,144,93,277,16,511,499,338,504,1566,8,1,2,22,27,4,51,46,31,199,708,0,31,208,79,12,34,227,66,38,2,64,46,119,5,35,393,34,1,0,3,3,265,31,2,1,0,0,1,3,58,76,3,14,8,39,54,73,42,43,0,3,47,0,5,38,2,164,1,0,130,22,15,1,48,4,1002,820,1536,0,57,7,1,2577,7,86,669,14,6,2,0,17,0,0,0,539,1272,69,53,6,26,34,43,26,9,37,1030,3,64,0,23,6,1,1,54,10,301,14,173,558,809,12,61,107,243,183,109,57,8,51,55,47,78,31,0,279,67,5,64,27,7,3,12,3,0,1,46,84,0,0,0,0,27,45,5,28,6,9,10,22,7,1,1,0,0,47,19,0,1,15,11,0,7,198,8,4,2,1,10,27,1,2,0,0,0,0,0,30,4,268,0
1737,1400,37,26,0,2,0,2,476,11,13,159,0,147,95,279,16,511,500,340,509,1577,8,1,2,22,27,4,52,47,31,199,710,0,32,209,79,12,34,228,66,38,2,64,46,119,5,35,397,34,1,0,3,3,267,31,2,1,0,0,1,3,58,78,3,14,8,39,54,73,42,43,0,4,47,0,5,38,2,164,1,0,130,22,15,1,49,4,1008,824,1555,0,59,7,1,2586,8,87,670,15,6,3,0,17,0,0,0,540,1299,72,53,6,26,34,43,26,9,40,1034,4,64,0,23,7,1,1,55,10,303,14,174,565,820,12,61,108,245,185,111,57,8,51,58,49,78,32,0,279,67,5,66,27,7,3,12,3,0,1,46,84,0,0,0,0,27,46,5,28,6,9,10,22,8,1,1,0,0,47,19,0,1,15,11,0,7,200,9,4,2,1,11,28,1,2,0,0,0,0,0,30,5,270,0
1738,1416,37,26,0,2,0,2,477,11,13,161,0,147,96,285,17,513,504,344,514,1595,8,1,2,22,27,4,52,47,31,202,713,0,32,210,80,12,34,230,66,38,2,65,47,119,5,35,399,36,1,0,3,3,267,31,2,1,0,0,1,3,58,79,3,14,8,39,54,73,42,43,0,4,47,0,5,39,2,164,1,0,130,23,15,1,51,4,1020,824,1561,0,62,7,1,2594,9,89,674,15,6,3,0,17,0,0,0,541,1318,73,53,6,26,34,43,26,9,41,1037,4,64,0,23,7,1,1,55,10,307,14,178,568,828,12,61,109,245,186,115,57,8,51,62,50,79,32,0,279,68,6,67,27,7,3,12,4,0,1,46,85,0,0,0,0,27,46,5,28,6,9,10,22,8,1,1,0,0,47,19,0,1,15,11,0,7,201,9,4,2,1,11,28,1,2,0,0,0,0,0,30,5,272,0
1739,1431,37,26,0,2,0,2,480,11,13,161,0,148,96,287,17,513,508,350,519,1614,8,1,2,22,28,4,52,47,32,202,727,0,33,212,80,12,35,230,66,39,2,66,47,120,5,35,404,36,1,0,3,3,268,31,2,1,0,0,1,3,60,80,3,14,8,39,54,73,42,44,0,4,47,0,5,40,2,164,1,0,132,23,15,1,53,4,1025,824,1572,0,62,7,1,2598,11,89,683,15,6,3,0,17,0,0,0,543,1332,74,54,6,26,35,43,26,9,41,1039,4,65,0,23,7,1,1,55,10,310,14,180,574,837,12,62,109,247,187,121,57,8,52,62,50,80,32,0,279,69,6,69,28,7,3,12,4,0,1,47,85,0,0,0,0,27,46,5,28,6,9,11,23,8,1,1,0,0,47,20,0,1,16,11,0,7,202,9,4,2,1,11,29,1,2,0,0,0,0,0,30,5,277,0
1740,1450,37,27,0,2,0,2,488,11,14,161,0,149,99,292,17,515,510,359,524,1634,8,1,2,22,28,4,54,47,33,204,730,0,33,214,81,12,35,232,66,40,2,66,48,122,5,35,406,36,1,0,3,3,269,31,2,1,0,0,1,3,60,82,3,14,8,39,56,74,44,45,0,4,49,0,5,41,2,164,1,0,132,23,15,1,53,4,1028,825,1586,0,63,8,1,2606,11,92,692,17,6,3,0,17,0,0,0,543,1351,74,54,6,26,36,44,26,9,42,1044,4,66,0,24,7,1,1,58,10,311,14,182,579,838,13,62,110,250,190,125,58,9,53,62,51,84,32,0,284,69,6,72,28,8,3,12,4,0,1,50,86,0,0,0,0,27,46,5,28,6,9,11,23,8,1,1,0,0,47,20,0,1,17,11,0,8,207,9,4,2,1,11,30,1,2,0,0,0,0,0,31,5,284,0
1741,1472,37,28,0,2,0,2,489,11,14,162,0,150,100,294,17,516,514,368,534,1659,8,1,2,22,28,4,56,47,33,205,733,0,33,215,82,12,35,232,66,40,2,67,48,122,5,35,409,37,1,0,3,3,272,31,4,1,0,0,2,3,60,83,3,14,8,39,57,74,44,46,0,4,50,0,5,42,2,165,1,0,134,29,15,1,53,4,1035,826,1599,0,63,8,1,2612,12,92,702,17,6,3,0,18,0,0,0,544,1363,74,55,6,27,36,44,26,9,44,1050,5,66,0,24,7,1,1,59,10,311,14,185,584,841,13,63,111,253,193,125,58,9,53,64,51,86,34,0,284,69,6,73,29,8,3,12,4,0,1,51,86,0,0,0,0,27,46,5,28,6,9,11,23,9,1,1,0,0,47,20,0,1,18,12,0,9,208,9,4,2,1,11,30,1,2,0,0,0,0,0,31,5,289,0
1742,1495,38,28,0,2,0,2,492,11,14,162,0,150,100,299,17,520,517,376,544,1700,8,1,2,22,29,4,56,47,33,205,740,0,35,217,83,12,35,233,66,40,2,67,48,122,5,35,412,37,1,0,3,3,273,31,4,1,0,0,2,3,60,83,3,14,8,39,58,74,44,46,0,4,50,1,5,42,2,165,1,0,135,29,15,1,54,4,1039,827,1603,0,66,9,1,2615,12,92,712,17,6,3,0,18,0,0,0,544,1382,77,57,6,27,36,45,27,9,48,1053,5,66,0,24,7,1,1,60,10,313,14,187,596,846,14,64,112,258,197,126,59,10,53,64,52,88,34,0,287,70,6,74,29,8,3,13,4,0,1,51,86,0,0,0,0,28,46,5,28,6,9,11,23,9,1,1,0,0,47,20,0,1,18,12,0,9,210,9,4,2,1,11,30,1,2,0,0,0,0,0,31,5,290,0
1743,1521,38,29,0,2,0,2,497,11,14,162,0,152,103,303,17,527,519,379,550,1719,8,1,2,22,29,5,56,47,33,207,746,0,35,217,84,12,35,234,68,42,2,67,50,124,5,35,417,37,1,0,3,4,273,31,4,1,0,0,2,3,60,83,3,14,8,39,58,74,44,46,0,4,50,1,5,42,2,166,1,0,135,29,15,1,54,4,1045,828,1610,0,67,9,1,2621,12,92,717,17,6,3,0,18,0,0,0,545,1399,79,57,6,28,37,46,27,9,48,1056,5,67,0,26,7,1,1,60,10,314,14,191,601,853,14,64,113,262,197,127,59,10,54,65,52,88,34,0,292,70,6,76,29,8,3,13,4,0,1,51,87,0,0,0,0,28,46,5,28,6,9,11,23,9,1,1,0,1,48,20,0,1,18,12,0,9,211,9,4,2,1,11,30,1,2,0,0,0,0,0,32,5,295,0
1744,1538,38,29,0,2,0,2,502,11,14,162,0,153,103,306,17,530,520,379,560,1737,8,1,2,22,30,5,56,47,34,209,753,0,40,218,85,12,35,237,68,44,2,67,50,125,5,36,420,37,1,0,3,5,276,31,4,1,0,0,2,3,60,84,3,14,8,40,58,76,45,49,0,4,50,1,5,42,2,166,1,0,137,29,15,1,54,4,1050,828,1619,0,69,9,1,2624,12,96,721,17,6,3,0,18,0,0,0,545,1421,79,60,6,28,37,46,27,9,49,1062,6,67,0,27,7,1,1,60,10,316,14,192,610,859,14,64,113,265,201,129,59,10,55,66,53,90,35,0,294,70,6,76,30,8,3,13,4,0,1,51,87,0,0,0,0,28,47,5,28,6,9,11,23,9,1,1,0,1,49,20,0,1,18,12,0,9,211,9,4,2,1,11,31,1,2,0,0,0,0,0,32,5,299,0
1745,1564,38,29,0,2,0,2,502,11,15,162,0,155,103,307,17,538,520,381,570,1762,8,1,2,22,30,5,56,47,34,210,760,0,40,220,87,12,35,237,68,44,2,67,50,125,5,36,421,37,1,0,3,5,283,31,4,1,0,0,2,3,60,85,3,14,8,40,59,78,46,49,0,4,51,2,5,42,2,166,1,0,140,31,15,2,55,4,1058,828,1626,0,70,9,1,2631,12,96,723,18,6,3,0,18,0,0,0,546,1439,79,60,6,28,37,48,27,9,50,1063,6,67,0,27,7,1,1,60,11,320,14,192,616,867,14,68,113,267,203,134,59,10,57,66,54,91,35,0,294,71,6,77,30,8,3,13,4,0,1,52,88,0,0,0,0,28,47,5,29,6,9,11,23,9,1,1,0,1,49,21,0,1,18,12,0,9,212,10,4,2,1,11,31,1,2,0,0,0,0,0,32,6,301,0
1746,1601,38,29,0,2,0,2,503,11,15,163,0,156,105,308,18,538,521,385,575,1774,8,1,2,22,30,5,57,47,34,212,768,0,40,221,87,12,35,240,68,45,2,67,50,125,5,36,421,37,1,0,3,6,283,31,4,1,0,0,2,3,60,87,3,15,8,40,60,78,47,49,0,4,51,2,5,42,2,166,1,0,140,31,15,2,57,4,1060,828,1634,0,70,9,1,2636,12,97,726,18,6,3,0,19,0,0,0,547,1455,80,61,6,28,37,49,27,9,51,1068,6,67,0,27,7,1,1,60,11,321,14,192,621,869,14,69,113,270,205,141,59,13,59,66,56,92,36,0,299,72,6,77,30,8,3,13,5,0,1,52,91,0,0,0,0,28,47,5,29,6,9,11,23,9,1,1,0,1,49,21,0,1,18,12,0,9,212,11,4,3,1,11,31,1,2,0,0,0,0,0,32,7,302,0
1747,1631,38,29,0,2,0,2,505,11,15,163,0,156,105,310,18,540,523,390,588,1790,8,1,2,22,30,5,57,47,35,213,773,0,40,221,87,12,35,242,68,45,2,68,51,126,5,37,423,37,1,0,3,7,283,31,4,1,0,0,2,3,60,89,3,15,8,42,60,79,47,49,0,4,51,2,5,43,3,166,1,0,140,31,16,2,61,4,1065,830,1639,0,70,9,1,2641,12,98,732,19,6,3,0,19,0,0,0,548,1485,80,62,6,28,37,50,27,9,51,1071,6,67,0,28,7,1,1,62,11,321,14,192,624,870,15,69,113,272,205,147,59,13,61,70,56,92,38,0,302,72,6,80,30,8,3,13,5,0,1,52,91,0,0,0,0,28,47,5,29,6,9,11,24,9,1,1,0,1,49,21,0,1,18,13,0,9,216,11,4,3,1,11,31,1,2,0,0,0,0,0,32,7,307,0
1748,1660,39,30,0,2,0,2,507,11,16,163,0,156,107,313,18,544,524,394,595,1804,8,1,2,22,30,5,58,47,35,213,777,0,40,224,88,12,35,242,68,45,2,68,51,126,5,37,423,37,1,0,3,8,285,31,4,1,0,0,2,3,60,90,3,15,8,42,62,80,47,49,0,4,51,2,5,43,3,168,1,0,140,31,16,2,62,4,1066,830,1642,0,70,9,1,2646,14,101,735,19,6,3,0,19,0,0,0,549,1505,81,63,6,29,37,50,27,9,51,1071,6,67,0,29,8,1,1,63,11,321,14,193,631,876,15,70,114,274,207,148,60,13,65,71,57,93,38,0,307,72,6,82,30,9,3,13,5,0,1,52,91,0,0,0,0,28,48,5,30,6,9,11,24,9,1,1,0,1,49,21,0,1,18,13,0,9,220,11,4,3,1,12,31,1,2,0,0,0,0,0,32,7,311,0
1749,1683,39,30,0,2,0,2,510,11,16,164,0,158,107,315,18,544,527,398,601,1816,8,1,2,23,33,5,58,47,36,214,781,0,41,227,88,12,36,242,68,46,2,68,51,126,5,37,427,37,1,0,3,8,290,31,5,1,0,0,2,3,60,91,3,15,8,42,62,80,47,49,0,4,51,2,5,45,3,168,1,0,142,31,17,2,63,4,1072,831,1647,0,72,9,1,2650,14,102,740,20,6,3,0,20,0,0,0,550,1529,81,64,6,30,38,50,27,9,54,1074,6,67,0,31,8,1,1,63,11,326,14,195,637,882,15,70,114,276,209,150,61,14,68,72,59,94,39,0,310,72,6,83,30,10,3,13,5,0,1,54,91,0,0,0,0,28,48,5,31,7,9,12,24,9,1,1,0,1,49,21,0,1,18,14,0,9,220,11,4,3,1,12,31,1,2,0,0,0,0,0,32,8,316,0
1750,1729,39,31,0,2,0,2,514,11,16,168,0,159,107,320,18,545,528,405,609,1824,8,1,2,23,33,5,58,48,37,217,788,0,41,230,89,12,36,243,68,46,2,70,51,128,5,37,430,37,1,0,3,8,291,31,5,1,0,0,2,3,60,94,3,15,8,43,62,82,50,49,0,4,52,2,5,46,3,173,1,0,143,31,17,2,65,4,1079,833,1655,0,75,10,1,2658,14,104,746,20,6,3,0,20,0,0,0,552,1551,83,64,6,32,40,50,30,9,58,1080,6,68,0,31,8,1,1,63,12,327,14,196,646,888,16,72,116,280,214,155,61,15,73,73,59,95,40,0,310,73,7,86,30,10,3,13,5,0,1,57,91,0,0,0,0,28,50,5,32,7,9,12,24,9,1,1,0,1,49,21,0,1,19,15,0,9,224,11,4,3,1,12,31,1,2,0,0,0,0,0,32,8,322,0
1751,1771,41,31,0,2,0,2,525,11,16,168,0,162,108,322,18,545,531,409,616,1835,8,1,2,24,33,5,59,49,37,218,792,0,41,231,89,12,37,244,68,46,2,72,52,129,5,37,433,37,1,0,3,8,293,33,5,1,0,0,2,3,60,94,3,16,8,44,64,85,51,49,0,4,53,2,5,47,3,175,1,0,144,31,17,2,65,4,1083,835,1663,0,76,10,1,2668,14,106,748,22,6,3,0,21,0,0,0,554,1577,83,64,6,32,41,50,31,9,59,1082,6,68,0,32,8,1,1,64,12,330,14,197,653,891,17,72,116,281,217,157,63,20,74,73,62,95,41,0,312,74,7,86,30,11,3,13,5,0,1,57,92,0,0,0,0,28,51,5,33,7,9,12,24,9,1,1,0,2,49,22,0,1,19,15,0,10,231,11,4,3,1,12,31,1,2,0,0,0,0,0,32,8,327,0
1752,1796,41,31,0,2,0,2,537,11,16,169,0,164,109,323,18,546,535,409,622,1843,8,1,3,25,36,5,60,49,40,220,793,0,41,233,89,12,37,244,68,46,2,73,52,131,5,37,435,37,1,0,3,8,295,34,5,1,0,0,2,3,60,94,3,16,8,44,64,87,51,49,0,4,53,2,5,48,3,176,1,0,144,31,17,2,65,4,1091,836,1670,0,84,10,1,2674,14,106,749,22,6,3,0,21,0,0,0,556,1597,85,65,6,32,44,50,31,9,61,1084,6,69,0,32,8,1,1,64,13,331,14,199,660,904,19,74,117,284,220,160,63,20,79,73,64,98,42,0,315,74,7,87,32,11,3,13,5,0,1,57,93,0,0,0,0,28,51,5,33,7,9,12,24,9,1,1,0,2,49,22,0,1,19,16,0,10,232,11,4,3,1,12,31,1,2,0,0,0,0,0,32,9,331,0
1753,1818,41,32,0,3,0,2,540,11,16,171,0,167,111,326,18,547,540,412,631,1855,9,2,3,25,36,5,60,49,40,224,798,0,41,238,89,13,38,247,68,46,2,74,52,132,5,37,437,37,1,0,3,9,295,36,5,1,0,0,2,3,60,96,3,16,12,44,65,88,52,52,0,4,57,2,5,49,5,177,1,0,146,32,17,2,66,4,1091,836,1688,0,85,10,1,2677,15,107,754,22,6,3,0,21,0,0,0,556,1632,88,65,6,32,47,51,31,9,63,1092,6,69,0,34,8,3,1,64,13,334,16,200,666,910,20,75,117,285,222,163,64,20,83,73,66,98,43,0,316,75,8,89,32,12,3,13,5,0,1,58,94,0,0,0,0,28,52,5,34,7,9,12,24,9,1,1,0,2,50,22,0,1,19,16,0,10,233,11,4,3,2,12,31,1,2,0,0,0,0,0,34,9,334,0
1754,1845,41,32,0,3,0,3,545,11,16,171,0,168,113,329,18,548,543,415,637,1868,9,2,4,25,37,5,61,50,41,226,804,0,41,242,89,13,38,250,69,46,2,74,52,132,5,37,439,37,1,0,4,9,295,36,6,1,0,0,2,3,60,97,3,17,16,45,65,90,52,55,0,4,57,2,6,52,5,178,1,0,146,40,18,2,66,4,1095,838,1700,0,86,10,1,2680,15,108,759,22,6,5,0,21,0,0,0,556,1662,89,67,6,32,47,52,31,9,64,1099,6,69,0,34,8,3,1,64,13,336,18,204,669,915,20,75,120,287,223,167,65,21,90,73,67,98,43,0,318,76,8,91,32,12,3,14,5,0,1,58,95,0,0,0,0,28,55,5,34,7,9,12,24,9,1,1,0,2,50,22,0,1,19,16,0,10,234,11,4,3,3,12,31,1,2,0,0,0,0,0,35,9,341,0
1755,1873,41,32,0,3,0,3,548,11,16,172,0,168,115,330,18,550,545,420,642,1880,9,2,4,25,37,5,61,50,42,228,808,0,41,247,89,14,38,254,69,46,2,76,53,132,5,37,442,37,1,0,5,10,296,37,6,1,0,0,2,4,60,99,3,17,16,46,69,90,52,55,0,4,57,2,6,52,6,181,1,0,147,40,18,2,67,4,1097,839,1708,0,87,10,1,2686,15,108,765,23,6,7,0,22,0,0,0,556,1693,90,69,7,34,47,54,32,9,70,1101,6,72,1,36,8,3,1,64,13,336,18,205,678,919,21,77,120,289,224,168,65,22,98,73,68,98,45,0,318,76,8,92,32,12,3,14,5,0,1,59,96,0,0,0,0,29,58,5,34,7,10,12,25,9,1,1,0,2,50,22,0,1,19,17,0,10,235,11,4,3,3,12,32,1,2,0,0,0,0,0,35,9,345,0
1756,1912,41,32,0,3,0,3,551,11,17,172,0,169,115,333,18,552,547,422,653,1900,9,2,4,25,37,5,61,50,42,228,817,0,41,249,92,14,38,256,69,47,2,76,55,136,6,37,445,37,1,0,5,11,297,37,6,1,0,0,2,4,61,105,3,17,18,46,69,91,54,56,0,4,58,2,6,53,6,184,1,0,148,40,18,2,67,4,1100,839,1712,0,89,10,1,2694,15,109,769,23,6,7,0,22,0,0,0,558,1719,93,71,7,34,47,55,32,9,72,1104,6,73,1,37,8,3,1,64,13,337,18,209,687,925,21,78,122,292,226,173,67,25,101,74,68,99,47,0,319,77,8,94,33,12,3,14,5,0,1,61,96,0,0,0,0,29,58,5,36,7,10,12,25,9,1,1,0,2,50,22,0,1,20,17,0,10,236,11,4,3,3,12,34,1,3,0,0,0,0,0,35,9,353,0
1757,1941,42,33,0,3,0,4,552,11,17,172,1,169,115,335,18,552,549,425,656,1908,9,2,4,25,38,5,61,50,42,230,819,0,41,252,92,14,39,259,70,47,2,76,55,136,6,37,448,39,1,1,5,11,299,37,6,1,0,0,2,4,61,105,3,17,18,47,71,93,56,57,0,4,58,2,6,53,6,185,2,0,150,40,18,2,67,4,1104,839,1718,0,90,10,1,2699,15,110,773,23,6,8,0,22,0,0,0,561,1742,93,74,7,34,47,56,33,9,72,1111,6,73,1,38,8,3,1,64,13,340,18,210,696,929,24,78,123,295,228,174,67,27,104,76,70,100,47,0,322,78,8,97,33,12,3,14,5,0,1,62,97,0,0,0,0,30,59,5,36,7,10,12,25,9,1,1,0,2,51,22,0,1,20,17,0,10,236,11,5,3,3,13,35,1,3,1,0,0,0,0,35,9,357,0
1758,1980,42,34,0,3,0,4,554,11,17,172,1,170,116,338,18,556,550,432,659,1920,9,2,4,25,38,5,62,50,43,232,824,0,41,255,95,14,39,262,70,47,2,78,55,137,7,37,449,40,1,1,6,11,301,37,6,1,0,0,2,4,61,107,3,18,19,47,71,96,57,61,0,4,60,2,6,53,6,186,2,0,151,40,18,2,69,4,1112,844,1733,0,91,10,1,2701,15,115,776,23,6,8,0,22,0,0,0,561,1761,94,76,7,34,47,56,33,9,75,1115,6,73,1,38,9,3,1,64,13,344,18,214,704,938,24,79,123,297,228,176,69,27,109,76,70,100,48,0,322,78,8,97,33,13,3,14,5,0,1,62,98,0,0,0,0,31,59,5,37,7,10,12,26,9,1,1,0,2,51,22,0,1,20,18,0,10,243,11,5,3,3,13,35,1,3,1,0,0,0,0,35,9,362,0
1759,2011,42,35,0,4,0,4,558,12,17,172,1,170,119,339,18,557,557,437,665,1944,9,2,4,25,38,5,62,50,43,233,831,0,41,256,95,14,39,263,70,47,2,78,56,139,7,37,450,41,1,1,6,11,301,37,6,1,0,0,2,4,61,107,3,18,19,47,73,99,57,62,0,4,60,2,7,53,6,188,2,0,151,40,20,2,71,4,1115,850,1751,0,93,11,1,2703,16,116,788,23,6,8,0,22,0,0,0,563,1785,95,77,7,34,47,56,33,9,75,1118,6,73,1,39,9,3,1,64,13,345,19,216,713,943,25,79,124,299,229,180,76,27,123,78,72,100,52,0,324,82,8,98,34,13,3,14,5,0,1,62,101,0,0,0,0,32,60,5,37,7,10,12,26,9,1,1,0,2,52,22,0,1,20,18,0,10,245,11,5,3,3,13,35,1,3,1,0,0,0,0,36,9,368,0
1760,2032,42,37,0,4,0,4,560,12,18,173,1,173,119,342,18,558,558,439,673,1960,9,2,4,25,38,5,62,50,45,234,838,0,41,257,98,14,39,265,70,47,2,80,56,140,7,37,452,41,1,1,7,11,302,38,6,1,0,0,2,4,63,110,3,18,20,47,75,102,59,65,0,4,60,2,8,55,6,190,2,0,152,42,21,2,72,4,1117,851,1763,0,93,12,1,2708,16,116,791,23,6,8,0,22,0,0,0,568,1819,97,78,7,35,48,56,33,9,78,1125,6,74,1,40,9,3,1,64,13,345,20,220,723,951,26,79,124,301,229,182,76,27,127,80,74,100,52,0,324,84,8,103,34,13,3,14,5,0,1,62,101,0,0,0,0,33,61,6,37,7,11,12,27,9,1,1,0,2,53,23,0,1,21,18,0,10,250,11,5,3,3,13,36,1,3,1,0,0,0,0,37,9,373,0
1761,2061,42,37,0,4,0,4,567,13,18,174,1,177,119,343,18,559,562,443,679,1971,9,2,4,25,38,5,62,50,45,238,847,0,41,257,98,14,39,266,70,47,2,82,57,140,7,37,456,41,1,1,7,11,304,38,6,1,0,0,2,4,63,111,3,18,20,48,76,102,59,65,0,4,61,2,8,56,6,194,2,0,152,43,21,2,72,4,1120,853,1773,0,96,12,1,2713,16,117,800,23,6,8,0,23,0,0,0,569,1838,100,79,7,35,49,56,34,9,78,1129,6,75,1,40,9,3,1,65,13,348,20,222,729,956,26,80,124,310,232,183,76,27,131,82,76,100,53,0,325,85,8,106,34,13,3,15,5,0,1,62,103,0,0,0,0,33,61,6,37,7,11,13,27,10,1,1,0,2,53,23,0,1,23,18,0,10,250,11,6,3,3,13,36,1,3,1,0,0,0,0,38,9,377,0
1762,2098,43,37,0,4,0,4,569,13,18,174,1,178,119,347,18,560,565,447,685,1986,10,2,4,25,38,5,63,50,46,241,853,0,41,263,99,14,39,266,70,47,2,82,60,141,7,37,463,41,1,1,7,12,307,38,6,1,0,0,2,4,63,112,3,18,20,48,76,104,61,67,0,4,61,2,10,56,6,198,2,0,152,43,21,2,73,4,1127,853,1785,0,97,12,1,2715,18,117,805,23,8,8,0,23,0,0,0,570,1865,103,80,7,35,50,56,34,9,81,1135,6,75,1,41,9,3,1,65,13,350,20,223,732,967,28,81,124,310,233,187,77,27,139,84,76,102,53,0,327,85,8,108,35,13,3,16,5,0,1,62,103,0,0,0,0,37,63,6,37,7,11,13,27,10,1,1,0,2,53,23,0,1,23,19,0,12,252,11,6,3,3,13,38,1,3,1,0,0,0,0,38,9,380,0
1763,2140,43,37,0,4,0,5,572,14,18,174,1,180,119,351,18,563,571,449,701,1998,10,2,4,25,38,6,63,50,49,241,857,0,41,274,101,14,39,267,70,47,2,83,61,141,7,37,465,42,1,1,7,12,308,38,7,1,0,0,2,4,63,114,3,18,20,48,78,106,61,68,0,4,61,2,11,56,6,202,2,0,153,43,21,2,76,4,1130,854,1793,0,98,12,1,2718,18,119,814,24,8,8,0,23,0,0,0,572,1901,104,81,8,35,51,57,34,9,83,1140,6,77,1,42,9,3,1,66,14,351,20,224,738,979,28,82,124,313,233,189,77,29,145,87,78,103,55,0,331,85,8,109,35,14,3,16,5,0,1,62,103,0,0,0,0,37,64,6,39,7,11,14,27,11,1,1,0,2,53,23,0,1,25,19,0,13,255,11,7,3,3,13,38,1,3,1,0,0,0,0,38,9,385,0
1764,2176,43,38,0,4,0,5,576,14,18,174,1,183,119,356,19,567,572,452,713,2006,10,2,4,25,38,7,63,51,50,241,861,0,41,293,102,14,39,268,70,47,3,85,61,141,7,37,469,42,1,1,7,12,310,38,7,1,0,0,2,4,63,115,3,18,20,48,81,107,62,68,0,4,61,2,11,57,6,204,2,0,163,43,21,2,76,5,1134,854,1807,0,103,12,1,2738,20,121,821,24,8,8,0,23,0,0,0,573,1940,106,81,8,35,53,57,34,9,87,1143,7,77,1,42,9,3,1,66,14,353,20,225,745,986,28,82,126,318,234,192,78,29,147,87,82,104,55,0,334,86,9,111,35,15,3,16,5,0,1,62,104,0,0,0,0,37,66,7,40,7,11,14,27,12,1,1,0,2,54,23,0,1,26,20,0,13,256,12,7,3,3,13,39,1,3,1,0,0,0,0,38,9,395,0
1765,2211,43,40,0,4,0,5,579,14,18,175,1,183,120,361,19,570,579,456,719,2024,10,2,4,25,38,7,63,51,51,241,863,0,41,306,102,14,39,268,70,47,3,86,61,141,7,37,469,42,1,1,7,13,312,38,7,1,0,0,2,4,63,117,3,18,20,48,83,108,62,69,0,4,61,2,11,59,6,205,2,0,166,43,21,2,77,5,1138,854,1815,0,104,12,1,2741,20,121,826,24,8,8,0,23,0,0,0,573,1979,108,81,8,35,53,57,35,9,90,1147,7,78,1,43,10,3,1,66,14,356,20,228,756,998,32,83,126,322,237,193,78,29,151,88,82,104,56,0,339,88,10,118,36,15,3,16,5,0,1,62,104,0,0,0,0,37,71,7,40,7,11,14,27,13,1,1,0,2,54,23,0,1,27,20,0,13,259,12,7,3,3,13,39,1,3,1,0,0,0,0,38,9,397,0
1766,2227,43,40,0,4,0,5,582,14,18,177,1,183,123,368,19,572,586,459,726,2035,10,2,4,25,38,7,64,52,51,243,872,0,42,308,102,14,40,270,70,47,3,88,61,141,7,37,472,43,1,1,7,13,316,38,7,1,0,0,2,4,64,119,3,20,21,48,83,109,62,70,0,4,61,2,11,61,6,206,2,0,170,43,21,2,77,5,1144,855,1829,0,105,12,1,2747,22,121,830,24,9,9,0,23,0,0,0,577,2013,110,82,8,36,53,59,35,9,94,1148,7,79,1,43,10,3,1,66,14,357,20,228,762,1007,33,87,129,323,238,194,81,29,155,89,83,104,56,0,339,90,10,119,37,15,3,17,5,0,1,62,104,0,0,0,0,37,73,7,40,8,11,14,27,14,1,1,0,2,54,24,0,1,27,22,0,13,264,12,7,4,5,13,40,1,3,1,0,0,0,0,38,9,401,0
1767,2253,43,40,0,4,0,5,585,14,18,178,1,189,123,373,19,572,588,463,738,2045,11,2,4,25,38,7,64,52,52,244,879,0,44,311,104,14,40,272,70,47,3,89,61,142,7,38,473,44,1,1,7,13,320,39,8,1,0,0,2,4,64,120,3,21,22,48,85,110,64,70,0,4,61,2,11,63,6,207,2,0,170,44,22,2,78,5,1155,856,1849,0,108,12,1,2752,27,121,834,25,9,10,0,23,0,0,0,577,2052,110,83,8,36,53,60,36,9,94,1153,7,81,1,43,10,3,1,66,14,359,21,230,770,1028,33,88,130,324,241,195,82,30,161,92,83,105,56,0,340,91,10,123,37,15,3,17,6,0,1,64,104,0,0,0,0,40,73,8,42,8,11,14,27,14,1,1,0,2,54,24,0,1,27,22,0,14,268,13,7,4,8,13,40,1,3,1,0,0,0,0,38,9,409,0
1768,2284,43,40,0,4,0,5,590,14,18,178,1,189,127,377,19,579,592,467,747,2065,12,2,4,25,38,7,64,53,53,246,883,0,44,313,104,14,40,273,70,47,3,90,61,143,7,38,476,44,1,1,8,13,325,39,8,1,0,0,2,4,65,124,3,21,22,49,86,111,64,70,0,4,61,2,11,63,6,209,2,0,173,44,22,2,78,5,1161,856,1862,0,108,12,1,2757,28,122,843,25,9,10,0,23,0,0,0,577,2095,110,84,8,36,54,62,39,9,100,1158,9,81,1,44,10,4,1,66,14,363,21,231,786,1039,34,88,130,331,241,199,83,30,165,93,86,106,58,0,342,94,10,129,37,15,3,17,6,0,1,64,104,0,0,0,0,42,76,8,42,8,11,15,28,14,1,1,0,2,54,26,0,1,27,22,0,14,270,14,7,4,8,14,40,1,3,1,0,0,0,0,38,9,415,0
1769,2300,44,40,0,4,0,5,591,14,19,179,1,190,128,382,19,583,593,473,752,2081,12,2,4,25,38,7,64,55,55,247,895,0,45,314,105,14,40,278,70,47,3,92,61,143,7,38,477,44,1,1,8,13,327,39,8,1,0,0,2,4,65,124,3,21,22,49,86,114,64,70,0,4,61,2,11,63,6,210,2,0,178,44,22,2,79,5,1169,859,1878,0,111,13,1,2761,29,122,848,26,9,10,0,23,0,0,0,578,2143,110,85,8,36,55,63,39,9,106,1162,9,84,1,44,10,4,1,68,16,365,21,235,795,1050,34,89,131,336,244,203,83,30,170,94,86,107,59,0,343,97,11,131,37,16,3,17,6,0,1,66,105,0,0,0,0,43,79,8,42,9,11,16,28,15,1,1,0,2,54,26,0,1,27,22,0,14,273,14,7,4,8,14,41,1,3,1,0,0,0,0,38,9,417,0
1770,2331,44,41,0,4,0,5,594,14,20,179,1,191,130,384,19,586,604,476,762,2104,12,2,4,25,38,7,64,55,56,255,899,0,45,319,105,14,40,281,71,48,3,99,62,143,7,39,480,44,1,1,11,13,333,40,9,1,0,0,2,4,67,127,3,21,22,50,86,117,65,71,0,4,61,2,12,65,6,210,2,0,180,44,22,2,80,5,1171,861,1893,0,113,13,1,2768,30,122,855,27,9,10,0,23,0,0,0,578,2205,115,88,8,36,57,63,39,9,106,1166,9,85,1,46,10,4,1,69,16,370,21,238,807,1064,34,91,131,345,248,206,83,30,170,96,88,107,60,0,343,98,11,133,39,17,3,18,6,0,1,67,106,0,0,0,0,47,80,8,43,9,11,16,29,15,1,1,0,2,55,26,0,1,28,22,0,14,279,14,7,4,8,14,41,1,3,1,0,0,0,0,38,9,424,0
1771,2344,44,41,0,4,0,6,597,14,20,180,2,191,132,385,19,587,607,478,775,2116,12,2,4,25,38,7,65,55,59,258,908,0,45,322,105,14,40,284,71,48,4,100,62,144,7,39,486,44,1,1,11,13,336,40,9,1,0,0,2,4,67,127,3,21,22,51,88,119,66,71,0,4,61,2,12,65,7,211,2,0,182,44,22,2,80,5,1176,861,1909,0,114,14,1,2777,30,124,867,27,9,12,0,24,0,0,0,578,2258,119,89,9,36,59,65,39,9,112,1176,11,87,1,47,10,4,1,69,16,371,21,241,818,1075,36,92,133,348,252,208,84,31,175,98,91,107,61,0,345,101,12,140,39,17,3,19,6,0,1,67,107,0,0,0,0,50,81,8,44,9,11,16,29,15,1,1,0,2,56,26,0,1,28,22,0,15,280,14,7,4,10,14,42,1,3,1,0,0,0,0,39,9,431,0
1772,2366,44,41,0,4,0,6,597,14,20,181,2,192,132,389,19,589,612,481,786,2138,12,2,5,25,40,7,65,56,60,259,911,0,45,323,106,14,40,285,71,49,5,104,62,147,7,40,492,44,1,1,11,13,338,40,9,1,0,0,2,4,68,131,3,22,23,51,88,121,66,73,0,4,61,2,14,67,7,211,2,0,184,45,22,2,81,5,1180,861,1921,0,114,14,1,2784,30,126,876,28,9,12,0,25,0,0,0,579,2319,122,91,9,37,59,65,39,9,115,1182,12,88,1,49,10,4,1,71,16,372,21,244,831,1087,38,96,134,352,256,212,85,32,180,100,92,109,63,0,350,102,12,145,39,18,3,19,6,0,1,67,107,0,0,0,0,51,84,8,44,9,11,17,29,15,1,1,0,2,56,26,0,1,28,22,0,16,282,15,7,4,10,14,42,1,3,1,0,0,0,0,39,9,435,0
1773,2392,45,41,0,4,0,6,602,14,20,181,2,193,134,391,19,590,617,483,806,2163,12,2,6,25,40,7,66,57,60,261,921,0,45,326,106,14,41,287,71,49,5,107,62,149,7,40,496,44,1,1,12,13,342,40,9,1,0,0,2,4,68,133,3,22,23,52,89,127,66,73,0,4,61,2,15,68,7,216,2,0,186,45,22,2,81,5,1184,862,1934,0,116,14,2,2787,30,128,882,28,9,12,0,26,0,0,0,580,2386,124,91,9,37,59,65,40,9,117,1188,13,89,1,51,10,5,1,71,16,374,21,247,843,1098,41,98,134,356,257,215,86,33,182,100,95,110,64,0,351,103,12,148,39,19,3,19,6,0,1,67,107,0,0,0,0,51,89,8,45,9,13,17,29,16,1,1,0,2,56,26,0,1,29,23,0,16,283,15,7,4,10,14,43,1,3,1,0,0,0,0,39,9,440,0
1774,2438,45,42,0,4,0,6,604,14,20,184,2,197,135,393,19,591,621,485,819,2182,12,2,7,25,40,7,66,57,60,262,926,0,46,331,106,14,41,287,71,49,5,110,63,151,7,40,500,44,2,1,13,13,346,40,9,1,0,0,2,4,69,133,3,23,23,55,89,130,67,76,0,4,61,2,17,76,7,220,3,0,188,45,22,2,81,5,1186,862,1944,0,122,15,2,2791,31,128,893,28,9,12,0,26,0,0,0,583,2439,125,93,9,37,60,66,40,9,122,1197,13,90,1,51,10,5,1,71,17,380,21,250,853,1113,41,101,134,358,258,219,88,36,186,101,97,112,64,0,352,107,13,151,41,19,3,20,6,0,1,68,109,0,0,0,0,51,93,8,45,9,13,18,31,16,1,1,0,3,56,27,0,1,30,23,0,16,285,15,7,4,11,14,43,1,3,2,0,0,0,0,39,9,452,0
1775,2484,45,42,0,4,0,6,609,14,20,188,2,198,137,397,19,591,624,489,823,2199,12,2,7,25,41,7,66,59,60,263,934,0,46,336,107,14,41,289,71,49,5,115,63,154,8,40,507,44,2,1,16,13,350,40,9,1,0,0,2,4,69,135,3,23,24,56,91,131,67,77,0,4,61,3,17,77,7,224,4,0,193,46,22,2,82,5,1193,864,1966,1,125,15,2,2799,32,128,907,29,10,12,0,26,0,0,0,586,2500,129,94,9,38,60,67,40,9,144,1197,13,90,1,54,10,5,1,71,17,383,21,258,863,1129,44,102,135,360,261,222,91,36,193,102,98,114,64,0,353,108,14,156,43,20,3,23,7,0,1,68,112,0,0,0,0,52,97,8,46,9,13,19,31,16,1,1,0,3,57,27,0,1,30,25,0,17,286,15,7,4,12,14,43,1,3,2,0,0,0,0,41,9,457,0
1776,2513,45,42,0,4,0,7,615,14,20,189,2,199,138,403,19,592,625,491,828,2204,12,2,7,25,42,7,66,59,60,264,939,0,46,343,107,14,41,291,71,49,5,118,66,155,13,40,509,45,2,1,29,13,353,41,9,1,0,0,2,4,71,136,3,26,24,56,91,135,68,79,0,4,61,3,19,80,7,226,7,0,196,46,23,2,83,5,1205,864,1989,1,127,18,2,2805,33,128,913,29,10,13,0,27,0,0,0,587,2567,130,94,9,38,60,68,40,9,169,1202,13,90,1,56,10,5,1,72,17,387,23,261,874,1139,47,103,135,360,263,226,92,37,199,104,102,115,66,0,356,109,14,158,44,20,3,23,7,0,1,68,114,0,0,0,0,52,99,9,47,9,13,19,32,17,1,1,0,4,57,27,1,1,30,26,0,18,292,15,10,4,13,15,44,1,3,2,0,0,0,0,42,9,470,0
1777,2531,46,42,0,4,0,7,622,14,20,190,2,205,139,411,19,594,627,493,831,2212,13,2,7,25,42,7,67,59,61,268,944,0,48,345,107,14,43,293,71,49,5,121,66,157,13,40,517,45,2,1,31,13,357,41,10,1,0,0,2,4,74,137,3,26,24,56,93,139,68,83,0,4,61,3,19,82,7,227,11,0,198,47,24,2,83,5,1215,867,2006,1,130,19,2,2813,34,128,924,29,10,13,0,27,0,0,0,588,2616,131,95,10,39,61,68,42,9,190,1209,13,94,1,57,10,5,1,73,17,391,23,264,897,1160,47,107,135,362,264,228,94,38,200,108,103,116,66,0,356,109,14,164,45,20,3,23,7,0,1,68,114,0,0,0,0,52,100,9,48,9,13,19,32,18,1,1,0,4,57,28,1,1,30,27,0,18,294,15,11,4,13,16,44,1,3,2,0,0,0,0,43,9,478,0
1778,2559,47,42,0,5,0,8,630,14,20,192,2,206,141,413,19,595,628,494,837,2222,13,2,7,26,42,7,68,59,61,275,953,0,50,347,108,14,43,293,71,49,5,123,67,157,13,40,519,45,2,1,33,13,362,41,11,1,0,0,2,4,76,139,3,27,25,57,93,146,68,84,0,4,62,3,19,84,7,229,14,0,198,47,24,2,84,5,1220,869,2019,1,143,19,2,2817,35,128,936,29,10,15,0,27,0,0,0,589,2669,132,98,10,40,62,68,42,9,191,1211,15,94,1,58,10,7,1,73,19,392,23,265,912,1179,47,108,140,364,266,229,97,39,200,110,105,116,67,0,358,109,15,169,45,20,3,24,7,1,1,68,115,0,0,0,0,53,101,9,49,9,13,19,32,18,1,1,0,4,58,28,1,1,31,29,0,18,295,15,11,4,13,16,46,1,3,2,0,0,0,0,44,9,484,0
1779,2587,47,42,0,5,0,8,632,14,20,193,2,207,142,414,19,595,630,494,848,2235,13,2,7,27,42,7,68,59,65,277,968,0,50,355,108,14,43,295,71,49,5,123,67,160,13,40,519,46,2,1,33,13,364,41,13,1,0,0,2,4,76,140,3,29,27,58,96,149,69,85,0,4,63,3,19,87,7,229,14,0,199,47,24,3,85,5,1223,869,2034,1,147,20,2,2824,35,128,944,29,10,15,0,27,0,0,0,590,2718,133,100,10,40,62,68,42,9,191,1215,15,95,2,61,10,8,1,74,19,394,23,271,917,1194,49,111,140,365,268,234,99,40,201,117,106,116,67,0,359,111,15,171,46,20,3,24,7,1,1,69,115,0,0,0,0,54,103,9,49,9,13,19,32,18,1,1,0,4,58,28,1,1,32,29,0,18,296,15,12,4,13,16,46,1,3,2,0,0,0,0,46,9,490,0
1780,2621,47,42,0,5,0,8,635,14,20,194,2,211,142,419,19,596,632,498,853,2251,13,2,7,27,43,7,70,60,66,281,974,0,50,357,109,14,43,295,72,49,5,123,67,161,13,41,526,46,2,1,33,13,367,41,13,1,0,0,2,4,77,140,3,30,29,58,96,151,69,86,0,4,63,3,20,88,7,231,15,0,201,48,24,3,86,5,1232,870,2047,1,149,20,2,2826,38,128,950,30,11,15,0,28,0,0,0,593,2772,135,103,10,40,63,69,44,9,195,1221,16,96,2,62,10,8,1,75,19,396,23,272,931,1205,49,114,143,366,268,236,101,41,201,117,107,116,68,0,360,112,15,173,46,22,3,25,7,1,1,70,115,0,0,0,0,55,104,9,51,9,13,19,33,18,1,1,0,4,58,29,1,1,34,31,0,18,302,17,12,4,13,16,46,1,3,2,0,0,0,0,47,9,496,0
1781,2646,47,42,0,5,0,9,638,14,22,195,2,213,145,421,19,598,634,498,859,2264,13,3,7,27,43,7,70,60,67,283,979,0,51,363,109,14,43,299,72,50,5,123,68,162,13,41,528,47,2,1,34,13,367,41,13,1,0,0,2,4,77,140,3,32,29,59,97,152,69,89,2,4,67,6,20,91,7,233,16,0,207,48,24,3,89,5,1240,870,2065,1,153,21,2,2832,43,129,956,30,12,15,0,28,0,0,0,595,2836,136,107,10,40,63,70,45,9,199,1228,16,97,2,63,10,8,1,75,19,399,23,273,950,1221,51,116,145,372,270,239,103,41,204,118,111,116,69,0,363,113,15,173,46,22,3,26,8,1,1,71,115,0,0,0,0,55,104,9,52,9,13,19,33,18,1,1,0,4,59,29,1,1,34,31,0,18,304,17,12,4,13,16,46,1,3,2,0,0,1,0,49,9,504,0
1782,2681,49,42,0,5,0,9,642,14,22,196,2,215,145,423,19,601,638,502,865,2274,14,4,7,27,43,7,70,61,69,287,983,0,51,367,109,14,43,301,72,51,5,124,68,165,14,41,532,47,2,1,34,13,369,41,13,1,0,0,2,4,78,140,3,32,30,61,97,153,69,89,3,4,69,6,20,93,7,233,17,0,209,49,24,3,89,5,1243,872,2071,1,156,22,2,2838,44,130,963,30,12,15,0,28,0,0,0,596,2905,139,107,10,40,64,72,45,9,199,1237,16,98,2,63,11,9,1,75,20,400,23,274,961,1238,52,121,148,373,271,241,105,41,207,118,112,117,69,0,366,113,15,174,49,22,3,26,8,1,1,71,115,0,0,0,0,55,105,9,53,9,13,20,34,19,1,1,0,4,60,29,1,1,35,31,0,18,305,17,13,4,14,16,46,1,4,2,0,0,1,0,49,9,510,0
1783,2751,49,43,0,5,0,10,653,14,23,199,3,216,148,428,19,607,644,507,870,2299,14,4,7,27,43,7,71,61,72,289,994,0,52,371,111,15,44,306,72,53,5,126,68,166,15,41,538,49,2,1,34,13,375,41,13,1,0,0,2,4,79,141,3,32,30,61,97,158,70,95,3,4,70,7,20,95,7,234,23,0,210,50,24,4,90,5,1246,874,2091,1,156,23,2,2844,44,132,973,30,13,15,0,28,0,0,0,597,2982,140,108,10,40,65,73,45,9,202,1241,16,98,2,66,13,9,1,77,20,404,23,279,971,1258,56,123,149,374,272,242,108,43,211,123,120,119,69,0,367,114,15,176,50,22,3,26,8,1,1,74,115,0,0,0,0,56,107,9,53,9,13,21,34,19,1,1,0,4,61,29,1,14,35,31,0,19,307,17,13,4,14,17,47,1,6,2,0,0,1,0,49,10,517,0
1784,2795,49,44,0,5,0,10,656,14,23,218,3,219,152,434,19,611,650,509,875,2316,14,4,7,27,45,7,71,61,73,292,999,0,53,372,111,15,44,308,73,53,5,127,68,167,16,42,541,49,2,1,34,13,379,41,13,1,0,1,2,4,80,146,3,32,30,61,98,168,70,96,4,4,70,7,24,99,7,234,25,0,213,50,25,4,90,5,1251,875,2101,1,159,25,2,2853,44,132,979,30,14,15,0,28,0,0,0,598,3047,140,110,10,41,68,75,45,9,207,1245,16,104,2,70,13,10,1,77,20,405,23,283,992,1275,58,125,149,378,274,248,113,44,212,125,120,119,69,0,369,114,15,179,52,22,3,27,8,1,1,74,116,0,0,0,0,57,107,9,53,9,13,21,35,19,1,1,0,4,63,29,1,39,35,31,0,20,309,17,14,4,14,17,48,1,6,2,0,0,1,0,49,10,522,0
1785,2842,49,46,0,5,0,11,659,14,24,225,3,223,154,439,19,617,653,515,880,2346,15,4,7,27,45,7,71,61,74,292,1005,0,54,378,112,15,45,309,73,53,5,132,69,169,16,42,546,50,2,1,34,13,382,42,13,1,0,1,2,4,81,151,3,32,32,62,99,174,74,105,4,5,73,9,26,99,7,235,28,0,215,51,26,5,90,5,1255,876,2115,1,160,25,2,2858,47,132,989,30,14,16,0,28,0,0,0,601,3117,142,113,10,41,70,76,46,9,209,1249,16,109,2,72,13,11,1,78,21,410,23,289,1014,1287,60,127,151,383,275,256,119,45,215,129,122,119,70,0,373,115,15,183,53,24,3,28,8,1,2,76,118,0,0,0,0,59,111,9,54,9,13,21,35,19,1,1,0,4,63,29,1,43,35,31,0,20,310,18,14,4,14,17,48,1,6,2,0,0,1,0,49,10,529,0
1786,2891,49,47,0,5,0,11,662,14,24,229,3,226,156,443,20,620,654,526,892,2364,15,4,7,27,45,7,71,61,76,293,1010,0,55,389,114,15,46,315,74,54,5,132,70,172,16,42,560,50,2,1,34,13,388,42,13,1,0,1,2,4,81,154,3,33,32,64,99,177,76,110,4,6,74,11,29,104,7,235,30,0,218,51,27,5,91,5,1264,877,2142,1,162,26,2,2903,48,132,999,30,15,16,0,28,0,0,0,605,3173,142,118,10,42,71,79,46,9,211,1258,16,110,2,72,13,11,1,79,21,414,24,294,1029,1304,67,131,152,386,275,262,123,46,222,131,123,119,72,0,376,117,15,186,53,26,3,30,8,1,2,76,118,0,0,0,0,60,114,9,54,9,13,22,35,19,1,1,0,4,64,29,1,49,35,31,0,20,310,19,16,4,14,17,48,1,7,2,0,0,1,0,50,10,538,0
1787,2965,49,48,0,5,0,13,665,14,24,231,3,227,160,447,21,625,660,528,899,2392,16,4,8,27,45,7,71,62,76,297,1022,0,55,397,116,15,46,318,74,57,5,135,71,176,17,44,567,50,2,1,34,13,391,42,14,2,0,1,3,5,82,159,4,34,33,64,99,179,77,118,4,6,77,14,35,108,7,237,37,0,219,52,27,5,93,5,1269,878,2155,1,180,29,2,2908,48,132,1010,31,15,17,0,28,0,0,0,608,3240,144,124,11,42,73,80,46,9,220,1263,17,110,3,75,13,13,1,79,22,416,24,298,1052,1332,69,137,154,390,277,273,127,48,225,134,123,122,73,0,378,118,16,188,53,27,3,30,8,1,2,77,119,0,0,0,0,62,114,9,57,9,13,22,35,21,1,1,0,4,65,29,1,49,35,32,0,22,316,19,17,4,14,18,49,1,7,2,0,0,1,0,52,11,552,0
1788,3032,51,49,0,5,0,15,670,14,24,235,3,235,163,450,22,631,668,536,919,2420,17,4,8,27,46,7,71,62,79,302,1029,0,55,406,121,15,48,321,74,58,5,139,72,178,18,46,576,51,3,1,34,13,395,42,14,2,0,1,3,5,82,165,4,37,33,66,100,182,77,125,4,6,82,17,46,110,7,238,45,0,232,53,29,5,93,5,1274,879,2183,2,189,30,2,2918,50,133,1019,31,16,20,0,29,0,0,0,612,3296,147,126,11,42,74,81,46,9,224,1269,17,110,3,83,14,13,1,79,26,418,25,303,1067,1359,75,140,156,401,277,281,131,49,233,139,124,122,75,0,382,119,16,192,55,27,3,31,8,1,2,78,120,0,0,0,0,64,114,9,63,10,13,24,35,21,2,1,0,5,66,29,1,50,36,32,0,23,321,19,17,5,15,18,49,1,7,2,0,0,1,0,54,17,562,0
1789,3091,54,49,0,5,0,15,675,14,26,239,4,236,164,454,22,634,670,544,936,2450,17,4,8,28,46,7,71,62,82,306,1040,0,56,461,127,15,50,325,74,59,5,140,73,181,18,47,584,52,6,1,35,15,399,42,14,2,0,1,3,5,83,168,4,39,35,66,102,184,78,130,4,6,86,20,52,114,8,243,48,0,246,54,31,5,96,5,1278,879,2196,3,201,30,2,2920,50,134,1027,32,16,21,0,29,0,0,0,615,3361,148,126,11,42,75,82,47,9,230,1275,18,111,3,90,15,14,1,80,28,427,25,308,1078,1386,82,144,156,406,279,286,136,49,235,145,127,122,77,0,383,121,16,195,55,28,3,32,8,1,2,78,122,0,0,0,0,66,116,10,69,10,13,24,36,21,2,1,0,5,66,29,1,52,36,33,0,23,325,19,17,5,15,18,49,1,7,2,0,0,1,0,57,17,569,0
1790,3155,55,50,0,5,0,15,683,14,26,241,5,246,165,458,22,646,677,552,951,2481,17,4,8,28,48,7,72,63,86,308,1056,0,60,498,128,15,50,325,75,60,5,142,73,184,18,49,591,55,11,1,35,15,402,42,14,2,0,1,3,5,85,174,4,40,35,68,105,185,84,134,4,7,90,20,53,118,8,245,52,0,249,59,32,5,98,5,1284,882,2215,3,209,32,2,2925,52,134,1042,32,17,23,0,29,0,0,0,619,3429,148,129,11,43,76,85,47,9,234,1280,18,111,3,97,15,15,1,80,30,430,25,314,1094,1413,89,150,157,409,281,291,140,49,237,149,128,122,79,0,389,124,16,195,56,28,3,32,8,1,2,79,125,0,0,0,0,69,116,10,71,10,13,24,37,22,2,2,0,5,66,29,1,52,36,34,0,23,330,22,18,5,16,18,50,1,7,2,0,0,1,0,58,18,577,0
1791,3231,55,53,0,5,0,15,687,14,26,245,5,248,167,464,22,649,680,567,977,2518,17,4,9,28,48,7,72,63,88,311,1077,0,61,524,128,15,51,327,75,62,5,142,73,187,18,49,597,56,12,1,36,15,408,42,14,2,0,1,3,5,86,181,5,40,35,70,106,190,90,140,4,8,92,23,55,118,8,259,54,0,255,60,34,5,99,5,1293,883,2247,3,227,32,2,2934,53,135,1055,33,17,23,0,30,0,0,0,627,3508,150,129,11,46,79,86,47,9,241,1283,18,115,3,100,16,15,1,81,30,436,25,319,1113,1445,94,151,158,412,282,293,143,50,241,150,130,123,79,0,391,125,16,202,59,29,3,32,8,1,3,80,126,0,0,0,0,70,117,10,74,11,14,25,37,23,2,2,0,5,66,29,1,52,37,37,0,23,332,22,18,5,16,18,50,1,8,2,0,0,1,0,60,19,590,0
1792,3350,56,53,0,5,0,15,693,15,27,247,5,259,169,469,22,651,688,575,993,2557,17,4,9,28,48,7,73,63,91,316,1087,0,62,552,129,15,51,334,75,62,5,144,73,187,19,50,606,57,13,1,37,16,411,42,14,2,0,1,3,5,86,184,5,40,35,70,109,192,93,145,4,8,98,26,59,123,8,279,59,0,259,60,34,5,99,5,1304,883,2283,3,249,33,2,2936,54,136,1078,33,18,23,0,30,0,0,0,631,3576,152,130,11,46,83,87,49,9,246,1288,18,117,3,105,16,16,1,82,33,444,25,328,1130,1477,105,155,160,418,283,295,145,51,244,152,131,124,79,0,394,128,16,211,59,31,3,34,10,1,3,82,127,0,0,0,0,70,119,10,75,12,15,29,38,25,2,2,0,5,69,29,1,52,38,38,0,25,336,23,18,6,17,18,52,1,8,3,0,0,1,0,61,19,601,0
1793,3460,56,53,0,5,0,15,694,15,27,249,6,267,171,474,22,654,701,595,1018,2601,17,4,9,28,48,7,74,63,94,319,1102,0,62,584,131,15,53,335,75,62,5,149,73,189,20,50,611,59,15,1,37,16,415,42,15,2,0,1,3,5,86,190,5,43,36,71,109,194,95,147,6,8,101,28,59,125,8,292,61,0,261,60,34,5,100,5,1309,884,2314,3,263,35,2,2937,54,136,1093,34,19,25,0,30,0,0,0,633,3640,153,132,11,50,83,90,50,9,255,1299,18,117,3,109,17,16,1,83,33,449,26,333,1157,1511,114,161,161,424,286,299,147,52,248,154,133,125,80,0,396,130,17,229,59,31,3,36,11,1,3,84,127,0,0,0,0,72,122,10,76,12,15,31,39,25,2,2,0,5,71,29,1,54,39,38,0,25,338,24,20,6,17,18,53,2,8,4,0,0,1,0,61,19,610,0
1794,3580,56,56,0,5,0,15,701,15,27,252,6,275,186,483,22,659,713,606,1050,2643,18,4,9,28,49,8,75,64,97,320,1119,0,62,640,133,15,55,337,76,62,5,154,73,189,21,50,619,64,18,1,41,16,417,43,15,2,0,1,3,5,86,193,5,44,37,74,110,199,96,150,6,8,102,31,60,133,8,300,62,0,266,61,35,6,101,5,1317,884,2363,3,293,35,2,2940,54,136,1107,34,21,26,0,30,0,0,0,634,3716,154,133,11,51,84,90,52,9,267,1307,18,119,3,119,18,18,1,85,33,454,26,336,1173,1566,132,166,165,429,287,304,151,53,253,158,136,126,82,0,404,130,17,243,59,31,3,36,11,1,3,85,129,0,0,0,0,74,122,10,76,13,15,32,40,25,2,2,0,5,71,31,1,56,40,38,0,25,339,25,22,6,17,19,54,2,8,4,0,0,1,0,65,20,625,0
1795,3716,56,56,0,5,0,15,708,15,28,258,6,284,199,487,22,671,721,624,1079,2677,18,4,9,28,50,8,75,65,100,325,1140,0,62,667,134,15,55,340,76,62,5,155,74,192,22,51,630,67,18,1,42,17,428,43,15,2,0,1,4,5,87,194,5,44,38,81,112,205,98,156,6,8,103,32,60,137,8,308,63,0,267,61,35,6,104,5,1321,884,2388,3,312,35,3,2944,55,139,1114,35,23,28,0,30,0,0,0,635,3792,157,133,11,52,87,91,55,9,274,1320,18,121,3,125,20,19,1,85,33,462,26,342,1197,1617,153,171,167,435,288,307,156,56,254,160,138,127,83,0,409,131,20,254,63,31,4,37,11,1,3,87,130,0,0,0,0,77,123,10,78,13,15,33,40,27,2,2,0,5,72,31,2,57,40,38,0,26,341,25,22,7,17,19,54,2,8,4,0,0,1,0,66,20,629,0
1796,3829,56,57,0,5,0,15,717,16,28,261,6,301,215,495,22,678,733,642,1104,2723,18,4,9,29,50,8,75,66,103,331,1152,0,62,691,135,15,56,342,76,62,5,155,75,193,22,51,637,67,19,1,45,17,436,43,15,2,0,1,5,5,87,197,5,48,38,84,115,209,99,163,6,8,107,34,60,143,8,315,64,0,272,63,35,6,106,5,1327,884,2407,3,341,35,3,2946,59,144,1121,37,24,32,0,30,0,0,0,641,3856,158,134,11,52,88,92,56,9,287,1328,18,124,3,136,21,20,1,86,35,466,26,351,1218,1657,170,176,169,444,289,311,165,56,257,164,141,128,86,0,410,133,20,260,63,31,4,37,12,1,3,89,131,0,0,0,0,81,123,10,81,13,15,35,42,27,2,2,0,5,73,33,2,57,40,40,0,26,346,26,22,7,17,19,54,2,8,4,0,0,1,0,71,20,639,0
1797,3917,56,58,0,5,0,15,721,16,28,261,6,309,225,498,22,681,744,654,1134,2759,19,4,9,29,50,8,75,66,107,331,1180,0,62,717,135,15,56,348,76,63,5,156,75,196,22,51,643,69,20,1,49,18,447,43,15,2,0,1,5,5,87,199,5,49,41,86,118,217,101,167,6,8,112,41,63,146,8,319,65,0,275,66,35,7,106,5,1340,884,2431,4,364,36,3,2948,62,145,1125,38,26,36,0,30,0,0,0,644,3921,159,134,12,54,90,94,56,9,293,1333,18,125,4,145,21,20,1,86,36,469,26,357,1241,1685,199,180,173,459,291,311,171,58,260,165,143,128,94,0,414,137,20,269,64,31,4,37,12,1,3,92,131,0,0,0,1,85,127,10,86,13,15,37,42,27,2,2,0,5,73,35,2,58,41,41,0,26,348,27,22,7,17,20,54,2,8,4,1,0,1,0,71,20,648,0
1798,4016,57,58,0,5,0,15,729,16,28,263,6,314,230,505,22,688,751,666,1171,2793,19,4,9,30,50,8,76,66,111,334,1191,0,63,739,136,15,57,350,76,63,5,156,75,196,25,51,653,73,20,1,50,18,458,43,15,2,0,1,6,5,87,203,7,49,41,88,121,224,102,170,6,9,116,49,64,147,8,319,65,0,276,66,37,7,108,5,1350,884,2449,4,393,36,3,2949,62,148,1131,38,30,39,0,30,0,0,1,649,4003,161,136,12,54,91,96,56,9,306,1340,18,126,4,156,22,20,1,86,36,476,26,365,1256,1722,226,189,176,467,294,313,175,59,263,170,149,129,97,0,416,141,20,280,64,32,4,38,14,1,3,95,132,0,0,0,2,89,131,10,87,13,15,38,43,28,2,2,0,5,73,35,2,58,41,42,0,26,351,29,22,8,17,20,54,2,8,4,1,0,1,0,73,20,657,0
1799,4099,58,58,0,5,0,15,735,16,28,264,6,319,232,512,22,693,755,672,1196,2817,19,4,9,30,50,8,76,66,115,336,1198,0,63,749,136,15,59,352,76,63,5,159,75,199,27,51,664,74,21,1,50,18,464,43,15,2,0,1,6,5,87,207,7,50,43,90,124,226,104,176,6,9,118,56,65,153,8,323,69,1,279,66,39,7,111,6,1360,885,2462,4,417,36,3,2951,65,149,1139,39,32,40,0,30,0,0,1,654,4058,163,139,12,55,94,98,56,10,312,1349,18,127,4,164,23,20,2,88,37,483,26,371,1278,1768,241,200,181,475,296,316,179,60,269,171,153,130,99,0,421,144,21,294,64,32,4,39,14,1,3,98,132,0,0,0,2,95,133,10,90,13,15,40,46,31,4,2,0,5,73,35,2,58,42,44,0,26,353,30,22,8,17,20,56,2,9,4,1,0,1,0,75,20,663,0
1800,4249,59,59,0,5,0,15,760,16,28,266,8,332,238,528,22,697,772,685,1224,2848,20,4,12,31,50,8,76,69,118,341,1207,0,64,767,137,15,60,355,77,63,6,173,76,200,28,55,698,82,22,1,50,18,475,43,15,2,0,1,6,5,92,236,8,52,47,103,134,235,109,190,6,9,119,58,67,166,8,326,73,1,281,68,40,7,120,6,1375,885,2493,4,466,37,3,2960,68,150,1155,43,34,40,11,30,0,0,1,701,5025,173,144,12,62,109,105,65,10,344,1361,19,131,5,179,25,51,2,91,39,530,28,392,1333,1871,258,224,185,490,300,319,182,60,277,181,162,132,103,1,428,146,21,299,65,33,4,40,14,1,3,101,132,0,0,0,2,101,142,10,91,15,15,43,46,32,5,2,0,5,75,35,2,61,44,44,0,27,371,37,26,8,17,23,57,2,9,4,2,0,1,0,77,22,680,0
1801,4308,59,60,0,5,0,15,768,16,28,266,8,334,242,536,22,700,778,688,1227,2850,21,4,12,31,50,8,76,70,119,346,1219,0,64,781,138,16,62,357,77,64,6,174,76,202,29,58,708,85,22,1,50,18,481,43,15,2,0,1,7,6,92,242,9,54,50,105,135,237,109,192,6,9,120,58,67,171,8,326,76,1,281,69,42,8,126,6,1382,885,2503,4,477,38,3,2965,68,151,1161,44,36,40,11,30,0,0,1,705,5101,175,146,13,63,110,105,65,10,353,1369,19,133,5,181,25,53,2,92,44,539,29,399,1355,1899,268,231,185,501,301,323,184,65,281,182,163,134,105,1,432,152,21,306,65,35,4,40,14,2,3,109,132,0,0,0,2,103,146,11,92,15,15,44,47,32,5,2,0,6,75,37,2,61,45,45,0,27,375,38,26,8,17,23,57,2,9,4,2,0,1,0,79,22,687,0
1802,4371,60,61,0,5,0,15,772,17,29,268,8,336,242,544,22,701,784,689,1237,2857,21,4,12,31,51,8,76,72,120,350,1233,0,64,797,139,16,63,360,78,64,7,179,78,204,29,58,711,87,22,1,50,19,485,43,16,2,0,1,7,6,94,249,18,54,50,105,135,237,114,195,7,9,122,59,68,175,8,327,81,1,284,69,42,9,131,6,1386,885,2520,4,492,38,3,2968,68,152,1171,44,37,40,11,30,0,0,2,712,5202,178,146,13,64,112,108,65,10,362,1379,19,135,5,188,25,58,2,95,45,551,29,402,1381,1930,275,233,188,506,305,326,186,71,287,184,165,136,106,1,435,158,22,313,66,38,4,41,14,2,3,112,137,0,0,0,2,106,150,11,96,15,15,45,47,33,5,2,0,6,75,38,2,66,46,46,0,27,377,39,27,8,17,23,57,2,9,4,2,0,1,0,80,22,700,0
1803,4434,60,62,0,5,0,15,785,17,29,272,10,341,243,555,22,703,791,692,1247,2876,21,4,15,31,52,8,78,74,124,352,1247,0,65,815,140,17,63,364,78,64,7,182,78,208,30,59,721,90,22,1,50,19,487,43,17,2,0,1,7,6,96,251,19,57,51,105,135,237,114,197,7,9,125,59,68,177,8,330,85,1,284,70,43,10,133,6,1399,885,2543,4,508,38,3,2970,68,152,1181,46,37,40,11,30,0,0,2,717,5322,179,149,13,65,113,113,68,10,377,1386,19,137,5,194,25,59,3,95,47,560,29,412,1411,1970,278,237,191,516,307,328,190,73,290,190,166,137,108,1,436,163,23,322,68,39,4,41,14,2,3,117,138,0,0,0,2,108,154,11,102,15,16,45,47,34,5,2,0,6,76,38,2,68,46,48,0,27,385,40,27,9,17,23,57,2,9,4,2,0,1,0,81,22,709,0
1804,4489,61,63,0,5,0,15,789,17,29,274,10,345,247,559,22,708,796,697,1251,2884,22,4,15,31,52,8,79,74,127,353,1265,0,66,828,142,18,65,367,78,65,7,184,80,211,30,59,728,91,22,1,50,20,492,43,18,2,0,1,8,6,103,254,21,57,52,106,136,239,115,198,7,9,126,60,69,179,8,331,89,1,284,70,43,10,135,6,1407,885,2558,4,516,38,3,2975,68,152,1190,47,37,42,11,30,0,0,2,718,5442,180,153,13,68,115,115,68,10,391,1397,19,138,5,195,25,59,3,96,49,565,29,420,1429,2008,282,238,191,524,308,333,192,75,295,192,169,138,109,1,442,167,24,330,68,39,4,44,15,2,3,119,139,0,0,0,2,112,157,11,105,15,16,45,47,34,5,2,0,6,77,38,2,70,46,51,0,27,390,40,27,9,17,25,58,2,9,4,2,0,1,0,81,22,718,0
1805,4541,62,66,0,5,0,15,801,17,30,278,10,349,248,566,22,709,807,702,1254,2904,22,4,17,32,52,8,80,74,129,359,1280,0,66,834,143,18,65,371,79,65,7,186,81,212,31,59,734,94,23,1,50,20,495,43,18,2,0,1,8,6,104,259,22,59,54,107,137,244,118,199,8,9,126,60,69,183,8,335,91,1,285,71,43,10,138,6,1421,885,2570,4,532,38,3,2979,68,152,1203,47,38,42,11,30,0,0,2,723,5570,180,153,14,70,120,116,69,10,402,1401,19,139,6,198,25,61,3,96,49,574,30,424,1452,2056,291,242,191,528,308,336,193,76,297,196,173,138,110,1,446,170,24,339,68,39,4,45,16,2,3,123,140,0,0,0,2,116,161,11,108,15,16,45,47,34,5,2,0,6,78,39,2,70,46,51,0,27,394,40,27,9,17,25,59,3,9,5,2,0,1,0,82,22,726,0
1806,4628,62,70,0,5,0,16,805,17,30,280,10,354,251,573,24,710,810,707,1264,2917,23,4,17,33,55,8,80,75,130,366,1297,0,66,861,143,18,66,371,80,66,7,188,81,214,31,59,749,94,23,1,51,21,502,43,18,2,0,1,8,6,104,262,22,61,55,110,138,249,118,201,8,10,127,60,69,186,8,337,92,1,286,72,43,10,139,7,1473,886,2599,4,548,38,3,2984,68,152,1209,48,40,42,11,30,0,0,2,726,5661,180,157,14,70,123,118,70,10,420,1414,19,140,7,200,25,62,3,98,53,581,31,436,1478,2112,300,242,193,537,311,339,198,77,299,201,174,138,114,1,448,173,24,350,68,39,4,46,16,2,3,125,141,0,0,0,2,122,166,11,109,15,16,45,47,34,5,2,0,6,78,39,2,70,46,52,0,27,395,41,29,9,18,25,62,3,10,6,2,0,1,0,82,22,739,0
1807,4677,62,72,0,5,0,16,811,18,30,283,10,357,252,578,24,712,820,710,1275,2936,23,4,17,33,55,8,81,75,132,369,1318,0,66,885,144,18,67,373,80,66,7,197,82,217,32,59,762,94,24,2,51,21,512,43,18,2,0,1,10,6,104,263,22,63,55,110,139,253,120,201,8,10,127,61,71,188,8,338,96,1,286,73,44,10,140,7,1493,886,2630,4,566,38,3,2986,70,152,1220,48,40,46,11,30,0,0,2,738,5763,181,159,14,71,126,122,70,10,440,1416,20,143,8,202,26,69,3,102,55,584,31,440,1498,2156,312,246,195,545,312,341,201,79,301,205,181,139,115,1,453,178,24,355,70,41,4,47,16,2,3,131,142,0,0,0,2,130,168,12,109,15,16,48,48,34,5,2,0,6,78,40,2,73,46,53,0,28,399,41,32,9,18,25,62,3,10,6,2,0,1,0,84,22,746,0
1808,4762,62,74,0,5,0,17,818,18,30,286,10,360,254,583,25,717,827,712,1282,2955,24,4,17,33,56,8,81,75,133,372,1336,0,66,896,145,18,68,377,80,66,7,199,83,230,32,59,774,95,24,2,52,21,519,43,18,2,0,1,11,6,104,269,22,64,56,111,141,259,121,201,8,10,129,62,73,189,9,338,98,1,288,73,45,10,145,7,1497,887,2656,4,599,39,3,2995,71,152,1226,48,40,46,11,30,0,0,2,739,5856,181,166,14,71,131,125,73,10,460,1420,20,145,8,208,26,73,4,103,58,592,31,447,1525,2209,314,249,200,552,317,347,204,79,304,208,185,143,117,1,455,179,25,366,72,43,4,47,16,2,3,133,144,0,0,0,2,138,174,13,110,15,16,50,48,36,5,2,0,6,78,40,2,74,46,53,0,29,402,42,34,9,18,26,62,4,11,6,2,0,1,0,85,22,754,0
1809,4823,63,75,0,5,0,18,825,18,30,286,12,366,258,587,25,719,832,716,1291,2967,24,4,17,33,56,8,83,76,134,379,1364,0,68,909,146,18,69,378,80,66,7,201,83,234,33,59,777,97,24,2,52,21,525,43,18,2,0,1,11,6,107,272,22,64,57,112,142,263,123,201,8,10,129,62,75,190,9,341,98,1,288,73,45,10,145,7,1504,887,2682,5,613,39,3,3005,71,153,1229,48,40,46,11,31,0,0,2,741,5921,181,166,14,71,138,129,73,10,482,1425,21,147,8,211,26,75,4,105,61,595,31,456,1546,2254,319,253,203,556,322,352,206,85,305,210,188,145,119,1,458,183,25,373,72,44,4,48,16,2,3,134,150,0,0,0,2,140,177,13,111,15,16,52,49,37,5,2,0,6,78,41,2,74,46,56,0,29,405,43,38,9,19,27,63,4,11,6,2,0,1,0,85,22,760,0
1810,4901,63,76,0,5,0,18,828,18,30,288,12,368,262,594,26,723,836,726,1300,2993,25,4,18,33,58,8,84,76,141,384,1384,0,69,915,150,19,69,381,80,66,7,203,84,239,34,59,786,98,27,2,52,22,526,43,18,2,0,1,11,6,111,277,22,64,58,112,144,267,132,202,8,10,130,62,75,195,9,341,103,1,290,73,46,10,146,7,1514,887,2706,5,638,39,3,3021,73,155,1236,50,40,48,12,34,0,0,2,747,6006,182,170,17,74,138,134,76,10,509,1431,21,149,8,217,26,79,4,107,63,602,31,470,1562,2396,328,259,208,565,327,357,208,86,307,215,192,145,119,1,464,183,25,381,74,45,4,48,16,3,3,137,151,0,0,0,2,141,178,14,114,15,16,52,52,37,5,2,0,6,78,41,2,74,46,58,0,30,412,45,39,9,19,27,63,4,12,6,2,0,1,0,87,22,768,0
1811,4978,63,76,0,6,0,18,831,18,30,289,12,373,263,602,26,728,851,734,1310,3009,25,4,18,33,58,8,84,78,145,391,1403,0,69,919,152,19,69,383,80,66,7,203,87,244,34,60,796,101,27,2,53,22,531,43,18,2,0,1,11,6,113,279,22,66,59,112,146,270,143,202,8,10,130,63,76,199,9,342,105,1,291,73,46,10,148,7,1520,887,2734,5,657,41,3,3033,73,156,1245,50,42,50,12,34,0,0,2,752,6089,182,171,18,79,142,136,76,10,525,1438,21,151,9,222,27,82,4,108,64,608,31,474,1579,2452,336,263,210,573,330,358,210,87,308,220,196,147,119,1,466,186,27,388,75,48,4,49,16,3,3,140,153,0,0,0,2,145,181,14,118,15,16,52,52,38,5,2,0,7,78,44,2,75,46,58,0,30,415,45,40,9,19,27,63,4,12,6,2,0,1,0,88,22,778,0
1812,5081,63,76,0,6,0,20,833,18,30,292,12,375,264,605,26,731,859,738,1319,3029,25,4,18,34,59,8,85,78,147,393,1424,0,69,926,152,20,70,387,80,66,7,208,87,246,35,62,804,101,27,2,53,22,540,43,18,2,0,1,11,6,115,284,22,66,59,113,146,273,146,203,8,10,131,64,77,200,9,343,108,1,296,74,47,10,152,7,1528,887,2771,5,675,43,3,3036,73,156,1250,52,43,51,12,34,0,0,2,755,6180,183,173,18,79,144,138,77,10,538,1442,22,152,9,228,27,85,4,108,66,618,31,485,1601,2479,346,267,213,582,333,358,214,87,310,227,198,150,123,1,472,190,29,390,78,48,4,50,17,3,3,141,153,0,0,0,2,148,182,15,118,15,16,53,52,39,5,2,0,7,79,44,2,78,47,59,0,30,420,46,41,9,20,27,64,4,12,6,2,0,1,0,88,22,792,0
1813,5155,63,79,0,6,0,20,835,18,30,300,13,388,267,607,26,738,865,744,1328,3054,25,4,18,34,59,9,86,78,151,398,1451,0,69,936,155,21,73,394,80,66,7,211,91,247,35,62,812,102,28,2,53,22,543,43,18,2,0,1,11,6,117,285,22,66,60,115,146,277,148,203,8,10,132,64,77,204,9,343,111,1,297,74,48,10,154,7,1534,887,2794,5,691,43,3,3042,73,156,1259,55,43,51,12,35,0,0,2,761,6268,183,175,18,80,149,138,77,10,558,1449,22,155,9,233,29,91,4,111,66,627,31,492,1625,2527,360,269,215,590,336,361,214,89,313,229,201,150,125,1,478,195,29,395,80,48,4,52,17,3,5,141,154,0,0,0,2,150,183,15,122,15,16,54,53,39,5,2,0,7,79,44,2,78,47,60,0,31,422,46,42,9,21,27,64,4,12,6,2,0,1,0,88,24,798,0
1814,5244,63,79,0,6,0,20,838,18,30,301,13,390,270,614,26,742,875,748,1340,3071,26,4,18,34,59,9,86,78,152,402,1466,0,69,979,156,21,74,402,80,67,7,214,93,249,35,62,821,103,29,2,54,22,547,43,18,2,0,1,11,6,118,288,22,66,61,118,146,279,149,207,8,10,133,64,77,208,9,345,115,1,297,74,48,10,155,7,1543,888,2817,5,704,43,3,3045,73,157,1264,55,44,51,12,37,0,0,2,766,6345,184,177,18,81,152,139,77,10,582,1462,22,155,10,240,30,96,4,111,70,633,31,508,1644,2578,368,274,218,600,338,363,217,90,315,239,204,151,125,1,479,196,29,397,81,49,4,52,17,3,5,141,156,0,0,0,2,153,183,16,124,15,16,56,54,39,5,2,0,7,79,44,2,79,47,62,0,31,426,46,44,9,23,27,64,4,12,6,2,0,1,0,89,24,811,0
1815,5319,63,80,0,6,0,20,845,18,30,305,14,395,274,623,26,746,885,753,1351,3092,26,4,18,34,60,9,86,79,152,407,1483,0,69,1010,156,22,76,405,80,67,7,218,96,252,37,62,834,106,29,2,54,22,555,43,19,2,0,1,11,6,121,292,22,68,62,118,147,282,153,207,8,10,135,66,77,214,9,345,115,1,302,75,50,10,159,8,1550,888,2836,5,721,44,3,3049,73,157,1274,56,44,52,12,37,0,0,2,770,6403,185,182,18,83,154,139,77,10,611,1467,25,157,10,242,30,105,4,112,70,639,31,514,1666,2664,376,282,218,606,339,365,221,91,318,240,208,151,126,1,481,199,30,407,82,50,4,53,18,3,5,142,157,0,0,0,2,157,187,16,125,15,16,57,54,39,5,2,0,7,80,44,2,79,47,65,0,34,430,48,45,9,24,28,65,4,12,6,2,0,1,0,89,24,820,0
1816,5384,64,80,0,6,0,20,849,19,31,307,14,396,276,629,26,752,893,756,1359,3109,26,4,18,34,60,9,88,81,155,411,1506,0,69,1050,157,23,77,414,82,67,7,220,98,253,37,62,842,109,29,2,55,22,562,43,20,2,0,1,12,6,123,295,23,68,62,118,147,286,155,209,8,10,137,69,79,217,9,345,121,1,306,77,50,11,165,8,1561,888,2855,5,744,44,3,3051,74,157,1283,56,45,55,12,37,0,0,2,778,6476,185,189,19,86,160,141,77,10,629,1472,26,158,10,249,31,110,4,114,70,645,31,519,1679,2744,381,286,220,611,340,367,221,96,322,243,214,152,126,1,482,199,32,417,84,51,4,56,18,3,5,144,157,0,0,0,2,157,188,16,126,15,16,59,54,44,5,2,0,7,80,45,2,80,48,68,0,35,432,48,46,9,24,28,65,4,12,7,2,0,1,0,91,25,834,0
1817,5456,64,82,0,6,0,20,852,19,31,308,14,408,284,635,26,760,902,761,1366,3121,26,4,18,34,60,9,88,81,158,421,1530,0,69,1083,158,23,80,419,82,67,7,223,99,254,37,62,851,118,31,2,55,22,568,43,20,2,0,2,12,6,124,297,23,72,62,121,149,289,161,210,8,10,137,69,80,221,9,346,122,1,313,77,50,13,167,8,1578,889,2884,5,756,44,4,3054,74,160,1294,60,46,59,12,38,0,0,2,781,6545,186,194,21,89,164,141,78,10,644,1479,27,159,10,252,32,114,4,115,70,649,32,524,1704,2807,386,289,222,620,341,368,223,99,326,253,219,153,126,1,489,204,32,424,84,52,4,56,18,3,5,146,158,0,0,0,2,157,189,16,127,15,16,61,55,45,5,2,0,7,80,45,2,80,48,70,0,35,436,48,46,9,25,28,65,4,12,7,2,0,1,0,91,27,840,0
1818,5563,64,84,0,6,0,20,860,19,31,310,14,419,286,643,27,766,911,767,1380,3152,26,4,18,36,61,9,88,81,158,428,1561,0,70,1093,159,23,81,427,82,67,7,225,101,258,37,62,867,125,31,2,57,22,583,43,20,2,0,2,13,6,125,305,24,73,64,123,150,291,163,213,9,10,138,70,80,226,9,346,123,1,319,79,52,15,171,8,1587,889,2926,5,781,48,5,3057,74,160,1310,65,47,62,12,38,0,0,2,786,6616,187,196,22,91,169,143,78,10,670,1489,27,160,10,263,33,123,4,118,70,656,32,532,1726,2866,400,292,223,631,344,369,228,104,327,262,225,153,126,1,494,206,32,434,86,53,4,57,18,3,7,147,161,0,0,0,2,162,192,17,129,18,17,61,56,47,5,2,0,7,80,46,2,80,49,71,0,35,441,48,47,10,25,28,65,4,12,8,2,0,1,0,92,28,852,0
1819,5669,65,85,0,6,0,20,865,20,31,315,14,426,290,652,27,770,924,771,1395,3175,27,5,18,36,62,9,89,82,163,436,1587,0,70,1115,162,23,83,438,82,67,7,229,101,259,38,64,889,130,33,2,58,22,588,43,20,2,0,2,14,6,128,309,24,77,65,124,152,298,173,217,9,10,138,72,80,232,9,351,123,1,321,79,56,16,172,8,1600,890,2957,6,819,48,5,3060,74,162,1321,67,49,62,12,38,0,0,2,790,6684,188,198,22,97,170,149,79,10,687,1501,27,162,10,271,34,126,4,118,70,668,32,540,1745,2916,412,295,226,642,345,371,230,108,333,264,229,153,126,1,499,209,32,446,87,55,4,59,18,4,7,147,163,0,0,0,2,166,192,17,130,18,18,62,56,47,5,3,0,7,82,46,2,81,52,73,0,37,447,48,48,11,25,29,65,4,12,8,2,0,1,0,92,28,861,0
1820,5824,67,86,0,6,0,21,871,20,31,321,14,431,293,657,27,778,929,774,1410,3202,27,5,18,36,64,9,89,86,167,451,1631,0,72,1136,168,23,84,453,83,70,7,230,103,264,41,65,902,136,35,2,58,22,592,43,20,2,0,2,14,6,132,315,24,81,67,125,153,306,175,221,9,10,139,72,80,238,10,352,130,1,323,79,59,16,174,8,1614,890,3007,7,840,49,5,3067,75,165,1334,70,50,62,12,39,0,0,2,808,6760,189,203,23,100,174,155,81,10,728,1509,27,162,10,277,36,132,4,120,73,676,33,551,1769,2985,423,297,227,658,347,371,230,111,336,270,243,156,128,1,504,211,33,453,89,56,4,60,18,4,7,150,165,0,0,0,2,166,196,17,130,18,18,63,57,49,5,3,0,7,82,46,3,82,52,74,0,38,454,48,51,11,26,29,65,4,12,8,2,0,1,0,93,30,871,0
1821,5956,67,88,0,6,0,21,875,21,31,325,14,434,301,660,28,783,940,779,1422,3234,27,5,18,36,65,9,90,89,174,457,1664,0,74,1152,170,23,87,463,83,70,7,235,103,270,42,68,909,141,35,2,59,22,596,43,21,2,0,2,14,6,134,321,26,86,67,127,153,309,175,227,9,10,140,74,80,245,10,352,136,1,330,79,60,17,178,8,1628,891,3023,7,860,52,5,3074,75,167,1353,71,52,63,12,39,0,0,2,821,6829,189,206,24,102,174,161,82,10,748,1518,27,166,10,283,37,137,5,122,75,679,33,559,1804,3032,436,304,232,664,349,376,237,114,340,275,251,158,129,1,507,213,34,460,90,57,4,60,18,4,7,150,168,0,0,0,2,167,199,17,131,18,18,63,58,51,5,3,1,7,82,46,3,84,53,76,0,38,458,48,52,11,26,29,65,4,12,8,2,0,1,1,93,31,882,0
1822,6082,68,88,0,6,0,22,882,23,31,326,14,442,304,666,28,793,951,785,1425,3249,27,5,18,36,66,9,91,91,176,467,1694,0,75,1168,170,23,90,470,84,70,7,240,106,276,44,69,918,150,36,2,60,22,605,43,22,2,0,2,15,6,136,326,26,90,68,135,154,320,180,227,9,10,141,77,81,251,10,353,136,1,332,79,60,17,180,8,1645,892,3061,7,899,53,6,3079,77,167,1371,73,53,65,13,40,0,0,2,831,6901,191,210,26,105,177,162,82,10,770,1531,27,171,10,287,40,139,5,125,77,693,33,566,1829,3105,457,310,237,670,350,379,238,123,346,280,261,163,131,1,510,217,34,469,92,57,4,60,18,4,7,154,169,0,0,0,2,169,203,17,132,19,19,65,59,53,6,3,2,7,83,47,3,84,53,76,0,39,472,51,52,11,26,29,65,4,12,9,2,0,1,1,95,31,898,0
1823,6165,68,88,0,6,0,22,885,23,31,328,14,446,309,668,28,799,963,793,1437,3273,27,5,18,36,67,9,92,95,178,473,1716,0,75,1204,172,23,96,477,87,70,7,242,107,278,47,69,933,156,37,2,60,23,613,43,22,2,0,2,15,6,137,330,26,94,71,138,154,326,186,227,10,11,144,79,85,258,10,356,137,4,338,80,62,17,182,9,1656,892,3090,8,929,54,7,3084,77,168,1386,75,53,68,13,42,0,0,3,846,6967,193,212,27,109,182,170,84,10,802,1545,27,174,10,294,42,142,6,128,79,698,33,586,1851,3156,473,312,244,677,353,382,243,124,349,284,267,168,132,1,519,220,35,479,96,59,4,60,18,4,7,155,172,0,0,0,2,170,209,18,132,19,19,66,60,55,7,3,2,7,83,49,3,86,54,78,0,39,478,51,52,11,26,29,65,4,12,9,2,0,1,1,95,32,914,0
1824,6273,69,88,0,6,0,22,896,23,31,330,14,452,313,673,29,806,968,801,1455,3298,27,5,18,36,67,9,93,96,181,480,1737,0,76,1229,172,23,100,487,87,70,7,248,107,283,48,69,947,158,39,2,61,23,627,44,22,2,0,2,16,6,138,335,26,98,72,142,155,335,189,229,10,11,144,79,90,265,10,358,144,6,338,80,63,17,184,9,1668,892,3130,9,973,57,9,3095,78,168,1396,75,54,71,13,43,0,0,3,859,7037,195,217,28,111,188,178,85,10,849,1558,27,175,10,303,44,150,6,130,85,702,33,594,1888,3230,493,319,246,688,358,384,246,126,356,291,275,172,133,1,523,222,35,488,99,61,4,63,19,4,9,155,174,0,0,0,4,171,210,18,135,19,20,69,60,55,7,3,4,9,85,51,4,89,55,83,0,39,481,51,52,11,27,29,66,4,12,9,2,0,1,1,95,33,923,0
1825,6372,69,91,0,6,0,22,901,24,31,333,15,454,317,676,29,810,977,811,1470,3320,27,5,18,38,67,9,93,99,185,485,1769,0,77,1264,175,25,105,495,88,70,7,251,107,288,48,69,961,159,41,2,61,24,638,44,23,2,0,2,16,7,138,340,27,103,75,144,159,342,191,230,10,11,145,80,91,265,12,361,147,9,341,80,63,17,186,9,1684,892,3165,9,1005,58,9,3103,79,168,1417,79,55,72,13,43,1,0,3,871,7108,196,221,29,111,191,182,89,10,903,1577,27,182,10,314,44,154,6,133,87,707,33,605,1920,3301,507,328,247,696,365,390,248,130,366,298,283,173,137,1,527,224,36,500,102,62,5,64,20,4,9,159,177,0,1,0,4,174,212,19,139,20,20,75,61,64,7,4,8,11,91,53,4,89,58,87,0,39,490,51,55,11,28,30,66,4,12,9,2,0,1,1,97,35,937,0
1826,6531,69,91,0,7,0,22,917,24,31,336,15,458,319,679,29,815,986,813,1480,3348,31,5,18,38,68,9,94,100,190,492,1788,0,77,1290,177,25,113,506,89,70,7,263,112,291,49,69,979,161,42,2,63,26,646,44,23,2,0,2,17,7,139,343,27,113,75,146,159,348,198,233,10,11,146,83,94,272,14,364,153,11,345,80,64,17,189,9,1696,893,3183,9,1030,60,11,3111,79,170,1438,80,59,78,13,43,1,0,3,882,7173,197,226,32,112,192,184,89,10,931,1589,27,186,10,320,46,161,8,134,90,716,35,618,1954,3321,530,337,249,714,370,395,250,132,375,301,296,175,137,1,534,227,38,504,105,63,5,64,20,5,9,162,178,0,2,0,4,174,217,20,140,22,21,79,64,72,7,4,9,12,92,53,4,89,58,88,0,40,494,52,55,11,28,31,66,4,12,10,2,0,1,1,98,35,949,0
1827,6645,70,94,0,7,0,22,928,26,31,337,15,463,327,686,29,818,995,827,1496,3376,31,5,18,38,68,9,94,101,196,501,1823,0,77,1300,180,26,114,508,89,70,7,267,112,294,50,71,999,164,45,2,66,30,655,45,23,2,0,2,17,7,139,347,28,115,78,148,160,352,198,235,10,11,147,86,96,278,14,365,159,11,346,81,66,17,191,10,1705,894,3200,9,1057,60,11,3122,79,170,1453,82,61,78,13,44,1,0,3,893,7224,201,230,32,114,194,185,89,10,990,1600,27,193,10,333,46,167,8,139,94,720,36,637,1982,3357,549,341,252,724,374,397,256,137,381,308,304,178,139,1,540,229,39,505,109,63,5,65,21,5,9,165,179,0,2,0,4,175,221,21,140,24,23,84,64,77,7,4,10,12,92,55,4,92,59,89,0,42,503,53,55,11,28,31,66,4,12,10,2,0,1,1,99,36,963,0
1828,6792,71,94,0,7,0,22,934,26,33,344,15,466,330,689,29,822,1004,834,1515,3402,31,5,18,39,70,10,98,106,200,514,1850,0,79,1323,183,26,121,521,90,71,7,274,113,300,51,71,1016,168,49,2,67,32,664,45,23,2,0,2,17,7,141,350,28,119,81,152,163,361,201,238,10,11,149,89,96,283,14,367,163,13,350,83,68,17,197,10,1718,894,3222,11,1077,64,11,3133,79,170,1475,84,62,80,13,44,1,0,3,900,7309,203,232,32,118,196,187,91,10,1048,1609,28,199,10,351,47,175,8,147,98,728,36,646,1996,3392,570,347,254,741,379,399,258,143,383,315,316,181,140,1,550,230,40,513,111,63,6,67,21,5,9,167,180,0,2,0,4,176,229,22,143,24,23,85,66,78,8,4,13,13,93,57,4,93,59,91,0,44,516,53,55,11,28,31,66,4,12,10,2,0,5,2,100,37,978,0
1829,6904,72,94,0,9,0,22,944,26,33,350,17,469,340,698,29,825,1014,845,1532,3424,31,5,18,39,70,10,101,109,204,523,1884,0,81,1346,186,27,128,525,91,71,7,284,117,306,52,76,1037,172,51,2,67,33,671,45,23,2,0,2,17,8,144,355,28,124,82,155,167,368,203,240,10,11,150,99,96,289,17,369,165,14,351,84,73,18,202,10,1730,895,3247,11,1107,65,11,3140,79,172,1498,87,63,80,13,48,1,0,3,910,7380,204,234,34,118,203,191,92,10,1105,1630,29,205,11,360,47,182,8,156,104,735,38,650,2013,3423,585,358,259,747,382,402,262,147,387,324,329,182,142,1,559,234,42,517,112,63,7,68,21,6,9,168,184,0,4,1,4,176,234,22,146,24,23,87,66,79,9,6,14,13,93,58,4,93,60,94,0,45,530,54,55,11,28,31,66,4,12,10,2,0,5,2,101,39,992,0
1830,7108,72,95,0,9,0,23,954,26,33,354,18,474,346,702,29,831,1029,857,1559,3459,31,5,18,40,73,10,107,113,208,532,1922,0,81,1367,189,27,134,532,91,71,7,292,118,310,52,76,1051,179,53,3,67,35,684,45,23,2,0,2,19,9,145,367,28,128,83,161,173,377,210,245,10,11,151,114,102,299,18,371,168,14,353,87,73,19,202,10,1737,896,3275,11,1151,67,12,3145,81,174,1511,94,66,86,14,48,1,0,3,923,7446,205,239,34,118,207,195,94,10,1158,1648,29,210,11,375,49,189,9,163,105,752,40,662,2035,3461,614,366,263,764,385,407,265,149,392,333,338,185,144,1,562,238,42,528,114,64,7,68,21,6,10,172,184,0,5,1,5,177,237,23,147,25,24,89,67,80,9,6,15,13,97,62,4,94,62,97,0,45,541,54,55,11,28,31,66,4,13,12,2,0,5,3,101,39,1013,0
1831,7202,72,96,0,9,0,24,960,26,35,358,18,478,352,706,30,838,1041,867,1592,3491,31,5,20,41,74,10,107,116,212,540,1945,0,82,1387,190,28,137,541,91,71,7,299,119,314,53,78,1060,183,56,3,68,38,694,45,23,2,0,2,19,10,145,371,28,129,85,164,179,386,215,246,10,11,153,118,105,311,18,373,174,14,357,88,74,19,206,10,1742,897,3300,11,1191,67,12,3147,81,176,1528,97,69,94,14,49,1,0,3,935,7508,206,245,35,121,210,197,95,10,1209,1663,31,212,11,386,53,195,9,173,106,761,40,673,2047,3499,631,370,268,779,390,410,273,155,397,343,347,190,146,1,571,242,42,544,118,64,7,70,21,6,10,174,186,0,5,1,5,177,238,23,150,25,24,90,68,81,9,6,17,13,97,62,4,94,66,102,0,46,548,55,56,11,28,31,66,4,13,12,2,0,5,3,101,39,1022,0
1832,7359,72,100,0,9,0,25,967,26,35,367,18,481,359,711,30,850,1058,880,1630,3518,31,5,22,42,75,10,108,119,220,547,1970,0,82,1407,193,28,141,548,93,71,7,305,122,316,55,78,1075,186,57,4,70,41,698,46,23,2,0,2,19,10,147,375,29,135,85,167,182,395,228,247,10,11,153,123,107,321,19,375,185,14,360,89,74,20,210,10,1750,897,3327,12,1227,67,13,3149,81,180,1541,102,70,98,14,49,1,0,4,950,7569,209,248,35,123,213,197,97,10,1287,1675,33,216,13,398,57,213,9,182,108,772,40,681,2063,3540,655,374,270,787,399,419,275,162,399,350,363,193,147,1,578,247,44,568,121,64,7,73,21,6,10,174,188,0,8,1,5,180,242,25,151,25,24,92,68,84,9,6,18,14,98,63,4,96,67,105,0,48,551,56,56,11,28,33,67,4,13,12,2,0,5,3,101,39,1036,0
1833,7502,73,100,0,9,0,25,973,26,35,374,18,489,371,717,30,860,1083,884,1663,3563,32,5,22,42,75,10,108,124,223,555,1999,0,85,1429,196,29,144,557,96,71,7,311,122,320,58,82,1099,190,59,4,70,42,709,46,24,2,0,2,19,10,148,377,29,139,88,173,186,410,235,252,10,11,155,126,113,336,19,377,191,14,363,91,78,20,213,10,1759,897,3345,12,1258,68,13,3157,83,182,1555,107,76,103,14,49,1,0,4,966,7634,210,252,36,127,218,200,97,10,1364,1682,33,221,13,414,58,220,9,185,111,779,41,699,2088,3570,680,381,272,806,403,425,281,168,403,356,380,195,150,1,589,250,44,574,123,66,7,77,21,6,10,175,192,0,11,4,5,181,251,25,153,26,24,94,68,88,9,7,20,14,98,64,4,96,67,108,0,49,559,57,58,11,28,34,67,4,13,12,2,0,5,3,101,41,1043,0
1834,7643,73,100,0,9,0,25,978,26,35,386,18,500,376,724,30,869,1102,886,1678,3597,32,5,23,42,77,11,108,124,224,562,2030,0,87,1449,199,30,145,562,100,72,7,313,123,328,58,83,1118,194,62,4,71,42,715,47,24,2,0,2,22,10,149,382,29,142,90,175,191,413,258,255,11,13,156,130,114,348,21,380,195,14,368,91,80,20,219,10,1771,897,3379,12,1312,71,15,3164,83,184,1574,111,79,109,14,52,1,0,4,984,7702,211,261,40,131,221,205,98,10,1422,1691,33,226,13,422,58,241,9,196,113,789,43,709,2108,3607,706,389,275,816,409,433,283,176,409,358,399,197,154,1,592,255,45,588,125,66,8,80,22,7,10,175,194,0,12,4,5,182,252,25,156,29,24,95,69,90,11,7,21,16,98,64,4,98,68,108,0,50,567,58,58,11,28,34,67,4,13,12,2,0,5,3,102,42,1061,0
1835,7747,73,101,0,9,0,26,983,26,35,396,18,503,385,728,30,881,1123,893,1702,3637,34,5,26,42,77,12,108,127,231,575,2061,0,88,1467,202,30,147,573,101,73,7,318,125,330,63,87,1130,204,64,4,75,44,726,47,24,2,0,2,22,10,152,387,30,144,92,178,197,418,264,257,11,14,162,132,115,363,21,380,202,17,371,91,80,22,226,10,1787,898,3400,14,1339,74,17,3175,84,188,1595,117,82,112,14,53,1,0,4,1004,7777,211,267,40,136,226,206,99,10,1522,1704,33,231,13,427,59,251,9,203,115,794,45,719,2128,3647,738,401,276,835,417,442,288,183,416,367,415,200,154,1,599,258,45,600,130,69,8,81,22,9,10,179,194,0,15,4,5,183,257,25,160,29,24,96,70,91,13,7,23,17,99,65,4,102,69,108,0,53,571,58,60,11,29,34,67,4,13,12,2,0,5,3,104,44,1078,0
1836,7941,73,102,0,9,0,26,989,27,37,403,18,514,397,738,30,895,1158,901,1723,3675,34,5,26,42,78,12,109,129,234,585,2098,0,91,1490,209,30,153,582,102,73,7,325,128,335,69,90,1150,211,65,5,78,45,735,48,25,2,0,2,23,11,152,389,30,150,95,184,206,426,271,258,11,14,165,133,118,378,21,381,205,18,375,93,81,23,229,10,1797,899,3418,14,1380,75,19,3183,84,189,1612,120,84,116,14,54,1,0,4,1019,7841,212,275,40,139,229,213,103,10,1591,1715,33,238,14,436,60,258,9,209,122,807,47,728,2144,3692,772,417,278,850,424,449,291,190,418,377,429,207,155,1,604,259,46,619,133,69,8,82,24,11,10,182,195,0,16,4,5,184,262,25,161,31,24,97,70,95,14,7,26,17,99,68,4,102,71,111,0,54,584,59,60,11,29,34,68,4,15,13,2,0,5,3,105,45,1102,0
1837,8027,73,103,0,9,0,27,996,28,38,415,21,526,402,746,30,903,1179,906,1743,3712,34,5,26,44,80,12,110,130,239,598,2125,0,92,1513,219,31,158,594,105,74,7,333,132,340,70,90,1168,218,67,6,82,49,739,48,25,3,0,2,26,11,155,393,32,160,97,188,220,431,293,261,12,14,170,135,120,393,22,381,210,19,380,94,85,25,233,10,1813,899,3450,14,1417,76,20,3192,84,193,1632,124,88,119,14,54,1,0,5,1036,7911,214,283,41,140,234,218,104,10,1651,1723,33,244,14,448,62,269,10,216,128,809,47,739,2158,3735,795,431,281,864,428,454,293,195,420,384,445,212,159,1,613,264,48,632,135,69,8,83,26,11,12,184,197,0,16,4,5,186,268,26,162,32,24,99,73,95,15,7,31,17,101,69,4,105,76,114,1,55,587,60,61,11,29,34,68,4,15,13,2,0,5,3,108,45,1120,0
1838,8092,74,105,0,9,0,28,1004,28,38,421,21,531,411,749,31,908,1196,914,1751,3745,34,5,26,44,80,12,114,131,241,611,2158,0,96,1530,224,32,163,606,106,74,7,339,132,348,71,93,1192,225,70,6,85,51,750,48,25,3,0,2,30,11,156,396,34,162,99,190,227,440,313,266,14,15,173,135,124,402,23,384,216,20,382,97,85,26,236,10,1816,900,3473,15,1454,79,21,3202,84,193,1653,130,93,122,14,54,1,0,6,1063,7989,216,288,42,141,235,223,108,11,1711,1733,35,246,15,460,63,274,11,221,134,817,48,748,2182,3776,831,446,290,875,435,459,298,201,424,389,457,214,167,1,622,267,52,643,139,71,10,85,27,14,13,185,197,0,16,4,5,190,273,26,165,34,25,101,75,98,17,7,33,17,102,72,4,106,80,116,1,57,598,63,62,11,29,34,69,4,15,13,2,0,5,4,109,46,1139,0
1839,8135,74,105,0,9,0,29,1017,29,38,433,21,541,416,753,31,915,1216,924,1766,3791,34,5,26,44,82,12,114,132,246,625,2207,0,98,1556,231,32,166,612,108,75,7,349,135,356,72,96,1204,235,76,6,91,55,761,48,25,3,0,2,30,11,158,399,34,164,99,199,239,450,322,273,14,17,179,135,127,414,25,387,228,23,387,98,86,27,238,10,1834,902,3503,16,1503,80,21,3213,84,195,1674,135,97,124,14,59,1,0,6,1092,8069,216,291,44,146,239,230,109,11,1793,1748,36,251,15,475,64,285,11,228,135,831,50,758,2215,3822,874,461,298,889,442,467,305,210,429,394,478,215,173,1,634,271,54,653,139,71,10,88,28,15,14,187,198,0,16,4,5,191,275,27,171,34,26,104,80,98,17,7,35,19,103,76,4,106,82,116,3,57,602,66,63,11,29,35,70,4,16,13,2,0,5,4,109,46,1161,0
1840,8209,74,105,0,9,0,29,1023,31,39,436,22,551,421,758,31,927,1243,941,1787,3833,35,5,28,44,83,12,117,137,256,641,2240,0,102,1591,234,32,171,626,109,75,7,357,138,363,74,99,1228,241,77,6,98,56,775,48,26,3,0,2,31,11,161,407,37,168,104,205,246,457,348,286,14,17,188,135,133,427,27,388,242,24,389,99,87,28,245,10,1847,903,3535,16,1543,81,25,3220,85,196,1686,142,102,132,14,61,1,0,6,1125,8155,218,295,44,154,243,235,114,11,1865,1756,40,255,15,491,68,291,11,232,140,839,51,775,2243,3882,902,481,303,904,447,476,311,215,432,402,496,217,177,1,641,274,54,662,142,73,10,91,29,16,15,192,201,0,16,4,5,196,282,27,176,35,26,109,82,101,19,7,36,20,106,78,4,108,86,116,3,58,603,68,66,11,29,35,70,5,16,13,2,0,5,4,110,46,1185,0
1841,8258,74,105,0,9,0,30,1025,32,39,445,22,557,424,764,31,938,1268,955,1802,3878,37,5,30,46,87,13,118,140,261,653,2272,0,105,1620,237,32,171,633,112,78,7,369,141,366,74,100,1249,250,78,8,103,58,786,48,26,3,0,2,31,11,162,410,39,170,105,211,251,465,376,292,14,18,188,135,137,435,29,391,250,25,393,103,87,29,248,10,1854,904,3564,16,1578,84,25,3228,86,197,1701,145,104,135,14,63,1,0,6,1145,8243,220,297,44,160,248,237,115,11,1974,1771,40,259,16,501,69,296,12,235,143,862,53,790,2264,3922,940,493,313,921,453,480,315,222,433,410,514,219,179,1,641,279,55,668,143,75,10,92,31,17,15,193,203,0,18,6,5,201,289,27,180,36,27,117,83,105,20,8,37,21,107,81,4,110,88,119,3,59,611,72,69,11,29,36,70,5,16,14,2,0,5,4,111,48,1208,0
1842,8287,74,105,0,9,0,31,1041,32,39,453,22,562,430,778,31,947,1284,966,1825,3920,39,5,30,48,90,14,121,144,265,672,2307,0,108,1639,245,33,177,640,113,78,7,376,141,368,74,101,1270,258,80,9,106,60,791,48,27,3,0,2,32,11,163,415,42,172,111,214,257,486,381,296,15,19,194,135,141,448,29,394,263,26,395,104,87,29,258,11,1858,905,3581,17,1615,86,25,3243,87,198,1722,150,112,139,15,63,1,0,6,1169,8307,220,303,45,162,251,238,119,11,2054,1784,40,263,16,509,70,302,12,241,148,887,55,803,2287,3975,971,504,324,933,457,482,318,229,439,419,531,222,184,1,648,282,55,679,148,77,10,96,31,17,16,194,206,1,20,8,5,211,291,28,181,36,27,120,87,105,21,8,38,22,108,84,4,112,89,119,3,61,622,73,71,12,29,36,70,5,17,14,2,0,6,4,114,50,1230,0
1843,8333,74,105,0,9,0,32,1052,33,39,468,23,567,434,785,33,956,1298,976,1846,3979,40,5,30,48,92,15,121,146,271,686,2343,0,110,1656,253,33,180,652,116,78,7,383,143,375,75,102,1302,262,90,10,111,61,802,48,27,3,0,2,32,13,165,421,43,175,113,216,263,493,386,299,15,22,196,135,143,457,31,396,272,28,396,107,88,29,260,11,1872,906,3606,17,1648,90,26,3250,87,198,1746,156,113,148,15,64,1,2,6,1188,8410,220,304,47,166,258,240,123,11,2118,1798,40,267,17,522,73,306,12,243,152,918,57,807,2312,4026,1009,520,334,946,462,485,328,234,443,430,552,223,188,1,654,288,57,695,155,79,11,97,32,17,16,197,208,1,21,8,5,228,294,28,184,38,29,123,88,107,22,8,39,23,109,85,5,115,89,121,4,63,624,75,71,12,29,37,70,5,18,15,2,0,7,4,116,50,1249,0
1844,8368,74,105,0,9,0,32,1066,34,41,478,25,575,442,797,33,976,1325,983,1875,4022,40,5,31,48,95,15,122,149,278,699,2380,0,115,1685,256,36,185,658,119,78,7,390,147,385,75,102,1336,275,91,10,115,64,807,49,28,4,0,2,34,14,165,425,43,177,114,219,271,508,391,301,15,22,200,137,143,469,33,399,281,28,402,108,89,31,262,11,1886,908,3632,17,1683,92,26,3259,87,203,1773,158,114,150,15,65,1,2,6,1222,8492,222,308,47,168,261,246,124,11,2201,1815,40,273,19,530,76,312,13,247,154,943,62,824,2334,4083,1044,544,343,958,471,489,335,241,446,440,566,229,189,1,661,295,59,716,156,81,12,104,34,18,17,199,209,1,22,8,5,238,301,29,191,38,30,129,90,112,23,8,41,23,112,85,5,116,95,123,6,65,633,75,72,12,29,37,71,5,23,15,3,0,7,4,119,51,1268,0
1845,8409,74,105,0,9,0,32,1085,35,42,493,25,582,450,802,34,992,1341,997,1901,4086,40,5,32,48,97,15,125,150,284,725,2435,0,119,1712,264,36,189,671,121,78,7,404,154,393,77,105,1359,287,94,10,120,66,813,49,30,7,0,2,38,14,168,430,43,179,122,228,278,515,397,305,17,22,204,138,145,481,36,404,290,31,407,110,90,32,266,11,1895,909,3659,18,1736,92,26,3272,92,204,1805,161,117,155,15,68,1,2,6,1251,8580,223,318,48,170,265,248,136,11,2317,1830,41,285,19,551,77,326,14,252,162,978,63,840,2362,4147,1086,563,349,974,483,494,344,250,455,451,583,231,194,1,674,304,60,731,166,81,12,109,34,21,17,205,209,1,22,9,5,242,306,29,194,39,30,133,90,119,31,8,42,23,113,85,6,116,97,125,6,66,645,77,74,12,29,37,71,5,24,15,3,0,8,4,122,53,1295,0
1846,8441,74,105,0,9,0,32,1104,35,45,503,26,591,457,806,34,1007,1365,1010,1934,4159,42,5,33,48,100,15,129,154,290,739,2471,0,120,1730,270,37,192,685,125,78,7,412,155,401,78,107,1391,296,98,10,127,71,818,51,31,7,0,2,40,14,168,435,44,187,128,234,290,525,400,308,17,25,209,140,146,499,37,405,297,33,411,110,95,34,270,12,1904,913,3679,20,1793,96,28,3285,94,208,1826,163,123,161,16,70,1,2,6,1293,8674,226,322,50,178,274,251,139,11,2411,1846,42,289,21,562,78,337,14,256,172,991,68,863,2392,4209,1138,580,359,1002,491,499,345,256,460,462,598,235,201,1,683,310,62,747,173,82,12,110,35,24,18,208,210,1,23,13,5,251,315,30,196,39,31,136,93,126,32,8,44,23,114,87,6,117,98,128,6,67,656,80,76,12,29,38,71,5,25,15,3,0,8,4,123,53,1319,0
1847,8479,74,107,0,9,0,32,1120,36,46,523,27,596,462,809,34,1017,1386,1020,1956,4227,42,5,34,48,105,15,131,160,294,755,2514,0,124,1759,279,39,193,698,128,80,7,422,162,409,83,109,1422,304,103,10,131,75,831,52,31,7,0,2,43,14,172,442,44,190,129,235,299,536,406,314,17,26,213,142,147,513,38,408,299,33,414,111,98,34,272,12,1915,913,3700,20,1832,99,29,3294,94,210,1854,170,127,165,16,73,1,2,7,1329,8764,228,328,51,181,281,252,142,11,2481,1857,45,293,22,572,81,357,14,260,181,1010,70,874,2421,4261,1182,602,363,1024,498,508,353,266,467,471,615,236,210,1,692,315,65,763,180,85,12,114,35,26,20,215,212,1,23,14,5,258,327,31,199,41,31,139,93,129,32,8,46,23,114,89,6,119,98,130,7,68,663,82,77,12,30,39,71,5,25,15,3,0,8,4,126,54,1351,0
1848,8524,74,107,0,9,0,32,1134,37,47,534,27,601,466,815,34,1024,1405,1036,1967,4290,42,6,35,48,112,15,134,165,300,770,2553,0,130,1796,292,40,196,708,129,80,7,429,165,412,84,109,1449,313,109,10,136,77,839,52,31,8,0,2,46,14,174,449,45,195,131,238,308,546,410,321,19,29,217,146,148,523,41,414,317,34,422,113,98,39,276,12,1924,914,3726,20,1878,102,29,3304,95,216,1869,177,128,172,16,75,1,2,7,1366,8828,229,336,53,184,294,253,144,11,2550,1868,47,299,24,578,81,365,14,262,184,1020,72,881,2437,4324,1232,620,369,1037,504,513,358,273,473,479,629,240,213,1,700,320,68,775,187,85,12,119,37,28,20,219,214,1,24,15,5,262,329,32,203,43,31,140,93,135,34,8,47,23,116,92,6,120,101,132,7,68,667,87,79,12,31,42,71,5,26,16,3,0,8,4,128,56,1379,0
1849,8557,77,108,0,9,0,32,1139,37,49,542,27,606,474,819,34,1038,1427,1048,1994,4334,42,6,37,48,115,16,134,171,302,787,2585,0,140,1814,300,44,197,724,132,81,7,438,168,414,84,110,1471,319,111,10,140,80,847,52,32,8,0,2,51,14,175,459,47,202,132,240,322,552,416,324,19,30,223,149,148,534,45,417,324,36,429,114,100,43,283,12,1934,914,3752,21,1919,105,30,3309,95,217,1876,178,130,179,16,76,1,2,7,1396,8893,231,338,57,190,306,258,148,11,2606,1879,48,301,26,585,83,381,14,266,191,1027,74,899,2457,4376,1290,635,379,1051,510,516,361,284,478,491,644,243,216,1,706,323,69,795,191,85,12,123,38,29,20,225,215,1,24,16,5,267,337,32,206,45,32,149,93,136,35,8,49,24,119,95,7,121,105,137,7,70,672,92,80,12,31,42,72,5,27,16,3,0,9,4,129,57,1412,0
1850,8609,77,109,0,9,0,33,1158,38,51,556,27,611,483,828,38,1054,1457,1070,2016,4397,44,6,37,48,116,17,134,182,311,798,2624,0,159,1851,308,47,198,738,134,83,7,442,172,418,87,115,1514,326,111,11,145,82,869,53,34,8,0,2,56,15,175,465,49,205,135,250,338,563,421,326,20,34,237,154,150,553,47,419,335,36,432,114,104,45,288,12,1945,915,3775,21,1987,111,33,3314,98,219,1894,182,135,187,16,79,1,2,7,1431,8981,232,344,58,197,315,265,156,11,2702,1896,49,304,27,597,85,388,14,269,200,1044,77,913,2494,4442,1354,657,385,1069,521,526,366,292,484,501,663,245,218,1,719,334,72,807,193,87,12,128,40,30,21,228,217,1,26,18,5,276,344,33,208,45,34,159,94,139,35,9,50,25,121,97,8,126,107,138,8,76,677,96,80,12,31,43,73,5,27,17,3,0,9,4,129,58,1439,0
1851,8642,78,109,0,9,0,36,1169,42,53,572,27,620,489,834,38,1064,1484,1083,2035,4455,44,6,38,50,120,17,137,194,315,821,2681,0,171,1879,321,49,203,755,135,83,8,451,175,424,88,117,1560,337,115,11,152,82,884,53,36,8,0,2,59,15,177,471,52,210,139,258,359,574,431,335,20,34,242,160,151,565,47,425,357,37,440,116,108,45,293,12,1959,916,3787,23,2041,113,33,3323,99,220,1912,188,141,192,16,79,1,2,7,1463,9071,233,347,61,202,321,267,164,11,2765,1908,49,306,28,608,89,392,14,274,205,1052,78,935,2530,4508,1416,679,391,1085,530,530,369,298,491,508,686,247,227,1,728,342,72,822,195,88,14,132,42,30,21,234,220,1,26,18,5,279,354,34,214,46,36,171,99,140,36,10,53,26,125,98,8,134,109,140,10,83,685,97,81,13,31,45,74,5,27,18,3,0,10,4,134,63,1465,0
1852,8672,78,110,0,10,0,37,1182,44,55,598,27,628,499,840,38,1069,1510,1092,2060,4525,44,6,40,50,124,18,141,201,333,846,2734,0,186,1917,325,52,206,764,135,83,8,459,180,427,90,118,1604,348,122,11,157,82,903,55,36,8,0,2,65,15,180,482,53,214,145,265,375,584,435,339,20,35,252,160,151,578,49,429,372,38,443,117,109,46,297,12,1972,917,3808,26,2104,119,38,3336,99,220,1933,190,146,198,16,82,1,2,7,1502,9168,234,352,68,208,324,268,169,11,2850,1918,49,312,29,622,92,410,16,276,218,1066,81,955,2566,4570,1466,694,407,1101,545,538,374,310,501,525,706,249,235,1,738,352,72,836,202,88,14,136,44,31,23,242,223,1,26,22,5,292,368,34,218,48,39,186,102,147,36,10,54,28,127,100,13,137,113,143,12,87,693,97,81,14,31,47,74,5,30,20,3,0,11,4,137,68,1484,0
1853,8695,78,111,1,11,0,42,1193,44,55,660,28,633,508,849,38,1084,1538,1112,2085,4575,44,6,40,50,128,18,145,210,345,871,2784,0,190,1947,333,53,208,784,138,83,8,471,184,431,92,122,1647,359,128,11,163,84,923,55,38,8,0,2,67,15,180,489,55,219,149,276,388,593,443,344,20,39,260,163,152,589,51,432,378,38,446,130,113,48,300,12,1979,920,3838,28,2165,124,40,3344,100,223,1966,193,150,208,17,84,1,2,7,1532,9257,236,362,71,210,328,272,173,11,2935,1940,51,320,29,637,92,421,17,281,222,1078,83,972,2607,4640,1531,713,420,1115,551,546,381,324,509,535,725,250,242,1,750,360,75,851,206,88,15,142,46,36,23,248,227,1,26,27,6,300,374,34,221,49,42,197,106,152,37,11,54,30,129,104,14,139,117,145,17,92,701,98,81,14,31,50,78,5,31,20,3,0,11,4,139,71,1510,0
1854,8733,79,112,1,12,0,44,1212,46,56,689,28,637,519,852,38,1098,1562,1126,2115,4642,44,6,40,51,130,19,147,227,355,903,2833,0,193,1975,341,55,212,799,139,83,8,506,190,436,92,136,1694,368,131,11,171,92,939,55,38,9,0,2,70,16,183,494,55,222,151,285,406,599,448,350,21,40,264,165,153,604,52,438,387,38,448,130,115,50,310,12,1995,920,3858,29,2224,128,42,3354,100,228,1990,194,155,217,17,89,1,2,7,1563,9351,238,372,72,211,334,275,176,11,3013,1957,54,321,31,647,95,443,18,283,227,1096,83,991,2636,4710,1592,734,431,1131,563,559,386,338,517,546,747,254,248,1,761,374,79,871,209,90,15,144,47,39,24,251,229,1,31,29,6,302,382,34,223,52,45,214,110,156,41,11,56,30,136,106,14,140,122,146,22,93,712,98,82,15,32,51,80,7,31,20,3,0,11,4,145,73,1541,0
1855,8767,79,112,1,12,0,45,1222,47,56,717,30,650,528,860,39,1109,1584,1139,2138,4709,44,6,41,52,132,19,148,240,363,917,2870,0,195,2017,349,56,217,809,141,83,8,542,194,444,95,140,1727,378,137,11,174,100,959,56,40,11,0,2,70,17,185,502,56,228,155,288,425,601,456,355,21,42,271,173,154,618,52,440,402,39,450,131,116,51,321,12,2007,921,3875,32,2305,130,44,3361,101,231,2026,200,157,225,17,90,1,2,8,1592,9442,239,381,74,214,344,276,177,12,3111,1978,57,327,31,656,95,455,18,290,235,1111,85,1004,2687,4779,1648,753,444,1148,571,571,396,355,528,556,770,258,256,1,784,380,84,892,211,93,15,149,47,40,26,255,233,1,31,32,6,308,386,35,224,56,45,224,111,159,41,12,58,31,137,107,15,141,126,154,26,94,722,102,83,15,36,51,80,7,31,20,3,0,13,4,149,73,1567,0
1856,8800,79,112,1,12,0,48,1232,48,56,739,30,660,539,865,40,1127,1606,1155,2164,4777,48,6,41,54,138,19,150,250,378,936,2916,0,199,2038,362,57,219,821,144,85,8,567,198,452,100,140,1757,387,142,11,186,103,970,56,42,14,0,2,71,17,186,511,57,234,160,292,444,607,467,358,22,42,276,176,154,627,53,446,423,40,452,131,119,57,326,12,2016,922,3907,33,2382,134,50,3375,103,232,2059,204,161,232,17,91,1,2,9,1629,9544,239,388,75,217,351,278,183,12,3239,1990,58,332,31,668,100,473,20,296,240,1125,88,1023,2737,4852,1721,772,461,1160,580,579,399,367,533,566,793,263,260,1,793,390,84,912,216,97,15,153,48,41,26,260,237,1,32,33,6,315,393,36,228,56,45,228,116,160,41,13,60,33,141,108,15,142,131,157,28,97,731,107,84,15,40,53,80,7,31,23,3,1,14,4,156,77,1601,0
1857,8815,79,113,1,12,0,48,1239,49,56,760,31,669,553,878,40,1137,1627,1169,2181,4850,50,6,41,54,139,19,153,265,397,952,2957,0,200,2070,369,58,222,836,144,85,8,588,201,456,102,143,1808,406,145,11,189,105,984,56,42,14,0,2,74,17,188,519,61,240,161,300,452,613,475,365,23,42,279,180,155,642,53,449,430,40,458,133,122,58,327,12,2030,923,3931,33,2475,139,51,3380,103,234,2092,207,163,240,17,92,1,2,9,1662,9640,239,404,75,224,356,282,190,12,3318,2004,61,337,32,676,101,488,22,299,246,1139,90,1050,2779,4916,1780,788,470,1187,588,588,406,383,541,572,810,266,263,1,800,401,85,926,218,98,17,156,49,42,27,262,237,1,36,34,6,320,399,36,236,60,48,234,118,163,43,14,61,33,141,109,18,144,137,162,32,101,743,113,86,15,43,54,80,7,31,24,3,1,15,4,162,79,1641,0
1858,8850,79,116,1,12,0,48,1260,49,59,794,32,676,568,892,40,1149,1655,1185,2207,4897,52,6,41,54,143,19,157,278,409,962,2995,0,203,2096,374,59,223,848,150,85,8,608,204,460,102,148,1857,417,147,11,195,108,991,56,45,14,0,2,74,19,189,532,63,245,164,312,470,624,490,372,24,45,287,184,155,653,55,450,439,43,462,138,124,58,334,12,2045,924,3956,34,2540,150,52,3389,103,237,2115,210,164,246,17,96,1,2,10,1709,9730,240,415,75,225,363,283,199,12,3377,2020,61,343,32,682,104,501,22,308,254,1156,91,1073,2836,4961,1821,809,484,1202,602,610,411,402,546,582,834,269,269,1,813,410,88,932,224,100,17,161,49,42,27,263,240,1,37,34,6,325,405,36,241,61,52,240,120,165,45,14,64,34,146,110,20,146,140,166,37,103,752,117,89,15,45,57,81,7,32,25,3,1,15,4,164,81,1685,0
1859,8884,79,118,1,13,0,49,1274,50,61,816,33,687,580,905,41,1162,1683,1209,2239,4973,53,6,42,56,145,19,159,283,422,981,3030,0,208,2131,384,61,225,876,154,85,8,631,210,466,104,151,1898,428,157,11,201,110,1001,59,45,17,0,2,79,19,191,545,63,253,166,326,484,643,504,380,24,45,301,189,156,661,55,457,457,43,467,139,125,58,340,12,2062,925,3975,35,2604,152,54,3397,103,238,2137,212,171,259,18,97,1,2,10,1757,9815,240,425,75,227,372,292,202,12,3455,2031,63,346,32,700,104,522,22,315,259,1161,97,1106,2886,5030,1887,832,496,1218,611,622,413,415,552,592,852,269,275,1,826,416,89,951,229,101,17,164,50,43,28,267,241,1,39,36,6,332,412,38,246,64,56,245,120,166,46,14,66,34,153,113,22,149,150,170,41,103,765,119,90,15,45,57,82,8,33,25,3,1,15,4,167,83,1709,0
1860,8926,80,120,1,13,0,50,1287,52,62,834,33,697,593,922,43,1178,1720,1233,2272,5053,55,6,45,58,151,19,162,293,433,996,3077,0,215,2162,391,64,226,910,161,86,8,648,215,473,109,155,1953,444,159,11,217,114,1026,59,45,17,0,2,84,20,192,564,66,257,169,336,494,653,509,384,25,46,314,194,159,670,56,463,486,44,469,140,126,59,346,12,2072,926,4006,35,2685,155,57,3402,103,244,2166,213,171,273,18,100,1,2,10,1813,9935,242,431,75,230,386,294,207,12,3558,2050,65,350,32,719,105,542,22,322,268,1176,100,1124,2950,5101,1964,852,516,1233,620,631,414,432,562,602,892,272,277,1,837,430,92,967,237,101,17,168,50,44,30,275,241,5,39,36,6,336,420,44,252,66,61,255,123,167,48,14,66,37,157,116,24,149,156,176,43,110,777,125,91,16,47,60,83,8,33,26,3,1,17,4,168,85,1746,0
1861,8959,80,122,1,13,0,51,1297,53,63,851,33,699,600,935,44,1184,1738,1245,2290,5114,55,6,46,58,156,20,164,302,446,1008,3122,0,222,2185,398,65,228,922,165,89,8,662,220,479,111,157,1989,453,164,11,223,116,1040,59,46,20,0,2,88,20,193,568,69,260,173,341,500,667,522,397,25,47,317,196,163,677,56,469,538,47,474,140,128,62,352,12,2087,926,4025,36,2730,161,57,3412,103,247,2192,216,172,275,18,103,1,2,10,1862,10038,242,437,76,232,397,295,210,12,3614,2067,66,358,32,725,107,563,23,328,273,1190,102,1135,2995,5140,2000,874,524,1241,632,639,416,447,570,610,918,275,283,1,847,436,93,978,242,101,17,169,50,44,30,279,243,5,39,36,6,340,425,45,258,69,63,260,125,172,50,14,70,39,157,119,25,151,161,177,45,112,789,128,100,19,61,67,87,9,33,26,3,1,18,4,172,88,1785,0
1862,8984,80,122,1,13,0,57,1313,54,64,869,33,705,610,946,45,1189,1755,1252,2309,5159,56,7,46,58,159,20,165,313,452,1013,3157,0,227,2220,408,66,232,949,168,90,8,674,227,485,114,164,2024,464,169,11,235,117,1051,60,48,21,0,2,91,22,193,577,72,263,176,343,508,675,539,417,25,47,319,197,164,685,56,471,579,48,476,142,131,62,367,12,2108,928,4044,37,2778,163,60,3416,106,249,2217,218,172,281,18,106,1,2,10,1912,10134,242,441,80,235,403,303,213,12,3661,2079,70,363,34,735,109,579,23,329,278,1201,103,1148,3043,5187,2035,901,529,1253,641,645,424,454,575,622,945,275,284,1,851,444,93,986,249,104,18,169,51,44,30,280,243,5,39,37,6,349,436,46,262,70,66,266,129,179,52,15,72,39,162,120,25,155,165,178,48,115,792,131,112,24,71,75,89,12,36,28,3,1,20,5,173,88,1811,0
1863,9013,81,124,1,13,0,60,1320,55,65,883,34,713,623,957,45,1198,1779,1274,2337,5215,56,7,52,59,163,21,167,321,460,1023,3190,0,229,2254,412,67,233,956,168,93,8,693,230,489,120,166,2048,473,173,12,250,119,1058,60,52,21,0,2,98,25,193,590,74,267,178,352,528,684,559,456,25,47,325,198,167,696,58,475,687,49,484,143,134,62,376,12,2120,929,4062,38,2806,165,65,3425,107,250,2233,224,177,286,19,106,1,2,10,1966,10216,243,445,80,238,408,307,217,12,3723,2089,71,370,36,753,112,594,23,336,290,1205,109,1176,3108,5226,2068,911,538,1269,650,653,426,464,581,630,969,275,286,1,859,449,93,993,261,106,18,170,51,46,30,283,243,5,39,37,6,354,444,46,268,73,66,273,129,182,52,16,73,39,165,123,26,159,168,184,48,116,800,142,132,31,76,79,92,18,40,29,3,1,20,5,175,92,1846,0
1864,9072,81,124,1,13,0,62,1335,56,68,896,35,718,632,971,46,1201,1798,1293,2366,5261,58,7,58,59,168,21,170,331,468,1037,3231,0,232,2285,423,68,234,975,171,94,8,707,233,494,121,168,2080,481,177,12,259,121,1070,62,62,21,0,2,101,26,194,597,77,274,180,362,543,693,583,498,25,47,331,203,171,704,58,477,897,51,489,144,137,64,383,12,2140,932,4076,39,2850,169,67,3430,108,253,2255,230,178,290,19,109,2,2,10,2037,10321,246,448,82,241,418,310,222,12,3803,2107,72,377,37,780,114,607,23,342,297,1212,111,1192,3164,5312,2128,937,543,1289,664,661,430,468,585,643,1000,275,289,1,868,452,93,1001,266,107,19,172,51,46,31,289,244,5,39,37,6,360,449,46,272,76,68,282,133,186,52,16,73,41,168,127,28,165,175,190,51,118,813,146,147,33,78,84,96,19,44,30,5,1,21,6,180,97,1887,0
1865,9136,81,124,1,13,0,63,1356,57,72,925,36,727,645,985,47,1212,1820,1304,2390,5315,59,7,65,59,169,21,173,338,483,1051,3253,0,234,2322,427,68,236,994,175,94,8,721,237,499,127,169,2113,490,179,13,277,123,1077,64,63,21,0,2,111,28,194,606,78,283,183,373,560,700,596,521,25,47,335,208,171,710,59,479,977,54,495,144,140,66,389,12,2159,932,4096,40,2882,174,70,3436,110,256,2272,236,181,296,19,113,2,2,10,2102,10426,247,460,83,244,423,315,226,12,3898,2124,74,381,39,797,115,622,24,349,303,1218,111,1211,3235,5374,2189,953,557,1303,673,670,435,479,591,647,1022,275,293,1,875,458,94,1009,269,109,20,172,52,48,33,293,245,5,39,38,6,363,454,46,279,78,73,286,135,186,57,16,75,42,172,130,29,170,191,197,52,122,823,150,157,35,82,87,96,19,45,30,5,1,23,6,181,102,1919,0
1866,9429,82,125,2,13,0,65,1377,58,74,942,37,741,649,1001,47,1222,1842,1316,2417,5368,60,7,66,61,172,21,175,349,489,1061,3285,0,239,2354,437,69,237,1008,177,95,8,733,243,506,133,172,2141,499,183,14,292,128,1083,65,64,22,0,2,113,30,196,623,80,287,189,385,569,704,604,533,25,49,338,211,174,719,62,485,999,56,500,145,144,66,399,12,2172,932,4109,43,2931,178,71,3448,111,258,2302,241,185,303,21,116,2,2,10,2165,10528,247,469,84,252,436,319,229,13,3999,2149,74,387,41,807,116,639,26,357,310,1229,113,1242,3297,5465,2258,972,568,1325,691,683,443,494,598,659,1055,276,300,1,882,464,95,1037,275,109,21,173,53,48,34,295,245,5,39,39,6,364,465,47,289,82,79,289,135,186,58,16,78,42,175,132,32,172,203,201,53,128,833,151,158,35,82,88,100,20,46,31,6,1,26,6,187,106,1951,0
1867,9460,82,125,2,13,0,68,1387,58,75,955,38,748,659,1013,49,1234,1864,1329,2444,5420,61,7,69,62,177,22,176,363,498,1076,3341,0,243,2395,447,70,239,1022,182,96,8,747,251,515,137,176,2162,509,184,14,299,130,1091,67,65,22,0,2,119,30,197,631,81,297,197,403,585,714,624,546,26,50,347,215,175,732,64,488,1019,59,513,146,147,66,403,14,2185,935,4125,44,2973,179,71,3457,112,261,2327,249,188,313,21,118,2,2,10,2250,10636,248,484,84,260,445,320,234,14,4105,2173,76,393,42,819,122,659,27,370,315,1242,113,1276,3381,5528,2355,997,581,1347,708,704,451,509,603,674,1079,279,305,1,897,473,96,1047,286,109,22,176,56,51,34,302,246,5,39,39,6,368,476,49,298,84,85,301,139,189,62,17,79,44,179,138,36,176,211,205,57,131,850,154,160,35,85,89,100,20,47,31,6,1,26,6,188,107,2010,0
1868,9464,82,125,2,13,0,69,1410,59,75,971,38,753,668,1023,50,1241,1884,1341,2472,5479,63,7,73,62,179,23,178,375,509,1092,3384,0,250,2423,457,72,241,1034,184,99,8,759,255,525,140,179,2203,526,188,14,302,135,1103,67,66,26,0,3,124,31,199,653,85,301,201,414,613,721,644,563,28,50,352,219,176,744,66,490,1056,61,520,147,151,66,414,16,2210,938,4141,44,3020,189,72,3464,113,265,2363,257,189,320,21,119,2,2,10,2344,10735,249,493,88,267,458,331,239,15,4205,2194,80,401,43,838,122,676,30,381,329,1266,117,1301,3441,5622,2426,1015,592,1377,724,727,457,526,610,685,1103,285,309,1,906,479,96,1067,289,112,23,181,58,54,35,317,249,6,39,40,6,372,482,49,305,85,87,315,141,192,66,17,83,47,181,143,37,178,233,212,57,136,858,159,161,35,85,89,103,22,47,31,6,1,26,7,192,107,2058,0
1869,9472,82,126,2,13,0,73,1439,62,76,997,40,766,677,1036,52,1253,1910,1347,2496,5547,65,8,76,62,180,25,179,387,518,1111,3437,0,258,2461,468,74,245,1046,189,99,8,772,259,536,143,183,2236,540,193,14,307,137,1111,68,66,27,0,3,133,32,202,666,88,309,204,427,630,736,657,575,29,51,366,227,177,758,66,493,1073,63,529,148,160,68,427,17,2227,942,4161,46,3062,194,76,3478,116,266,2386,260,193,328,21,122,2,2,10,2426,10879,250,501,90,273,462,335,242,15,4331,2218,83,410,45,850,125,693,31,389,341,1272,123,1327,3500,5691,2486,1035,607,1395,737,741,467,539,629,699,1128,287,312,1,914,485,97,1078,293,112,24,184,58,55,36,327,249,6,39,43,6,378,489,50,310,87,90,323,147,196,70,17,84,49,184,149,39,182,241,219,61,137,866,161,163,37,85,89,104,22,47,32,8,1,26,7,198,109,2088,0
1870,9481,82,127,2,14,0,78,1463,64,81,1018,41,771,688,1046,52,1265,1935,1360,2513,5612,67,8,76,62,183,27,181,400,533,1128,3476,0,264,2512,476,74,248,1058,191,99,8,789,264,543,144,185,2266,548,196,16,311,141,1118,68,66,30,0,3,143,35,206,690,88,319,209,446,648,755,679,582,29,54,382,236,180,780,68,497,1087,67,533,148,162,71,438,18,2240,943,4185,46,3132,198,81,3486,117,268,2426,268,195,335,21,125,2,2,11,2526,11004,252,513,93,282,473,338,250,15,4473,2252,86,420,49,873,131,704,32,404,351,1279,125,1362,3562,5802,2546,1059,618,1424,751,759,470,556,641,714,1158,288,315,1,927,495,98,1098,296,114,24,191,59,55,36,334,252,6,42,45,6,388,497,50,318,92,91,330,151,200,73,17,86,51,187,153,40,184,252,228,61,141,874,163,164,39,85,90,107,22,48,33,8,1,26,9,203,111,2138,0
1871,9490,82,127,2,14,0,79,1484,66,83,1031,41,778,698,1058,53,1276,1960,1378,2530,5659,67,8,78,63,187,28,181,415,540,1148,3512,0,272,2590,484,74,249,1071,191,100,8,800,274,550,150,185,2301,560,201,16,313,141,1131,68,70,31,0,4,148,37,208,700,91,324,212,463,660,770,689,587,29,55,395,243,181,792,73,501,1117,72,539,149,166,72,452,20,2256,943,4202,46,3187,204,85,3499,117,274,2460,274,198,342,21,128,3,2,11,2621,11134,255,520,94,287,477,344,253,15,4608,2272,87,426,50,889,133,721,33,410,362,1297,132,1387,3619,5872,2642,1094,639,1450,764,775,475,566,653,720,1175,293,324,1,939,501,99,1117,302,118,26,194,61,57,37,343,253,6,42,47,6,396,509,54,324,93,93,334,153,205,73,17,89,53,192,157,43,187,265,236,64,145,881,167,166,39,85,90,110,24,48,33,8,1,26,10,205,111,2176,0
1872,9502,82,129,2,15,0,81,1501,66,85,1055,41,796,711,1073,53,1288,1991,1393,2548,5706,67,8,84,66,190,30,182,433,556,1165,3556,0,282,2649,495,75,252,1092,193,102,8,816,285,554,156,190,2328,575,203,17,319,143,1147,68,72,32,0,4,159,39,208,715,95,336,220,477,674,785,697,595,29,58,406,252,182,810,77,504,1130,72,550,150,173,74,478,20,2281,945,4221,46,3257,210,91,3510,118,279,2499,281,205,349,22,131,3,2,11,2719,11286,256,532,95,295,486,352,264,15,4757,2293,90,437,52,903,139,738,34,419,373,1308,137,1425,3680,5950,2727,1129,650,1484,785,800,489,589,664,729,1201,295,329,2,949,514,102,1128,306,122,27,199,63,59,40,344,256,6,44,50,6,405,515,55,327,95,95,342,161,210,81,17,93,56,193,161,46,191,279,242,66,150,898,172,167,39,85,91,113,24,48,33,8,1,27,10,208,112,2222,0
1873,9514,83,131,2,15,0,84,1525,68,90,1089,42,810,727,1091,54,1302,2018,1399,2563,5759,67,8,89,66,193,35,182,454,572,1181,3587,0,290,2687,508,76,255,1107,196,105,8,833,292,565,162,192,2363,586,211,17,322,146,1159,70,77,34,0,4,166,42,210,736,99,345,222,490,688,792,718,601,29,61,415,255,182,826,79,508,1148,73,555,150,179,75,488,20,2305,946,4248,47,3320,212,99,3517,119,282,2532,285,212,352,24,138,3,2,12,2823,11416,260,547,98,304,497,358,273,15,4893,2323,91,449,54,922,142,758,35,426,383,1314,140,1450,3752,6031,2820,1168,665,1521,803,824,510,611,671,750,1216,297,342,3,954,525,105,1141,309,125,27,202,64,59,41,354,258,6,44,54,6,413,524,55,334,97,99,352,173,215,84,17,95,60,200,168,48,192,289,249,67,154,909,177,169,39,85,92,115,26,49,33,8,1,28,10,214,113,2273,0
1874,9525,83,133,2,15,0,89,1546,69,93,1118,42,820,742,1106,58,1311,2043,1416,2580,5832,67,8,92,68,198,36,186,470,585,1221,3636,0,293,2742,521,78,263,1122,199,106,8,846,301,577,167,195,2398,605,218,19,333,147,1176,70,80,34,0,5,175,45,212,755,100,362,224,505,712,804,739,615,30,63,424,259,183,838,82,512,1166,81,562,151,182,77,504,20,2323,948,4267,48,3379,223,106,3529,120,287,2569,301,222,359,25,141,4,2,12,2913,11565,263,560,100,308,504,360,279,15,5026,2361,91,463,58,937,150,775,35,430,394,1333,144,1474,3825,6117,2914,1208,679,1555,822,842,530,630,692,769,1238,302,349,4,972,539,105,1157,310,129,27,203,66,59,41,361,259,6,45,54,7,422,527,55,342,99,101,363,178,228,87,17,100,62,202,177,49,201,300,254,69,160,922,181,169,39,85,93,118,27,50,33,8,1,29,10,220,117,2328,0
1875,9530,85,133,2,15,0,93,1560,69,95,1148,43,827,756,1120,60,1323,2070,1434,2606,5891,67,9,94,68,200,36,186,485,597,1241,3691,0,301,2774,535,78,270,1144,205,107,8,857,312,591,170,199,2450,622,228,20,334,150,1198,71,87,35,0,5,182,46,214,775,108,373,227,525,730,811,759,623,31,70,434,264,184,846,86,517,1183,83,568,151,186,77,519,20,2344,950,4287,50,3432,228,110,3543,121,295,2608,317,222,366,26,143,6,2,13,3015,11701,264,573,101,315,517,375,294,15,5154,2393,92,475,62,952,153,796,35,441,407,1349,151,1522,3898,6202,2991,1242,692,1595,841,863,550,660,703,794,1260,305,356,4,977,552,105,1171,311,130,27,205,66,60,42,368,260,6,45,56,7,425,536,55,350,102,106,379,189,235,89,17,103,63,204,182,51,208,313,262,71,163,934,187,172,41,87,94,118,28,50,33,8,1,30,10,223,117,2386,0
1876,9545,88,133,2,15,0,95,1586,69,98,1171,43,833,784,1143,61,1334,2101,1446,2629,5942,70,9,94,68,204,40,189,508,607,1265,3739,0,308,2812,545,80,279,1166,207,109,9,867,320,597,172,207,2487,630,235,20,339,152,1216,73,88,36,0,5,189,48,219,793,113,383,234,543,741,817,791,632,32,72,441,267,184,861,87,524,1199,86,573,151,189,80,535,20,2372,950,4317,51,3496,233,113,3561,123,297,2658,331,223,375,27,145,6,2,14,3158,11856,264,590,104,316,529,384,303,16,5273,2424,96,486,69,973,156,823,37,453,412,1372,156,1562,3972,6273,3107,1272,708,1628,855,886,575,673,714,803,1285,307,364,5,988,561,106,1191,317,134,27,212,66,61,44,378,262,6,46,57,7,433,546,57,353,106,106,407,197,244,92,17,105,67,208,187,51,211,323,265,75,171,944,189,174,42,90,94,120,28,51,33,8,1,30,10,225,119,2442,0
1877,9551,88,133,2,15,0,101,1609,69,103,1193,44,840,811,1150,63,1343,2134,1461,2647,6000,72,9,100,70,213,40,190,531,616,1289,3793,0,312,2843,558,80,285,1195,209,109,9,890,331,606,175,223,2542,650,238,20,344,153,1239,74,89,38,0,6,195,50,223,805,117,393,237,558,758,825,820,644,33,73,451,274,185,883,90,536,1222,89,581,151,193,88,548,20,2393,950,4329,54,3562,240,116,3576,123,301,2698,341,226,385,27,149,6,2,14,3296,12006,269,604,108,328,541,394,318,16,5402,2465,101,491,72,993,157,846,39,462,428,1388,163,1603,4056,6343,3210,1311,718,1653,872,904,592,696,730,826,1314,309,371,5,998,569,106,1202,320,136,28,219,68,63,45,381,267,6,46,59,7,435,559,59,364,108,111,424,203,250,96,17,107,71,215,192,53,214,329,272,80,173,957,194,175,43,90,97,122,31,55,33,8,1,30,10,228,121,2497,0
1878,9568,89,133,2,15,0,109,1631,69,104,1217,44,849,827,1163,67,1350,2160,1476,2663,6043,72,11,108,70,216,41,193,567,623,1309,3842,0,314,2881,574,85,291,1210,212,110,9,901,338,608,177,240,2609,668,242,20,348,153,1259,74,91,38,0,6,210,52,225,829,124,412,245,573,774,847,845,651,33,77,460,276,186,907,98,541,1234,92,585,151,195,89,563,20,2418,950,4351,58,3626,244,118,3586,124,304,2737,350,227,392,27,152,6,2,14,3477,12119,271,617,112,344,562,403,345,16,5544,2501,101,498,78,1019,162,876,39,469,440,1402,170,1631,4132,6416,3318,1351,735,1687,898,920,613,725,738,837,1332,310,380,5,1009,581,108,1219,328,139,30,223,68,63,46,387,269,6,46,62,7,445,567,62,369,110,113,437,214,256,99,17,113,74,218,198,61,220,346,276,87,179,972,195,178,44,91,98,122,31,56,34,8,1,30,10,230,123,2573,0
1879,9585,90,133,2,17,0,113,1662,70,110,1242,44,863,850,1172,67,1361,2179,1493,2683,6102,74,11,111,70,222,41,193,595,633,1340,3899,0,329,2926,589,86,294,1227,217,112,9,914,347,617,182,247,2682,682,248,20,351,155,1282,74,93,38,0,6,225,52,227,844,124,425,251,588,798,863,870,661,34,79,466,281,190,920,103,544,1253,96,595,151,199,91,575,20,2443,955,4378,59,3686,258,120,3592,126,306,2773,360,236,404,27,156,6,2,15,3638,12234,274,635,117,355,586,412,360,16,5661,2539,104,509,80,1034,170,903,41,477,462,1422,174,1686,4199,6505,3416,1391,754,1736,917,937,630,734,747,854,1359,311,390,6,1021,594,109,1244,336,142,33,227,70,64,48,395,271,6,46,65,7,450,574,64,385,112,116,448,218,261,99,17,114,78,224,201,66,222,355,281,88,186,981,199,180,45,91,100,125,32,56,35,8,1,30,11,235,123,2639,0
1880,9598,90,133,2,17,0,123,1689,70,112,1269,44,869,871,1191,70,1373,2206,1514,2700,6181,76,13,112,74,232,41,197,629,651,1372,3957,0,340,2977,604,89,298,1251,218,114,9,933,355,628,185,255,2730,704,259,25,358,156,1306,75,94,39,0,6,233,56,229,892,128,440,257,611,819,884,885,670,35,80,476,284,191,936,106,550,1275,96,607,152,202,94,588,20,2474,957,4409,60,3741,266,121,3601,128,309,2817,371,239,417,27,158,6,2,15,3834,12400,279,657,123,365,611,426,377,16,5883,2575,106,517,84,1059,177,946,44,489,479,1440,184,1756,4328,6635,3529,1438,768,1772,933,954,647,747,761,869,1389,317,403,7,1029,607,112,1264,344,146,34,231,74,66,49,406,274,6,48,72,9,461,595,68,397,115,117,463,223,267,101,18,115,83,228,208,70,229,362,286,89,192,1001,204,182,46,91,101,126,32,57,35,8,1,31,11,238,123,2699,0
1881,9604,90,134,2,17,0,128,1730,70,115,1294,44,889,894,1203,72,1387,2237,1535,2722,6250,76,16,115,74,235,42,198,660,666,1394,4012,0,347,3016,616,89,304,1271,218,117,9,953,366,637,187,255,2801,735,268,25,362,157,1328,77,95,40,0,6,244,64,231,911,137,448,264,639,838,904,902,683,39,84,488,288,191,954,108,555,1289,98,613,152,208,100,599,20,2502,958,4426,63,3810,276,123,3608,128,313,2848,379,243,422,27,160,6,2,15,4014,12512,281,688,126,374,632,436,396,17,6039,2601,108,533,89,1076,181,972,47,506,489,1452,187,1805,4414,6733,3658,1476,782,1817,951,970,655,765,773,881,1408,320,414,7,1039,614,112,1298,357,151,37,234,76,67,50,411,278,6,49,73,9,470,608,70,404,119,118,472,228,277,105,18,117,84,234,214,77,238,373,291,92,195,1012,209,185,47,91,101,128,32,58,35,8,1,31,12,240,125,2777,0
1882,9614,90,137,4,17,0,133,1752,70,119,1323,45,904,941,1213,74,1399,2257,1555,2737,6321,76,16,118,75,239,44,198,684,669,1423,4067,0,355,3065,630,90,307,1286,220,119,9,974,376,651,188,261,2853,756,275,28,369,159,1350,78,97,41,0,6,254,71,233,940,138,465,275,656,854,925,919,692,41,86,500,294,191,965,109,560,1308,99,625,153,212,101,617,20,2531,959,4448,65,3888,283,128,3622,129,316,2876,391,245,430,28,161,6,2,16,4198,12647,286,708,130,388,656,452,410,17,6229,2634,109,554,91,1106,191,998,51,520,503,1467,194,1861,4510,6847,3783,1514,799,1852,978,991,672,787,784,902,1442,324,425,9,1044,628,114,1318,359,154,38,240,77,68,51,419,282,7,49,79,10,479,622,76,416,122,125,486,233,281,109,18,121,85,243,217,84,243,384,307,95,205,1035,212,187,49,91,102,131,32,61,35,8,1,32,12,242,125,2861,0
1883,9623,91,137,4,18,0,140,1770,71,126,1349,47,917,963,1231,76,1430,2282,1579,2757,6400,78,16,125,76,246,47,200,713,685,1460,4139,0,368,3104,644,90,312,1312,226,119,9,996,381,665,190,267,2918,776,285,29,371,163,1370,79,99,42,0,6,264,82,236,958,143,484,280,666,877,939,926,700,44,89,507,298,191,981,112,565,1325,102,629,156,217,105,633,20,2568,963,4476,66,3958,289,132,3631,129,322,2915,402,245,437,29,163,6,2,17,4397,12797,292,727,135,396,674,469,427,17,6434,2668,116,575,98,1125,198,1037,54,539,529,1483,197,1935,4602,6965,3943,1562,813,1892,997,1014,702,799,806,925,1462,328,435,10,1050,640,118,1345,365,157,40,245,77,70,52,426,290,7,49,82,11,483,643,79,427,137,127,494,241,286,111,18,125,89,252,225,94,256,392,316,100,209,1057,216,188,49,92,105,132,33,61,37,8,1,32,12,245,127,2948,0
1884,9636,95,142,4,18,0,144,1791,74,130,1387,47,937,998,1247,79,1453,2313,1603,2782,6463,78,16,127,76,249,50,204,739,706,1492,4210,0,376,3141,657,91,316,1327,230,120,9,1011,384,675,191,268,3005,801,292,31,374,167,1392,81,101,42,0,6,274,86,244,988,147,501,285,691,890,962,937,706,45,91,518,300,191,1004,117,570,1347,104,638,156,225,109,647,20,2591,966,4498,67,4020,297,135,3638,130,324,2963,416,253,448,29,172,7,2,17,4619,12952,300,752,140,406,684,483,437,18,6631,2694,118,607,101,1148,202,1074,56,552,543,1506,207,1984,4695,7109,4067,1604,827,1925,1016,1051,724,819,816,942,1486,333,451,11,1063,651,121,1371,374,158,42,249,77,72,52,433,293,7,50,87,15,496,657,85,438,147,129,508,247,293,118,18,130,91,255,233,106,265,410,324,107,214,1077,220,189,49,94,106,136,33,61,37,8,1,32,12,249,130,3016,0
1885,9644,95,143,5,18,0,151,1818,77,131,1420,48,948,1020,1267,82,1467,2339,1617,2798,6532,78,16,129,76,257,50,205,764,722,1517,4291,0,381,3176,664,93,322,1340,232,123,9,1030,392,685,192,275,3080,819,303,32,378,172,1415,82,104,44,0,7,287,91,247,1014,148,523,293,711,901,979,961,716,49,92,531,301,191,1020,124,579,1367,105,651,157,229,114,665,21,2624,968,4529,69,4100,311,137,3648,133,334,3014,429,261,463,29,178,7,2,18,4867,13076,302,773,143,415,702,502,452,20,6861,2736,121,631,107,1162,204,1098,59,567,553,1524,219,2053,4800,7240,4192,1648,845,1959,1031,1077,743,834,834,973,1518,337,460,11,1074,664,127,1396,377,159,43,251,82,77,56,441,298,7,50,89,21,502,678,87,449,149,133,518,253,296,126,18,131,93,262,239,118,268,417,328,108,218,1096,221,189,49,95,106,139,34,61,37,8,1,32,12,251,134,3096,0
1886,9653,96,144,5,19,0,157,1837,78,136,1452,49,960,1045,1277,84,1486,2367,1634,2821,6602,78,17,130,76,261,50,208,789,735,1547,4373,0,389,3225,689,95,327,1353,234,123,9,1042,399,690,193,284,3141,837,314,35,383,173,1434,82,107,46,0,7,296,95,252,1042,152,550,304,733,918,988,995,725,49,102,541,304,193,1040,132,587,1382,110,662,157,232,119,675,21,2651,971,4544,70,4164,316,142,3659,136,337,3071,453,267,471,29,184,7,2,18,5096,13209,306,792,146,420,720,523,463,20,7105,2769,122,655,110,1182,210,1143,61,584,569,1545,231,2115,4897,7370,4328,1694,868,1992,1049,1095,757,852,846,989,1542,339,466,15,1086,676,129,1421,382,160,43,259,84,79,57,446,304,7,50,92,25,510,693,89,471,151,136,527,260,304,130,20,134,96,268,242,122,274,422,333,113,224,1117,225,191,49,95,107,140,35,62,37,8,1,32,12,253,136,3193,0
1887,9663,97,146,5,19,0,161,1854,80,140,1494,50,973,1061,1292,86,1511,2391,1653,2843,6689,81,18,135,76,266,51,214,820,752,1583,4455,0,393,3276,698,95,334,1378,235,125,9,1067,406,703,194,294,3196,856,326,36,392,180,1453,83,109,46,0,7,303,103,254,1070,158,574,324,762,941,1005,1020,739,49,106,548,306,193,1070,137,593,1394,118,666,157,238,124,689,21,2681,973,4572,72,4254,325,148,3671,136,342,3112,476,273,479,29,187,7,2,18,5327,13369,311,805,151,427,729,539,475,22,7374,2805,126,670,114,1203,217,1192,61,600,585,1566,242,2185,4987,7541,4472,1726,884,2045,1068,1119,793,864,863,1018,1575,343,479,18,1097,681,131,1447,387,163,45,266,87,80,60,456,310,7,51,96,28,517,710,92,478,159,139,538,269,305,138,21,142,97,274,251,126,277,432,337,121,227,1142,233,191,51,96,109,143,36,62,38,8,1,32,12,254,138,3278,0
1888,9670,97,148,5,19,0,167,1880,81,142,1526,51,996,1091,1304,91,1523,2419,1681,2866,6783,81,18,135,79,269,54,218,867,764,1620,4522,0,400,3322,717,100,337,1399,237,127,9,1079,411,719,195,300,3271,877,335,37,399,181,1467,83,111,47,0,7,310,107,261,1100,160,600,340,791,965,1044,1037,749,49,115,558,310,193,1087,143,597,1420,119,670,157,241,129,700,21,2711,978,4596,74,4320,334,153,3683,138,344,3159,484,279,492,30,194,7,2,18,5577,13520,319,834,154,439,757,555,490,22,7668,2837,126,696,120,1231,225,1275,62,618,599,1585,251,2265,5112,7709,4658,1763,908,2097,1081,1146,840,890,877,1031,1601,345,492,18,1108,691,133,1459,394,167,46,272,87,83,61,462,317,8,51,102,31,522,726,96,487,163,143,545,276,311,141,21,147,99,277,260,134,282,444,347,125,234,1163,241,191,51,98,110,144,37,64,38,8,1,32,12,257,142,3378,0
1889,9680,97,149,5,19,0,176,1931,83,150,1565,53,1013,1118,1330,95,1535,2450,1705,2889,6866,82,18,140,80,276,54,221,904,778,1649,4589,0,403,3383,731,101,346,1423,242,128,9,1099,421,729,200,305,3324,906,350,39,405,181,1489,84,112,47,0,7,323,112,262,1141,160,627,349,820,981,1056,1056,760,51,118,570,313,195,1113,147,602,1440,122,677,162,246,134,718,21,2742,980,4622,74,4378,343,158,3690,138,348,3204,511,286,501,33,206,7,2,18,5808,13700,323,859,160,451,775,563,506,22,7949,2881,127,711,129,1260,238,1323,63,637,610,1603,262,2344,5210,7852,4794,1812,929,2138,1114,1171,876,917,887,1053,1638,346,503,23,1114,702,134,1475,400,169,49,276,89,87,65,472,322,8,51,104,34,530,736,97,504,171,148,559,281,314,150,21,152,105,286,270,142,289,452,355,128,242,1177,249,193,52,101,111,146,37,65,38,8,1,34,12,259,145,3477,0
1890,9689,98,150,5,20,0,187,1962,85,153,1604,54,1041,1145,1353,97,1552,2479,1721,2926,6994,85,19,142,82,283,55,224,947,798,1685,4675,0,407,3455,739,102,354,1441,242,130,9,1127,430,739,203,313,3385,960,355,40,420,186,1506,85,117,48,0,7,338,123,265,1200,163,642,361,862,1002,1073,1085,768,52,124,583,317,196,1148,159,610,1470,125,684,165,250,136,740,21,2797,983,4647,78,4440,350,161,3706,142,352,3247,534,295,521,36,208,7,2,19,6060,13859,332,876,169,466,805,573,520,23,8267,2927,129,731,136,1288,244,1370,68,657,620,1628,283,2416,5324,8064,4944,1862,947,2176,1135,1192,920,938,905,1070,1669,348,515,25,1128,719,136,1496,406,173,49,281,91,89,67,481,327,8,51,111,35,540,750,99,521,177,151,575,284,322,155,21,156,112,296,281,152,293,467,363,136,249,1213,259,197,52,101,112,150,39,66,38,9,1,34,12,264,147,3572,0
1891,9700,100,150,5,20,0,194,1985,87,158,1648,57,1064,1171,1368,106,1573,2510,1754,2956,7084,86,19,149,85,293,59,225,984,812,1712,4753,0,413,3502,759,105,357,1467,245,131,9,1144,437,751,208,315,3470,985,365,43,424,187,1521,86,119,48,0,9,344,129,270,1229,167,670,364,896,1017,1093,1109,781,54,130,596,321,197,1181,181,623,1490,129,691,168,255,138,759,21,2826,984,4669,79,4496,362,163,3715,143,354,3295,553,300,537,36,214,7,2,20,6307,13995,336,899,173,471,828,585,539,23,8585,2971,130,759,142,1312,248,1399,69,673,635,1653,291,2489,5436,8242,5118,1914,966,2231,1167,1226,973,965,917,1088,1692,352,527,31,1143,735,137,1519,411,177,51,286,92,92,68,487,332,9,54,112,35,551,763,101,530,182,155,589,295,327,157,22,165,114,302,288,166,307,479,375,142,258,1236,266,198,53,101,114,152,40,67,38,9,2,34,12,265,152,3678,0
1892,9707,100,151,5,20,0,204,2004,88,161,1679,61,1085,1200,1390,112,1596,2548,1780,2991,7162,87,19,156,85,301,61,230,1027,829,1742,4828,0,420,3557,780,105,368,1487,245,132,9,1163,441,757,209,323,3547,1012,376,44,431,190,1544,87,123,49,0,9,361,137,273,1264,177,685,370,926,1033,1120,1141,799,57,135,612,325,198,1208,195,635,1514,132,704,171,258,141,783,21,2865,985,4690,80,4574,373,166,3727,143,357,3346,577,302,553,37,224,7,2,20,6580,14166,343,927,182,483,862,595,557,24,8930,3021,135,786,147,1338,253,1452,70,695,658,1681,304,2563,5553,8405,5308,1969,989,2284,1196,1264,1027,996,931,1118,1721,355,535,33,1151,753,142,1546,413,180,52,292,93,96,71,495,338,10,55,116,35,558,774,104,541,186,160,610,299,332,157,24,174,118,319,299,179,313,490,382,145,263,1256,273,199,54,102,115,153,42,68,38,9,2,34,12,269,152,3793,0
1893,9732,102,151,9,21,0,214,2035,90,162,1724,62,1107,1241,1411,121,1630,2589,1801,3024,7252,87,19,158,87,305,62,233,1063,845,1764,4905,0,423,3636,799,106,373,1507,245,134,9,1179,448,764,212,329,3629,1041,386,46,439,193,1560,89,123,49,0,9,379,143,275,1307,181,709,382,977,1055,1134,1179,809,60,143,630,328,198,1247,207,644,1539,135,717,172,264,142,806,21,2902,987,4712,84,4644,388,172,3737,144,361,3407,601,305,565,39,234,7,2,21,6852,14355,353,949,185,490,885,606,577,24,9301,3073,135,800,154,1362,256,1512,75,712,682,1704,310,2629,5659,8575,5493,2029,1016,2336,1229,1298,1089,1037,952,1136,1765,363,550,35,1164,771,144,1573,421,182,54,298,99,101,73,504,342,13,56,118,39,569,789,109,552,187,165,663,307,340,163,25,183,122,325,309,194,319,503,393,153,269,1283,280,202,55,103,116,156,45,69,38,9,2,34,13,275,158,3901,0
1894,9755,103,152,9,22,0,219,2074,92,165,1777,62,1123,1266,1438,125,1651,2629,1831,3053,7314,91,19,160,89,310,63,238,1112,861,1790,4987,0,429,3704,814,109,378,1530,245,138,9,1198,454,778,214,340,3711,1072,397,47,449,195,1589,91,127,51,0,9,390,149,277,1365,182,728,388,1023,1075,1146,1210,822,65,156,641,334,198,1268,219,650,1569,141,728,174,271,146,823,21,2934,987,4728,87,4734,403,176,3751,149,367,3446,618,309,579,39,247,7,2,22,7154,14533,357,966,187,499,914,615,591,27,9678,3120,137,824,163,1398,260,1553,78,747,694,1741,316,2699,5793,8760,5675,2077,1048,2381,1249,1335,1145,1061,973,1168,1795,372,564,38,1177,785,148,1603,425,184,56,305,102,104,74,516,350,13,57,124,40,581,810,111,569,189,168,695,316,350,168,29,188,124,332,318,211,328,512,398,162,275,1318,286,204,56,103,117,161,46,73,38,10,2,34,13,280,161,4010,0
1895,9768,103,153,9,23,0,227,2099,94,171,1818,62,1134,1292,1465,133,1681,2677,1855,3089,7397,92,19,165,89,314,64,240,1152,884,1817,5073,0,439,3788,830,112,381,1549,250,139,9,1226,461,788,220,350,3814,1103,409,48,457,198,1611,92,130,53,0,9,400,153,282,1417,190,747,395,1059,1094,1161,1260,842,72,170,655,339,198,1303,230,664,1591,142,738,174,284,150,846,21,2977,989,4749,89,4822,412,176,3760,155,371,3493,648,314,588,39,254,7,2,22,7452,14752,363,994,194,520,952,637,609,27,10171,3174,137,844,170,1426,273,1618,78,761,707,1765,317,2807,5923,9004,5888,2140,1076,2450,1277,1369,1210,1085,991,1198,1850,376,576,42,1188,802,152,1624,437,191,59,311,104,106,77,527,360,13,59,131,43,592,823,114,586,191,178,718,321,359,174,30,190,127,343,330,220,331,527,408,164,284,1354,294,205,59,104,117,163,46,74,38,10,2,34,14,283,166,4133,0
1896,9778,103,154,9,23,0,235,2133,98,178,1868,64,1154,1314,1494,144,1717,2725,1891,3121,7482,96,20,167,90,315,64,243,1203,896,1844,5162,0,459,3878,846,114,390,1572,254,141,9,1262,470,795,226,362,3917,1134,415,48,465,199,1642,95,132,54,0,9,413,162,286,1457,193,770,408,1094,1108,1182,1319,854,75,183,672,346,199,1332,242,683,1617,147,747,174,292,153,885,21,3012,992,4779,90,4892,422,180,3769,157,376,3552,680,323,603,39,257,7,2,22,7783,14995,376,1028,201,536,984,649,629,27,10637,3239,143,871,173,1456,279,1704,82,791,721,1793,322,2900,6059,9253,6098,2210,1113,2524,1307,1412,1282,1124,1021,1236,1889,379,596,47,1197,810,155,1648,443,195,60,318,110,111,78,534,364,15,59,137,44,596,844,116,600,199,183,736,325,364,181,30,194,130,352,342,237,338,539,421,177,294,1382,299,206,60,105,119,164,46,78,39,10,2,34,14,288,168,4271,0
1897,9789,103,154,10,23,0,242,2203,99,189,1926,66,1180,1346,1507,149,1754,2778,1914,3152,7574,99,21,168,93,323,65,248,1263,909,1876,5256,0,471,3943,863,114,401,1597,259,142,9,1286,479,808,233,368,4025,1180,425,48,479,200,1676,97,138,54,0,9,426,168,287,1503,196,794,418,1127,1124,1211,1346,873,82,193,695,352,199,1360,255,688,1648,149,762,177,298,162,904,21,3065,994,4808,92,4980,438,187,3773,158,379,3608,704,335,621,39,268,8,2,24,8123,15232,384,1062,206,555,1016,661,644,27,11113,3303,144,902,178,1498,292,1768,82,800,730,1829,328,3014,6184,9444,6301,2283,1140,2591,1333,1472,1348,1156,1044,1276,1941,387,607,51,1213,824,162,1680,451,200,61,326,114,116,78,542,367,15,59,140,49,606,858,119,614,201,188,759,333,373,190,30,200,135,362,355,243,344,559,433,186,304,1403,316,210,61,106,121,167,47,81,39,11,2,34,14,293,171,4429,0
1898,9803,108,156,10,25,0,249,2243,100,198,1976,68,1203,1381,1523,154,1791,2853,1944,3224,7671,100,21,171,95,328,66,254,1339,922,1922,5386,0,491,4000,903,120,411,1619,266,146,9,1303,493,819,235,379,4142,1234,446,48,500,205,1713,100,146,54,0,9,438,177,293,1545,200,827,438,1179,1155,1228,1377,897,96,208,710,358,202,1386,262,693,1686,160,776,178,306,169,930,21,3096,998,4834,94,5054,449,193,3786,158,383,3668,729,344,632,39,278,8,2,24,8459,15418,393,1095,216,567,1053,675,661,29,11626,3389,146,928,186,1532,302,1826,89,826,758,1869,338,3149,6333,9730,6512,2381,1175,2652,1366,1514,1404,1191,1071,1309,1983,390,625,56,1225,833,165,1710,458,205,64,334,118,119,81,554,371,16,62,147,55,621,880,125,628,209,196,772,342,384,197,30,207,139,367,377,254,349,578,443,196,315,1429,324,214,62,107,123,170,48,85,39,11,2,34,16,298,173,4546,0
1899,9812,109,156,10,25,0,260,2307,101,204,2047,69,1233,1414,1535,159,1848,2926,1974,3300,7805,102,22,174,96,336,67,257,1411,942,1969,5488,0,502,4079,934,120,419,1645,271,148,9,1329,507,832,246,385,4279,1297,458,49,517,209,1748,103,149,56,0,11,451,183,298,1573,205,849,450,1236,1180,1251,1398,921,100,219,728,365,204,1416,281,708,1706,164,784,181,315,179,981,21,3144,1000,4863,97,5127,469,198,3798,158,388,3720,760,354,647,39,296,9,2,24,8783,15589,405,1119,226,580,1094,689,683,29,12175,3440,150,953,190,1559,318,1896,93,843,776,1911,345,3296,6467,10054,6724,2459,1198,2723,1402,1549,1487,1223,1096,1348,2040,393,644,61,1234,840,171,1723,473,211,67,338,120,122,81,564,374,17,64,149,59,630,897,132,639,212,203,778,350,401,209,30,214,141,377,387,260,353,589,451,208,330,1461,337,214,64,107,124,171,52,87,39,11,2,34,16,302,176,4686,0
1900,9885,123,169,14,41,0,312,2574,106,215,2231,77,1289,1551,1706,270,1928,3091,2048,3404,8127,125,32,279,103,360,81,277,1682,1003,2174,5639,0,557,4238,1032,125,464,1726,293,163,12,1469,584,923,273,488,5320,1476,481,50,548,219,1822,116,199,70,8,16,527,243,327,1755,365,976,785,1739,1299,1380,1489,983,123,290,797,381,273,1521,358,728,1749,184,836,254,355,203,1050,26,3597,1008,4887,109,5367,529,308,3872,168,396,4116,892,422,661,664,323,14,2,27,9676,17253,467,1317,249,627,1234,721,817,44,12904,3608,169,1076,209,1639,349,2202,155,989,962,2616,363,3694,7000,10442,7021,2684,1317,2946,1457,1689,1591,1364,1194,1514,2194,401,673,69,1278,912,182,1809,493,221,70,354,132,132,83,588,401,24,64,153,63,718,1000,171,694,243,221,917,433,442,270,39,239,146,425,457,370,406,660,518,235,411,1648,370,223,78,108,129,197,56,93,39,12,2,36,18,334,192,5366,0
1901,9901,124,171,15,43,0,333,2631,109,225,2311,78,1309,1585,1726,276,1978,3172,2089,3468,8274,130,32,281,104,367,82,280,1745,1023,2219,5781,0,566,4325,1072,130,477,1767,300,167,12,1493,599,936,277,498,5446,1534,494,50,566,225,1842,117,203,71,8,19,547,252,333,1797,373,1007,808,1794,1326,1414,1515,1000,135,300,822,388,273,1558,384,732,1784,185,852,256,368,212,1069,26,3639,1013,4908,115,5445,537,313,3882,168,402,4183,939,430,680,665,334,14,3,27,9931,17434,479,1368,255,646,1287,739,849,44,13550,3683,173,1116,215,1691,358,2252,165,1017,971,2656,372,3870,7145,10699,7256,2782,1367,3037,1484,1738,1650,1400,1227,1570,2264,408,699,78,1286,928,189,1839,499,224,72,361,142,136,85,598,404,26,64,156,66,729,1025,176,721,246,228,948,444,449,281,39,247,149,434,469,390,411,679,533,243,431,1685,379,224,81,111,129,199,59,96,39,12,2,36,18,338,196,5506,0
1902,9929,129,175,15,45,0,368,2717,111,231,2396,80,1337,1620,1761,283,2040,3240,2144,3550,8425,131,32,286,105,373,84,289,1818,1036,2284,5930,0,581,4416,1118,130,494,1818,302,170,12,1526,606,947,281,505,5593,1616,510,51,579,227,1881,120,209,73,8,20,565,265,341,1852,378,1046,833,1870,1359,1473,1554,1023,144,310,844,394,275,1601,403,744,1815,192,876,260,384,227,1105,27,3693,1015,4937,120,5527,551,321,3894,171,405,4253,975,447,692,665,344,17,3,30,10193,17606,493,1421,266,661,1359,755,885,44,14211,3767,186,1144,224,1743,371,2318,171,1053,1000,2706,380,4054,7328,10983,7499,2898,1422,3163,1519,1817,1727,1447,1269,1626,2338,416,724,89,1296,944,193,1865,508,227,75,367,146,140,86,610,407,27,65,158,71,747,1053,189,752,252,237,968,460,463,297,39,258,155,447,490,402,424,702,553,254,445,1735,387,225,81,111,131,206,59,97,40,12,2,36,18,338,205,5701,0
1903,9944,133,177,16,48,0,380,2798,113,247,2464,80,1378,1657,1798,296,2084,3313,2198,3620,8567,138,32,293,105,375,86,294,1904,1056,2340,6067,0,593,4498,1166,134,504,1854,307,173,12,1570,620,962,288,513,5738,1677,523,52,597,228,1912,125,219,75,8,21,587,276,345,1902,386,1087,866,1979,1404,1547,1617,1034,154,319,867,406,279,1636,429,754,1843,202,893,268,397,241,1144,27,3741,1019,4966,124,5620,563,329,3910,176,411,4345,1036,465,710,668,353,17,3,30,10473,17789,504,1483,280,682,1433,774,911,44,14891,3839,193,1186,237,1797,398,2369,175,1077,1017,2776,386,4227,7489,11310,7729,2980,1464,3293,1558,1906,1838,1517,1311,1697,2411,427,754,104,1313,967,199,1899,521,231,80,379,150,141,87,628,414,28,66,160,76,777,1097,194,789,256,245,988,472,477,313,40,274,162,466,512,423,436,723,576,263,467,1792,398,226,84,114,131,208,60,97,41,12,2,36,19,342,210,5887,0
1904,9953,133,177,16,49,0,400,2855,116,255,2511,81,1414,1688,1835,310,2125,3402,2248,3697,8724,143,34,303,107,383,86,306,1980,1081,2376,6198,0,611,4564,1209,135,516,1899,312,177,12,1609,636,974,294,523,5899,1717,533,52,620,236,1951,129,230,77,8,23,615,286,351,1937,400,1127,897,2097,1446,1615,1663,1053,162,337,890,416,285,1685,446,760,1887,208,915,271,415,249,1181,27,3785,1021,4983,129,5715,578,337,3929,177,417,4440,1093,484,731,670,365,17,3,30,10712,17992,521,1562,291,703,1507,790,950,44,15562,3903,208,1216,252,1866,418,2439,181,1111,1038,2817,393,4391,7657,11570,7975,3078,1524,3424,1593,1995,1946,1594,1346,1754,2505,435,790,117,1331,981,208,1931,526,241,81,387,153,142,89,643,419,29,66,162,79,807,1128,202,814,263,261,1036,487,493,326,40,286,168,476,528,451,453,756,596,270,499,1852,404,229,86,116,133,208,62,99,41,13,2,36,21,354,218,6072,0
1905,9970,136,182,16,50,0,422,2912,118,265,2569,84,1440,1723,1868,320,2168,3468,2293,3763,8848,147,37,312,109,385,89,309,2060,1106,2437,6318,0,630,4643,1250,138,528,1932,320,178,12,1656,651,985,295,535,6072,1762,538,52,641,241,1979,133,235,79,8,25,638,294,355,1988,410,1155,920,2230,1499,1660,1712,1078,169,352,922,426,289,1722,466,770,1924,214,946,273,433,265,1224,27,3841,1025,5003,132,5798,595,343,3940,179,421,4529,1149,501,757,672,371,17,3,33,10948,18190,533,1636,304,720,1583,811,991,45,16210,3972,214,1250,261,1928,433,2496,191,1140,1054,2857,402,4595,7823,11814,8213,3174,1588,3566,1620,2080,2045,1661,1378,1807,2579,444,819,125,1346,1012,210,1963,532,247,83,391,159,148,92,663,430,30,68,168,81,836,1169,211,842,267,267,1067,509,515,335,42,294,174,496,554,471,467,801,619,272,509,1895,411,235,90,120,134,211,65,100,42,13,2,37,21,356,221,6281,0
1906,9978,140,189,16,51,0,442,2977,123,280,2630,89,1470,1776,1899,326,2220,3553,2347,3832,8978,157,37,318,111,391,90,312,2127,1121,2479,6445,0,648,4729,1274,139,537,1976,331,184,12,1696,664,1002,296,549,6220,1810,546,52,663,244,2022,137,248,82,8,25,650,305,359,2046,429,1203,942,2365,1545,1725,1764,1111,179,365,948,433,293,1754,496,788,1964,217,974,276,451,275,1268,27,3920,1027,5024,133,5901,619,350,3956,186,427,4617,1209,507,773,674,380,17,3,35,11194,18407,548,1703,317,733,1651,833,1025,45,16878,4031,223,1279,279,2020,444,2535,202,1173,1078,2898,407,4776,7996,12053,8432,3267,1630,3676,1659,2165,2118,1727,1410,1848,2641,451,842,134,1358,1036,214,1983,539,254,90,398,162,152,97,679,440,31,70,172,86,867,1207,225,871,275,276,1097,533,538,348,46,318,180,513,594,497,475,829,649,281,530,1953,421,238,90,121,137,214,67,103,42,13,2,37,21,359,231,6465,0
1907,9984,146,192,16,53,0,474,3043,123,295,2696,90,1500,1824,1939,339,2271,3637,2399,3933,9117,163,38,331,113,395,91,316,2226,1135,2535,6579,0,670,4808,1315,140,555,2031,331,192,12,1739,674,1022,301,566,6373,1847,557,54,681,250,2067,140,252,83,8,27,668,309,362,2097,452,1242,974,2520,1606,1786,1819,1151,195,384,978,443,299,1806,539,809,2005,224,1016,279,470,293,1331,28,3973,1027,5038,136,6002,629,360,3968,188,431,4709,1270,524,795,674,391,18,3,40,11463,18611,568,1783,331,748,1730,849,1073,45,17547,4080,228,1323,289,2069,454,2566,217,1215,1099,2924,423,4974,8164,12321,8669,3391,1682,3778,1696,2225,2166,1785,1454,1893,2712,460,863,139,1373,1065,219,2021,549,257,94,409,166,153,101,693,450,35,71,172,88,906,1249,236,896,290,290,1127,561,568,364,46,348,182,542,629,519,497,874,676,293,551,2017,425,242,90,121,140,216,69,105,43,13,2,37,21,363,239,6665,0
1908,9997,148,195,17,54,0,500,3103,126,308,2787,97,1527,1868,1973,346,2317,3700,2450,4017,9293,171,39,342,116,406,92,323,2316,1156,2586,6708,0,695,4905,1344,142,568,2074,336,198,12,1778,686,1045,308,585,6496,1906,571,57,705,256,2096,144,261,85,8,28,691,318,369,2144,467,1291,1032,2649,1673,1858,1898,1210,202,400,998,450,300,1865,591,825,2062,235,1052,284,494,305,1407,29,4031,1027,5059,140,6112,638,365,3989,190,435,4797,1341,546,808,675,398,19,3,40,11775,18810,581,1863,350,764,1844,891,1128,45,18215,4138,232,1347,305,2120,465,2603,231,1263,1128,2955,436,5133,8344,12569,8907,3537,1723,3886,1738,2301,2219,1853,1493,1945,2761,466,879,144,1391,1092,229,2073,557,262,99,419,170,159,101,702,458,37,71,174,103,941,1294,247,919,300,302,1161,599,594,374,54,373,193,561,710,552,522,920,708,302,573,2067,433,251,91,122,142,218,70,112,43,13,2,37,23,370,244,6865,0
1909,10009,151,200,17,58,0,551,3168,133,327,2873,100,1566,1923,2004,357,2366,3778,2499,4096,9417,182,39,354,118,412,92,326,2400,1186,2629,6835,0,730,5006,1373,146,581,2135,340,199,12,1817,697,1073,312,621,6636,1969,581,58,727,262,2131,146,270,85,8,28,709,332,373,2215,475,1337,1070,2814,1756,1926,1976,1265,213,417,1039,458,302,1946,631,836,2103,244,1083,289,524,322,1475,29,4094,1031,5083,144,6223,653,378,4004,194,438,4896,1416,561,817,677,417,19,3,41,12109,18984,597,1933,363,784,1937,918,1172,46,18922,4197,248,1380,322,2170,475,2646,237,1325,1157,2996,450,5344,8546,12861,9180,3702,1771,3957,1784,2356,2270,1927,1534,1989,2824,474,906,155,1406,1126,235,2114,571,266,106,424,177,167,101,725,466,39,72,177,115,975,1342,259,950,307,316,1195,628,619,390,56,393,202,582,755,586,607,970,742,315,598,2112,445,254,93,124,142,225,73,118,43,13,2,37,25,373,252,7038,0
1910,10025,154,202,17,59,0,592,3235,136,341,2951,105,1610,1975,2040,373,2422,3868,2541,4178,9567,188,39,376,118,420,92,333,2480,1211,2669,6957,0,751,5120,1413,146,588,2189,345,204,12,1853,714,1093,320,645,6827,2033,592,58,757,271,2160,153,283,86,8,28,743,349,382,2306,485,1390,1140,3005,1837,2004,2085,1313,230,456,1096,472,315,2033,683,858,2148,256,1117,295,554,336,1567,29,4152,1033,5110,148,6333,669,388,4021,196,444,4980,1509,586,842,681,429,20,3,44,12414,19203,610,2021,379,798,2018,949,1227,48,19694,4269,259,1412,342,2215,500,2703,241,1383,1185,3024,456,5599,8776,13164,9459,3918,1840,4034,1824,2429,2319,2010,1564,2048,2898,481,925,166,1421,1172,238,2164,591,276,110,431,187,171,106,742,474,43,72,180,122,1024,1404,279,995,325,342,1246,655,632,403,58,437,209,603,799,604,698,1026,772,330,622,2178,457,263,95,125,145,233,75,123,46,14,2,37,26,378,266,7279,0
1911,10041,159,209,17,62,0,629,3326,140,369,3053,109,1652,2024,2069,384,2481,3948,2587,4285,9701,194,39,394,118,422,93,334,2569,1224,2735,7124,0,778,5217,1456,148,604,2259,352,209,12,1888,725,1117,322,666,6997,2099,614,58,779,279,2207,158,298,88,8,29,761,359,392,2372,496,1434,1201,3210,1919,2117,2188,1360,238,494,1163,479,327,2108,726,877,2219,266,1154,299,587,362,1668,32,4220,1035,5141,154,6451,691,399,4035,200,449,5085,1610,612,862,682,444,23,3,48,12740,19413,629,2093,403,821,2107,989,1278,48,20470,4345,268,1452,358,2267,519,2785,248,1429,1231,3072,464,5837,9010,13512,9755,4142,1895,4126,1869,2492,2374,2118,1625,2102,2964,487,956,182,1444,1217,247,2234,602,283,116,440,200,177,110,765,483,47,74,184,125,1089,1491,298,1050,331,358,1304,691,654,411,61,454,218,628,846,641,772,1093,814,340,667,2234,473,270,96,126,149,242,81,124,46,14,2,37,27,384,274,7478,0
1912,10053,162,213,17,63,0,660,3405,143,390,3145,112,1693,2085,2117,400,2543,4018,2639,4389,9845,204,39,415,121,426,96,340,2675,1249,2798,7292,0,802,5355,1519,150,620,2315,359,214,12,1928,741,1142,332,689,7170,2175,632,58,807,285,2245,165,311,93,8,29,808,372,401,2460,508,1490,1263,3474,1992,2216,2273,1408,251,533,1257,488,330,2170,770,892,2320,275,1202,307,605,377,1779,32,4293,1037,5167,156,6586,703,416,4052,200,453,5204,1715,651,876,683,454,25,3,50,13098,19629,649,2185,422,846,2184,1036,1319,50,21291,4443,275,1495,385,2315,559,2848,257,1484,1253,3124,472,6107,9284,13854,10064,4393,1969,4231,1900,2579,2429,2219,1681,2169,3032,497,994,196,1469,1253,263,2301,624,289,120,448,217,187,118,787,491,52,75,185,128,1145,1568,317,1106,345,380,1366,722,671,431,65,470,228,658,889,672,833,1154,859,353,713,2303,486,275,100,129,151,254,83,128,46,14,2,38,29,399,283,7705,0
1913,10066,166,217,17,64,0,683,3486,146,408,3219,114,1739,2144,2155,411,2603,4079,2692,4476,9986,215,40,445,121,433,97,350,2776,1282,2862,7432,0,822,5454,1586,150,636,2353,366,218,12,1973,748,1158,335,733,7350,2240,648,59,830,293,2279,171,325,98,8,29,838,385,409,2536,519,1538,1320,3725,2088,2333,2378,1455,265,570,1335,502,343,2251,807,910,2399,285,1232,313,634,398,1879,32,4357,1040,5190,162,6714,712,425,4068,203,457,5307,1826,685,898,683,467,25,3,50,13417,19880,671,2281,437,871,2269,1076,1385,51,22102,4505,284,1532,404,2378,586,2910,269,1542,1289,3157,482,6373,9569,14174,10396,4634,2027,4317,1946,2658,2490,2313,1735,2234,3105,505,1018,205,1490,1298,272,2372,637,292,125,459,230,196,124,812,498,56,75,189,134,1220,1627,333,1162,361,395,1413,756,705,449,69,485,237,682,932,720,883,1238,892,360,749,2356,499,280,100,132,151,257,86,134,46,14,3,38,29,409,290,7946,0
1914,10089,166,220,17,67,0,710,3570,150,424,3306,116,1782,2189,2183,424,2666,4141,2738,4567,10111,224,43,461,123,438,97,358,2880,1320,3225,7545,0,845,5537,1678,157,650,2388,374,219,12,2024,765,1184,342,768,7508,2287,659,61,856,304,2306,177,331,101,8,30,858,398,419,2628,532,1583,1373,3946,2175,2437,2451,1510,275,609,1408,518,350,2324,831,937,2472,294,1258,321,662,408,1982,32,4424,1044,5218,168,6835,723,441,4085,206,462,5416,1948,717,919,683,473,26,3,53,13748,20132,683,2382,451,891,2342,1112,1432,52,22814,4574,286,1575,419,2434,614,2971,285,1585,1324,3191,491,6630,9843,14462,10743,4850,2078,4405,1973,2731,2566,2419,1790,2292,3156,514,1045,217,1504,1343,279,2429,656,297,130,464,238,204,132,833,500,66,75,191,141,1272,1696,343,1208,368,406,1475,789,734,470,77,497,244,712,981,759,909,1321,928,366,791,2420,522,286,106,136,157,264,92,141,46,14,3,38,30,418,297,8190,0
1915,10106,166,224,17,69,0,733,3621,152,431,3372,122,1815,2228,2210,436,2709,4205,2780,4660,10217,230,44,470,125,445,100,365,2951,1344,4222,7657,0,867,5585,1810,157,668,2418,395,225,12,2086,783,1193,343,806,7632,2331,668,64,874,316,2333,182,342,101,8,31,874,413,426,2705,554,1623,1450,4148,2262,2548,2529,1552,295,638,1455,532,357,2415,856,949,2529,303,1266,324,698,414,2123,34,4481,1047,5235,176,6945,731,456,4100,207,466,5513,2042,743,948,685,476,26,3,56,14032,20318,699,2426,463,913,2364,1134,1469,52,23531,4630,292,1610,439,2479,636,3024,294,1614,1345,3240,495,6864,10034,14697,11086,5003,2124,4496,2004,2785,2609,2518,1827,2327,3214,523,1069,225,1517,1387,282,2488,671,301,132,474,254,213,140,849,504,71,75,196,147,1318,1748,357,1252,375,418,1537,835,771,480,79,512,253,740,1029,791,932,1399,956,373,827,2493,555,294,111,139,166,270,96,147,46,14,4,39,31,428,308,8410,0
1916,10122,167,226,17,69,0,766,3670,153,447,3458,124,1859,2272,2231,447,2756,4257,2818,4755,10343,233,45,480,127,451,101,373,3011,1377,5009,7753,0,893,5633,1893,158,675,2437,414,227,13,2164,790,1205,349,835,7759,2354,680,65,907,329,2348,186,347,102,8,31,889,424,434,2793,565,1647,1538,4353,2327,2657,2613,1612,305,664,1502,544,364,2471,871,966,2597,320,1280,331,721,426,2225,34,4525,1048,5247,181,7082,747,460,4105,209,474,5610,2143,768,973,687,478,27,3,59,14307,20512,711,2460,474,926,2393,1157,1497,52,24223,4689,293,1649,448,2520,660,3087,299,1636,1369,3273,501,7097,10271,15020,11497,5123,2163,4578,2037,2854,2662,2595,1865,2362,3273,530,1094,238,1533,1434,294,2555,686,308,135,486,271,222,144,870,506,81,75,200,148,1353,1787,369,1301,384,426,1606,873,805,494,80,527,264,764,1057,833,965,1471,1000,381,863,2557,595,309,114,147,178,284,98,153,47,14,4,39,32,439,316,8623,0
1917,10135,169,230,17,72,0,803,3718,157,460,3552,127,1905,2311,2248,453,2816,4324,2872,4889,10502,242,46,490,129,457,103,389,3051,1397,5882,7839,0,920,5666,1959,158,681,2460,436,228,13,2244,801,1216,354,870,7892,2375,686,66,936,337,2366,191,356,103,8,32,910,434,440,2848,573,1670,1632,4596,2374,2785,2688,1684,316,687,1548,556,367,2529,892,989,2656,332,1303,339,744,436,2334,36,4563,1049,5254,184,7183,766,473,4111,211,483,5693,2269,795,993,690,485,29,3,63,14586,20754,719,2495,483,946,2423,1171,1519,52,24915,4727,297,1698,451,2560,678,3135,305,1663,1389,3319,504,7240,10498,15269,11904,5266,2207,4658,2059,2927,2701,2653,1890,2405,3330,540,1119,249,1548,1486,302,2605,704,315,139,497,281,228,148,891,518,87,75,203,154,1395,1841,379,1349,393,432,1663,905,831,510,82,540,271,785,1098,867,1027,1553,1028,386,896,2643,611,349,127,164,206,318,115,156,49,16,4,39,36,448,333,8815,0
1918,10140,169,232,17,73,0,826,3776,161,472,3635,128,1932,2344,2273,470,2863,4385,2923,4985,10630,244,46,501,131,459,104,395,3090,1420,6788,7919,0,950,5716,2050,159,690,2482,455,230,13,2353,812,1238,356,914,8029,2402,696,66,965,342,2381,198,360,104,8,33,933,438,440,2896,580,1690,1757,4805,2424,2906,2742,1755,326,711,1587,567,377,2587,935,1018,2708,341,1332,351,768,445,2442,36,4602,1051,5267,187,7256,779,496,4115,214,488,5771,2336,834,1004,691,487,29,3,65,14854,21016,728,2524,491,964,2457,1181,1546,52,25539,4780,303,1761,462,2600,688,3193,310,1719,1406,3370,509,7397,10738,15558,12252,5374,2253,4714,2084,2982,2753,2722,1921,2442,3375,544,1145,259,1562,1511,309,2655,735,319,142,501,287,239,149,914,521,94,75,204,156,1432,1886,393,1378,401,439,1723,925,847,522,83,544,277,798,1126,885,1098,1636,1069,394,930,2740,629,389,138,172,217,341,132,158,50,16,4,40,37,472,355,9000,0
1919,10155,171,233,17,74,0,850,3824,163,486,3737,133,1953,2394,2294,483,2912,4447,2971,5080,10759,256,47,513,131,466,107,400,3122,1447,7692,8014,0,990,5785,2195,160,698,2508,467,233,13,2509,824,1248,359,961,8197,2425,706,66,987,349,2390,205,368,106,8,34,950,445,444,2960,586,1724,1920,5077,2491,3055,2824,1808,337,756,1633,572,417,2661,1007,1043,2764,351,1357,363,789,456,2581,36,4657,1054,5275,188,7389,797,516,4123,217,489,5837,2427,860,1018,692,492,30,3,65,15138,21295,743,2557,498,987,2500,1192,1576,52,26306,4822,307,1806,468,2647,690,3265,316,1772,1427,3399,518,7560,11042,15857,12613,5505,2304,4766,2107,3041,2800,2786,1957,2486,3430,547,1186,269,1580,1544,317,2717,755,321,142,509,294,242,150,923,527,104,75,206,164,1468,1933,409,1414,407,447,1793,956,858,534,85,556,281,814,1161,927,1172,1714,1106,403,966,2790,639,410,146,175,224,350,135,160,50,16,4,40,38,490,370,9137,0
1920,10191,174,237,17,76,0,870,3910,170,502,3897,141,1991,2440,2334,492,2967,4523,3016,5206,10917,266,49,530,132,471,107,406,3174,1476,8234,8193,0,1030,5849,2274,161,712,2547,477,238,14,2629,841,1260,365,988,8405,2477,721,67,1019,355,2420,211,375,108,8,35,977,460,451,3047,596,1773,2044,5393,2559,3189,2906,1852,363,796,1685,584,424,2712,1096,1064,2854,365,1394,374,805,468,2661,36,4701,1056,5291,195,7510,803,530,4134,217,493,5902,2525,897,1045,694,497,31,3,65,15492,21622,773,2601,510,1025,2567,1228,1629,54,27128,4908,314,1878,476,2707,698,3366,325,1839,1471,3428,523,7753,11537,16186,13047,5720,2368,4834,2133,3172,2872,2860,2003,2533,3491,557,1210,279,1601,1604,321,2790,770,328,145,516,307,249,151,943,534,108,76,208,165,1496,1969,427,1460,421,461,1870,982,872,538,90,566,287,838,1212,990,1243,1809,1159,420,1031,2864,643,424,152,178,232,362,139,162,51,18,5,41,38,499,384,9341,0
1921,10218,176,238,17,79,0,896,3993,177,524,4011,143,2016,2499,2366,502,3020,4594,3052,5345,11058,280,49,541,133,484,109,413,3222,1506,8555,8349,0,1058,5916,2333,161,730,2573,487,238,14,2746,857,1278,370,1010,8599,2524,733,67,1058,367,2474,217,385,110,8,37,1002,476,459,3128,612,1825,2130,5668,2616,3331,2990,1923,379,818,1748,598,434,2778,1155,1080,2911,379,1423,381,810,490,2758,49,4753,1058,5315,200,7633,813,545,4142,217,496,5991,2635,922,1064,698,505,32,3,67,15930,21984,810,2657,530,1066,2640,1244,1679,55,27895,4976,322,1934,484,2761,707,3455,333,1903,1494,3481,530,7937,12017,16505,13459,5911,2443,4922,2162,3286,2948,2943,2063,2578,3561,566,1247,300,1630,1644,329,2839,786,334,149,525,318,259,156,972,544,114,76,208,169,1524,2010,437,1498,439,474,1938,1018,898,544,91,578,297,858,1249,1038,1288,1882,1211,438,1085,2905,647,432,153,178,241,372,141,165,52,19,5,43,38,506,398,9557,0
1922,10244,179,241,17,79,0,923,4106,183,551,4178,147,2048,2568,2419,518,3100,4695,3114,5496,11241,294,50,548,135,493,110,420,3279,1530,8820,8491,0,1079,5998,2411,165,744,2612,495,243,14,2834,868,1306,374,1039,8800,2584,748,68,1079,371,2507,221,399,115,8,41,1037,498,470,3226,636,1880,2243,5926,2695,3555,3100,1976,410,848,1812,612,445,2885,1203,1099,2976,390,1442,384,828,505,2845,52,4818,1058,5343,206,7762,832,562,4151,219,504,6108,2788,958,1085,702,513,33,3,72,16383,22416,848,2717,552,1092,2735,1281,1758,56,28790,5072,333,2010,494,2832,715,3622,338,1979,1537,3527,535,8196,12488,16897,13946,6116,2539,5010,2206,3417,3058,3033,2108,2633,3638,573,1301,310,1651,1682,336,2914,799,341,150,536,335,270,162,1002,553,123,78,213,176,1558,2062,455,1545,451,484,2004,1042,916,550,93,593,306,876,1297,1099,1330,1968,1273,454,1143,2974,652,435,153,181,247,382,146,165,52,19,5,43,39,514,411,9786,0
1923,10279,183,244,18,79,0,960,4235,188,579,4330,155,2094,2655,2466,537,3175,4800,3174,5675,11447,322,53,557,138,505,112,431,3340,1572,9090,8645,0,1117,6068,2474,166,754,2669,501,245,15,2934,883,1336,379,1065,9002,2667,766,68,1105,377,2554,224,411,119,8,42,1092,518,483,3344,655,1945,2346,6182,2756,3739,3198,2044,464,868,1853,632,483,2963,1254,1119,3030,400,1469,395,846,524,2952,53,4887,1060,5365,209,7878,853,577,4162,223,507,6209,2933,998,1106,703,523,34,3,78,16855,22870,895,2785,581,1124,2851,1326,1829,57,29733,5159,339,2080,506,2895,729,3793,345,2052,1568,3576,542,8476,13048,17404,14479,6307,2623,5111,2247,3544,3159,3122,2175,2685,3742,587,1360,333,1673,1726,344,2995,817,349,154,555,353,280,165,1044,564,132,78,216,177,1603,2119,474,1591,459,506,2062,1072,939,561,107,604,316,899,1342,1157,1357,2045,1330,465,1206,3034,663,441,155,182,249,386,150,167,52,19,5,43,39,529,423,10042,0
1924,10347,188,251,18,81,0,986,4365,194,601,4471,163,2141,2723,2506,548,3263,4933,3275,5845,11685,334,53,568,139,516,116,436,3400,1610,9323,8838,0,1155,6192,2557,168,773,2735,507,249,15,3011,901,1367,384,1091,9238,2746,789,71,1141,382,2623,227,415,122,8,46,1153,539,494,3443,676,1997,2460,6436,2831,3979,3313,2111,493,899,1910,667,506,3041,1301,1142,3093,405,1500,405,865,554,3058,54,4966,1060,5398,215,8086,870,597,4173,227,513,6328,3112,1035,1129,707,537,34,4,81,17353,23350,937,2888,608,1154,2945,1365,1914,57,30772,5236,347,2146,518,2959,735,3903,361,2112,1616,3615,551,8818,13680,17902,15011,6610,2698,5221,2282,3683,3268,3209,2237,2744,3811,598,1421,347,1703,1764,353,3093,829,358,157,572,373,287,172,1081,571,135,78,217,179,1657,2186,494,1626,471,520,2135,1110,957,571,108,622,334,924,1383,1236,1391,2129,1389,474,1253,3106,679,445,157,182,251,392,152,169,55,19,5,43,39,545,440,10320,0
1925,10424,194,255,18,86,0,1018,4498,199,632,4625,172,2193,2813,2553,564,3342,5074,3362,6032,11955,356,54,584,142,522,117,441,3473,1651,9564,9023,0,1189,6323,2659,170,796,2819,509,258,15,3140,923,1400,389,1124,9503,2833,808,74,1170,390,2710,232,425,124,8,49,1210,569,512,3552,699,2088,2569,6700,2914,4189,3423,2184,525,919,1990,686,520,3139,1349,1161,3142,416,1524,416,884,569,3191,54,5066,1064,5439,216,8233,886,615,4196,233,523,6503,3302,1082,1151,709,548,40,4,83,17864,23906,984,2986,634,1190,3056,1403,1996,57,31873,5357,363,2226,528,3040,756,3994,370,2176,1651,3677,553,9126,14332,18456,15567,6923,2759,5327,2321,3857,3370,3336,2335,2809,3914,606,1475,361,1736,1824,360,3194,857,367,162,578,385,295,176,1124,579,138,79,218,181,1692,2248,511,1675,487,542,2215,1158,983,578,113,634,344,946,1414,1298,1434,2213,1444,484,1313,3169,685,452,159,182,257,399,157,173,57,19,5,44,39,561,458,10642,0
1926,10526,196,260,18,87,0,1052,4621,202,655,4767,182,2233,2920,2601,583,3417,5186,3448,6215,12210,371,55,598,147,535,120,448,3556,1692,9758,9180,0,1230,6444,2747,173,812,2877,512,260,15,3228,936,1437,397,1153,9768,2915,826,75,1203,394,2783,234,439,129,8,52,1259,594,525,3675,718,2152,2693,7019,2995,4387,3560,2260,552,949,2054,701,539,3251,1394,1191,3200,425,1552,430,902,590,3340,55,5169,1068,5473,221,8536,915,638,4218,239,527,6649,3527,1147,1164,711,557,40,4,84,18330,24431,1029,3104,669,1227,3150,1445,2103,57,32955,5445,370,2288,540,3108,773,4106,382,2260,1696,3764,565,9452,15033,18974,16151,7190,2832,5452,2377,3996,3507,3457,2413,2867,4000,615,1541,378,1768,1882,372,3318,878,380,166,584,409,308,183,1166,598,147,79,221,183,1726,2310,533,1727,507,562,2283,1197,1016,595,113,661,362,966,1459,1351,1488,2301,1500,490,1358,3242,694,453,162,183,260,405,157,177,57,20,5,44,39,575,474,10995,0
1927,10689,204,273,18,95,0,1089,4754,212,687,4928,195,2287,3029,2668,603,3523,5311,3532,6397,12474,388,58,607,154,546,124,451,3626,1750,9984,9362,0,1257,6579,2850,176,835,2963,517,264,16,3337,954,1479,406,1181,10075,2994,852,77,1235,398,2854,243,452,133,8,54,1326,614,548,3801,739,2249,2853,7330,3082,4609,3686,2329,585,975,2134,717,552,3367,1467,1231,3255,433,1580,448,924,605,3531,58,5273,1071,5515,225,8744,936,668,4249,245,537,6827,3735,1194,1183,713,575,43,4,89,18904,25128,1093,3200,705,1265,3265,1490,2181,59,34215,5543,386,2361,555,3188,794,4227,393,2355,1737,3867,568,9802,15753,19525,16817,7477,2901,5572,2430,4145,3632,3575,2503,2940,4102,629,1616,402,1814,1944,378,3424,890,392,172,598,434,318,192,1200,615,157,79,226,184,1770,2389,554,1762,521,579,2348,1245,1051,606,119,681,373,997,1508,1414,1559,2370,1561,506,1418,3309,703,459,163,183,260,413,158,180,57,21,5,45,40,592,491,11336,0
1928,10817,209,276,18,107,0,1130,4900,221,717,5099,206,2329,3114,2739,626,3625,5430,3629,6577,12740,407,61,618,159,551,127,470,3725,1808,10245,9553,0,1314,6728,2948,180,852,3059,527,270,17,3466,971,1535,416,1223,10410,3087,880,79,1266,411,2943,248,464,142,8,55,1387,644,563,3949,755,2336,2993,7679,3151,4843,3815,2396,612,993,2231,737,566,3486,1544,1268,3331,446,1617,486,946,626,3716,60,5430,1075,5564,234,9046,957,697,4276,252,549,6982,3988,1247,1204,715,589,43,4,93,19480,26028,1147,3333,729,1304,3394,1539,2274,61,35571,5647,392,2450,567,3298,816,4399,408,2452,1783,3995,578,10230,16535,20070,17525,7823,2983,5689,2478,4293,3789,3681,2596,3011,4232,641,1683,429,1852,1999,387,3537,920,400,175,614,454,333,194,1235,634,165,79,230,189,1810,2468,581,1806,546,606,2417,1300,1079,617,126,692,382,1024,1552,1492,1668,2451,1621,518,1472,3388,714,470,164,184,264,419,159,183,58,21,5,45,40,606,510,11696,0
1929,11015,211,283,18,113,0,1179,5059,228,769,5253,213,2366,3207,2795,643,3740,5575,3728,6758,13029,425,65,628,161,560,132,482,3823,1875,10503,9716,0,1358,6900,3081,185,873,3124,534,273,17,3597,984,1618,423,1255,10756,3178,955,79,1296,428,3051,255,473,148,8,58,1435,676,580,4090,774,2431,3138,8036,3267,5106,3965,2475,647,1019,2349,750,588,3623,1644,1310,3386,463,1656,507,960,644,3861,63,5585,1083,5604,237,9253,978,719,4307,257,560,7167,4233,1297,1230,715,596,46,4,99,19985,26908,1200,3463,770,1339,3514,1590,2371,63,37104,5744,408,2509,582,3414,836,4532,424,2547,1820,4119,582,10660,17335,20625,18156,8181,3098,5823,2520,4436,3916,3801,2683,3081,4342,651,1753,444,1898,2056,399,3651,947,404,180,628,469,344,199,1273,648,182,79,233,191,1850,2528,606,1857,567,624,2486,1349,1102,624,130,702,400,1049,1587,1562,1775,2544,1679,537,1535,3457,722,473,164,185,268,423,163,187,59,21,5,45,40,626,524,12087,0
1930,11131,214,287,18,114,0,1225,5226,237,802,5429,221,2409,3308,2868,656,3852,5708,3825,6946,13341,452,70,637,164,567,132,492,3954,1937,10835,9925,0,1429,7068,3223,188,893,3235,544,279,17,3723,1002,1724,433,1289,11122,3291,977,79,1336,444,3184,261,482,154,8,64,1490,709,599,4235,795,2536,3340,8422,3353,5406,4141,2565,675,1040,2465,769,610,3787,1743,1353,3444,487,1700,547,992,667,4023,64,5745,1090,5648,240,9574,999,741,4338,261,575,7356,4493,1361,1250,719,607,47,4,106,20565,27744,1253,3608,804,1396,3670,1645,2470,64,38769,5863,420,2605,595,3514,860,4684,430,2641,1855,4245,588,11145,18151,21198,18810,8564,3202,5961,2578,4594,4034,3917,2775,3159,4472,676,1826,471,1969,2129,409,3740,965,413,187,642,490,359,207,1315,654,196,80,234,191,1903,2605,622,1911,596,654,2577,1431,1127,635,138,712,409,1074,1628,1635,1895,2639,1742,555,1600,3560,735,480,166,185,270,430,164,196,60,21,5,45,40,644,542,12552,0
1931,11228,220,295,19,117,0,1271,5387,243,831,5611,233,2439,3391,2939,677,3955,5828,3912,7120,13644,481,74,659,171,575,134,497,4047,2004,11139,10104,0,1479,7218,3358,194,919,3303,549,283,17,3891,1014,1818,442,1315,11462,3421,1000,80,1386,457,3295,269,497,161,8,67,1557,731,620,4381,820,2645,3535,8812,3422,5698,4313,2633,717,1072,2588,779,620,3948,1828,1407,3505,503,1746,569,1021,689,4204,65,5869,1092,5704,245,9821,1034,757,4358,269,588,7546,4767,1417,1274,721,621,48,4,110,21149,28667,1303,3729,836,1437,3812,1680,2543,65,40329,5958,431,2683,608,3614,879,4792,442,2714,1898,4374,599,11575,18812,21754,19402,8866,3310,6101,2628,4742,4160,4051,2889,3229,4605,699,1897,493,2027,2200,429,3873,997,429,192,663,503,367,212,1340,667,206,80,236,194,1947,2686,645,1971,629,682,2655,1488,1155,649,147,722,424,1107,1683,1711,1997,2720,1798,574,1653,3640,748,488,166,185,272,437,167,200,60,21,5,45,42,659,562,12990,0
1932,11284,223,306,20,123,0,1308,5537,252,862,5751,244,2472,3489,2984,694,4024,5927,3977,7297,13958,512,75,676,177,580,137,504,4131,2066,11427,10307,0,1526,7377,3507,199,937,3383,553,291,18,4034,1029,1896,453,1340,11825,3511,1022,82,1425,470,3425,272,515,164,8,71,1613,760,632,4527,844,2759,3770,9236,3523,5904,4495,2741,749,1111,2682,796,640,4074,1929,1451,3569,514,1792,595,1056,704,4414,66,5991,1097,5748,247,10147,1081,776,4383,273,599,7732,4999,1470,1297,722,640,51,4,112,21740,29433,1345,3842,856,1466,3899,1704,2606,65,41810,6038,441,2772,624,3707,896,4872,454,2776,1939,4564,603,11945,19442,22288,19856,9219,3452,6212,2673,4886,4287,4173,2974,3275,4727,712,1970,520,2081,2247,447,3984,1031,435,197,676,517,381,221,1380,683,217,80,239,198,1993,2759,668,2028,659,696,2716,1545,1190,656,149,732,437,1135,1715,1761,2077,2808,1853,591,1712,3717,770,497,166,186,273,448,167,205,61,21,5,45,43,675,576,13400,0
1933,11329,230,312,22,131,0,1342,5687,262,900,5881,251,2521,3585,3030,712,4165,6020,4079,7447,14263,544,75,691,179,594,137,508,4210,2125,11691,10519,0,1566,7500,3766,200,969,3452,561,300,18,4165,1045,1981,459,1363,12182,3596,1039,84,1456,483,3530,277,529,165,8,76,1675,775,649,4651,867,2884,4009,9705,3619,6094,4725,2825,791,1157,2785,805,662,4205,2012,1505,3645,529,1836,619,1092,717,4549,66,6116,1103,5804,249,10353,1134,804,4419,278,606,7913,5196,1516,1329,726,652,54,4,115,22352,30323,1400,3942,879,1501,3989,1726,2682,66,42840,6127,454,2833,633,3795,918,4974,466,2856,1992,4741,610,12299,20012,22758,20386,9581,3565,6352,2721,5019,4409,4277,3043,3337,4839,728,2034,546,2131,2296,456,4065,1049,444,204,697,528,394,233,1417,698,225,80,240,201,2029,2831,695,2096,675,720,2771,1589,1203,667,154,748,448,1154,1757,1841,2170,2884,1922,611,1763,3803,797,505,167,186,276,461,168,206,61,21,5,46,46,689,591,13820,0
1934,11378,235,320,22,136,0,1382,5897,272,929,6024,257,2569,3717,3088,725,4345,6165,4213,7691,14630,582,81,704,182,596,139,517,4303,2195,12023,10727,0,1635,7624,4033,204,990,3526,578,302,18,4291,1065,2041,465,1389,12614,3684,1065,84,1489,497,3648,285,537,168,8,83,1750,793,670,4791,898,3009,4258,10161,3736,6300,4978,2914,836,1198,2900,826,681,4372,2105,1576,3708,549,1898,650,1122,738,4702,68,6252,1111,5862,249,10598,1170,830,4449,281,617,8136,5403,1570,1352,730,669,58,4,118,22944,31346,1443,4057,903,1530,4101,1748,2755,66,44172,6227,465,2908,651,3896,957,5094,472,2952,2047,4899,613,12667,20616,23277,21039,9931,3747,6508,2788,5153,4539,4376,3121,3405,4972,747,2111,560,2182,2348,471,4188,1077,461,206,718,546,406,243,1444,710,238,80,243,205,2069,2894,721,2150,696,747,2835,1644,1229,685,159,757,467,1177,1795,1909,2273,2944,2005,641,1807,3894,826,518,168,188,281,474,171,218,64,21,5,46,46,702,609,14209,0
1935,11429,237,325,23,139,0,1429,6108,283,951,6199,267,2638,3849,3171,746,4482,6334,4303,7904,15021,617,84,717,182,606,142,525,4398,2267,12304,11013,0,1706,7740,4194,206,1013,3606,587,304,18,4446,1094,2122,471,1436,13018,3851,1100,84,1543,514,3754,294,555,174,8,88,1835,815,696,4943,915,3130,4517,10683,3864,6541,5209,3006,876,1236,2995,841,691,4552,2208,1657,3783,560,1953,685,1157,749,4851,70,6395,1116,5910,253,10907,1200,860,4498,281,619,8330,5623,1634,1382,734,685,62,4,121,23579,32431,1504,4182,924,1579,4206,1777,2832,68,45537,6318,476,2997,667,4021,986,5243,489,3056,2095,5038,620,13111,21374,23811,21684,10340,3926,6643,2849,5273,4661,4541,3205,3496,5102,766,2185,587,2248,2415,478,4310,1097,467,210,737,563,419,252,1480,721,251,81,250,208,2112,2989,755,2225,716,766,2922,1715,1261,692,171,770,479,1208,1851,1987,2414,3008,2059,684,1859,4003,856,528,170,188,286,499,174,227,64,21,5,46,47,713,632,14704,0
1936,11504,245,329,23,145,0,1487,6294,289,979,6350,275,2698,3969,3226,767,4590,6494,4414,8145,15356,646,84,739,183,624,144,531,4483,2350,12575,11270,0,1789,7884,4409,211,1038,3673,595,310,19,4590,1126,2190,475,1476,13508,4028,1148,86,1591,530,3853,301,571,177,8,92,1916,835,719,5139,936,3273,4782,11264,3983,6797,5415,3104,916,1289,3098,860,714,4740,2285,1713,3875,579,1999,734,1196,770,5019,71,6529,1121,5965,258,11194,1241,899,4526,291,627,8571,5847,1681,1413,738,705,64,4,125,24179,33586,1565,4314,957,1624,4353,1814,2931,68,46977,6439,486,3066,677,4134,1027,5388,503,3164,2149,5160,633,13562,22072,24293,22321,10750,4065,6776,2886,5423,4802,4686,3296,3593,5268,781,2263,614,2324,2483,495,4434,1118,484,212,750,581,444,258,1522,735,262,81,254,210,2180,3109,787,2312,739,801,3000,1788,1292,710,185,783,488,1244,1908,2071,2544,3101,2118,737,1940,4106,887,535,171,192,288,509,177,231,65,21,5,46,47,726,656,15189,0
1937,11528,253,342,23,150,0,1551,6450,304,1014,6502,285,2748,4062,3290,795,4701,6655,4526,8394,15724,682,88,770,185,636,146,541,4576,2453,12814,11593,0,1875,8013,4592,217,1053,3743,600,315,19,4740,1147,2467,483,1513,14031,4164,1181,86,1647,548,3938,309,587,180,8,96,1988,870,754,5342,971,3425,5024,11894,4110,7076,5620,3200,955,1350,3214,876,735,4927,2359,1783,3965,604,2058,766,1231,790,5182,73,6714,1123,6016,266,11520,1303,941,4573,305,637,8813,6072,1727,1452,742,725,65,4,126,24859,34815,1641,4465,994,1660,4516,1841,3026,69,48436,6527,503,3144,690,4236,1067,5526,517,3297,2204,5280,640,14040,22803,24750,23024,11148,4203,6916,2926,5594,4948,4835,3400,3674,5426,797,2363,637,2392,2559,505,4564,1151,497,217,773,602,457,264,1546,754,278,81,255,211,2249,3243,815,2396,771,830,3077,1859,1309,726,191,810,503,1298,1962,2186,2668,3219,2202,796,1999,4216,915,543,173,193,292,539,183,237,67,21,5,47,47,744,680,15730,0
1938,11559,256,367,25,153,0,1631,6606,316,1036,6653,291,2817,4160,3350,811,4823,6799,4651,8611,16090,710,89,796,189,645,148,547,4682,2536,13079,11837,0,2012,8142,4790,221,1071,3832,604,324,19,4866,1183,2695,493,1567,14538,4290,1214,87,1706,573,4027,318,611,186,8,100,2054,896,775,5526,1003,3558,5280,12544,4233,7366,5809,3313,1008,1399,3346,899,762,5149,2428,1860,4070,635,2105,796,1264,823,5359,73,6899,1129,6103,271,11820,1348,1001,4606,313,643,9043,6323,1784,1479,750,738,67,4,129,25602,36172,1719,4600,1018,1706,4663,1874,3103,71,49779,6626,512,3233,705,4345,1108,5651,536,3407,2265,5400,656,14576,23570,25169,23724,11584,4346,7069,2970,5735,5107,4990,3493,3752,5561,817,2460,665,2449,2650,526,4686,1192,508,221,788,620,480,272,1600,765,297,81,255,214,2334,3337,852,2486,810,856,3154,1927,1339,748,198,828,517,1337,2035,2267,2793,3308,2278,863,2082,4351,951,554,178,194,298,570,184,250,70,21,5,47,47,763,696,16212,0
1939,11573,261,379,26,154,0,1717,6808,326,1066,6802,297,2879,4249,3409,830,4933,6935,4716,8803,16424,749,94,833,190,650,148,559,4794,2610,13463,12065,0,2111,8269,5020,222,1099,3912,614,331,19,5020,1228,2881,507,1625,15055,4410,1247,87,1767,601,4120,324,634,191,8,109,2130,913,805,5709,1031,3699,5581,13220,4400,7697,6014,3425,1057,1450,3458,920,788,5317,2506,1957,4167,657,2171,839,1310,867,5496,73,7052,1132,6159,279,12171,1391,1049,4641,317,649,9305,6575,1841,1513,758,746,72,4,133,26332,37537,1795,4750,1051,1754,4795,1906,3191,71,51084,6727,529,3330,720,4456,1143,5802,556,3510,2323,5547,671,15097,24374,25536,24375,11959,4522,7212,3012,5897,5235,5149,3585,3824,5748,841,2543,704,2517,2745,533,4826,1222,517,226,811,644,505,281,1657,772,315,82,255,217,2421,3465,897,2558,852,886,3260,2003,1372,762,202,848,529,1391,2113,2358,2912,3425,2356,946,2169,4480,996,567,182,200,303,612,187,260,72,21,5,49,48,780,719,16719,0
1940,11590,264,386,28,157,0,1825,7013,334,1099,6938,306,2937,4369,3475,854,5044,7039,4849,9029,16818,781,99,870,192,660,149,575,4928,2683,14137,12277,0,2205,8369,5234,225,1123,4022,623,346,19,5173,1261,3029,538,1702,15555,4511,1307,88,1842,631,4186,329,671,197,8,114,2202,933,832,5866,1055,3822,5911,13967,4576,8024,6240,3524,1106,1500,3563,938,809,5500,2575,2062,4278,682,2218,875,1371,892,5617,73,7199,1137,6191,290,12520,1437,1110,4664,325,656,9529,6811,1920,1553,773,757,74,4,140,27058,38979,1879,4891,1080,1805,4940,1923,3281,73,52475,6825,540,3447,729,4590,1176,5927,576,3612,2408,5687,688,15609,25204,25893,25099,12491,4642,7358,3052,6033,5376,5284,3695,3913,5890,858,2628,729,2594,2832,547,4979,1268,528,235,825,655,527,291,1705,794,338,82,255,220,2514,3597,928,2630,877,902,3362,2093,1390,787,210,878,537,1438,2175,2474,3093,3553,2442,997,2249,4607,1048,587,190,205,313,650,193,269,74,22,5,49,52,802,743,17272,0
1941,11618,267,402,30,161,0,1949,7178,342,1127,7074,309,2998,4454,3529,880,5135,7159,4946,9227,17154,810,101,939,195,669,150,593,5031,2751,14897,12430,0,2266,8485,5427,230,1142,4116,634,359,22,5299,1305,3113,560,1754,15973,4587,1358,88,1911,651,4254,335,685,199,8,120,2269,958,851,6030,1083,3955,6212,14685,4737,8332,6410,3628,1158,1580,3655,954,827,5661,2622,2177,4369,710,2264,915,1422,921,5695,74,7320,1140,6220,293,12863,1486,1159,4690,325,657,9752,7050,1984,1577,786,765,77,4,146,27786,40265,1966,5005,1113,1854,5061,1947,3360,75,53805,6895,550,3563,743,4687,1212,6043,594,3693,2475,5782,694,16152,25987,26235,25809,12927,4765,7485,3099,6189,5528,5423,3803,4003,6027,875,2712,753,2649,2920,559,5166,1308,541,238,849,676,553,296,1748,814,356,82,256,226,2606,3721,963,2708,916,919,3481,2181,1405,813,223,898,555,1502,2257,2566,3302,3660,2520,1038,2366,4739,1126,619,200,216,327,708,199,283,78,23,5,49,52,824,775,17755,0
1942,11638,270,406,31,165,0,2050,7357,353,1167,7220,318,3050,4525,3578,892,5242,7255,5025,9445,17533,842,103,996,196,672,154,600,5136,2817,15878,12564,0,2326,8615,5576,233,1163,4210,651,371,23,5469,1335,3203,576,1793,16458,4672,1407,88,1970,662,4328,346,703,207,8,126,2322,976,867,6178,1110,4091,6553,15353,4864,8562,6547,3735,1214,1654,3767,967,843,5805,2660,2269,4472,754,2310,950,1462,946,5771,74,7469,1144,6237,298,13113,1542,1230,4718,325,665,9924,7252,2044,1609,792,770,79,4,149,28450,41584,2011,5120,1151,1898,5208,1963,3414,77,55096,6985,560,3683,752,4776,1246,6119,611,3766,2529,5893,702,16565,26849,26553,26391,13512,4891,7645,3140,6326,5638,5558,3875,4110,6169,903,2797,774,2700,3008,581,5342,1367,551,245,862,696,568,304,1808,831,380,82,261,226,2698,3856,998,2783,940,934,3580,2269,1428,831,232,913,574,1557,2355,2675,3566,3757,2606,1066,2478,4868,1243,648,216,226,348,787,204,299,78,25,5,49,54,852,807,18219,0
1943,11662,274,411,31,165,0,2131,7516,360,1205,7349,323,3088,4595,3620,913,5343,7352,5120,9644,17898,867,105,1014,201,675,155,609,5211,2891,16878,12687,0,2397,8752,5745,235,1192,4276,669,386,25,5591,1369,3310,585,1830,16911,4780,1455,88,2045,672,4397,363,718,213,8,129,2381,1002,891,6306,1143,4205,6834,15969,4964,8722,6688,3819,1247,1703,3863,986,850,5910,2705,2348,4548,783,2357,972,1499,976,5871,74,7597,1145,6260,303,13363,1600,1293,4734,326,678,10122,7395,2082,1638,795,780,80,4,151,29080,42852,2063,5225,1182,1949,5383,1995,3472,78,56286,7055,568,3798,763,4851,1282,6244,631,3842,2575,6014,713,16886,27739,26856,26829,14394,5009,7825,3182,6466,5752,5677,3950,4190,6301,920,2870,803,2755,3103,598,5520,1420,565,251,880,717,591,311,1841,854,398,82,263,226,2787,3971,1026,2878,959,949,3688,2353,1444,850,241,923,585,1610,2462,2814,3808,3846,2690,1083,2579,5001,1302,686,238,237,360,856,212,313,82,27,5,50,65,894,850,18597,0
1944,11677,278,416,31,171,0,2201,7669,366,1225,7450,327,3120,4673,3661,949,5440,7445,5197,9826,18259,906,107,1034,203,681,158,617,5254,2941,17754,12802,0,2451,8857,5848,240,1203,4363,698,404,25,5727,1406,3418,605,1873,17285,4868,1505,91,2106,683,4442,374,734,220,8,130,2430,1038,909,6441,1158,4289,7128,16556,5052,8899,6826,3889,1284,1746,3942,1001,860,6036,2755,2432,4623,821,2409,991,1515,996,5988,74,7703,1147,6284,307,13542,1671,1373,4750,329,681,10340,7571,2127,1663,806,786,83,4,151,29987,43926,2116,5333,1211,2022,5527,2016,3529,81,57506,7136,584,3886,776,4927,1316,6387,663,3910,2645,6129,731,17230,28643,27203,27274,15117,5121,7975,3215,6599,5853,5797,4015,4267,6416,949,2930,817,2810,3191,611,5679,1462,575,256,899,734,607,316,1882,881,416,82,266,227,2879,4058,1053,2946,987,963,3794,2419,1460,866,245,942,598,1652,2546,2898,4016,3946,2760,1116,2687,5089,1333,742,247,243,370,907,223,325,87,30,5,50,72,925,877,18912,0
1945,11691,281,418,31,172,0,2268,7799,373,1247,7562,335,3152,4738,3722,973,5516,7538,5300,10014,18608,930,109,1050,203,687,160,624,5312,3000,18962,12918,0,2492,8989,5947,242,1219,4480,722,426,26,5853,1431,3527,621,1898,17600,4945,1545,91,2177,694,4492,382,744,227,8,135,2485,1057,923,6552,1176,4392,7398,17116,5166,9116,6954,3974,1319,1802,4019,1007,875,6145,2826,2521,4683,856,2512,1013,1547,1013,6154,76,7825,1151,6307,312,13805,1721,1441,4790,332,691,10517,7712,2181,1688,814,796,84,4,152,30756,44786,2164,5435,1241,2087,5719,2040,3573,82,58651,7209,595,3966,784,4987,1325,6534,691,3998,2713,6203,740,17586,29712,27533,27680,15515,5208,8088,3243,6720,5928,5889,4081,4328,6519,965,2988,846,2866,3272,618,5827,1506,580,260,907,745,618,323,1910,901,434,82,267,230,2941,4129,1085,3018,1005,984,3895,2482,1482,884,248,959,603,1689,2601,2985,4135,4020,2808,1145,2741,5158,1356,804,252,245,377,926,225,328,90,32,5,50,77,944,896,19232,1
1946,11721,285,431,31,173,0,2351,8007,382,1305,7709,344,3211,4817,3800,1000,5628,7664,5399,10234,19007,969,111,1070,205,698,162,631,5389,3077,20005,13094,0,2576,9124,6073,245,1233,4565,743,454,28,6027,1480,3627,644,1930,18056,5047,1591,91,2243,715,4560,391,767,232,8,137,2545,1101,934,6711,1194,4509,7671,17696,5347,9364,7090,4045,1359,1849,4119,1025,900,6284,2915,2607,4775,892,2597,1052,1586,1035,6321,77,7991,1154,6352,315,14144,1775,1510,4817,340,706,10757,7904,2233,1718,822,812,85,4,156,31845,45843,2215,5576,1279,2172,5945,2065,3651,83,60257,7299,602,4059,790,5073,1350,6840,722,4100,2801,6293,747,18057,30780,28020,28184,16180,5339,8237,3282,6874,6022,6015,4164,4417,6642,984,3057,860,2930,3375,630,6006,1542,593,267,923,757,630,329,1947,920,462,82,267,233,3040,4223,1108,3098,1040,1025,4038,2553,1503,898,259,975,610,1737,2660,3099,4281,4109,2895,1181,2832,5266,1380,839,257,247,390,947,232,340,93,33,5,51,79,950,920,19602,1
1947,11744,291,437,31,178,0,2428,8212,397,1357,7890,353,3278,4897,3871,1030,5743,7793,5508,10446,19397,1019,115,1089,209,711,164,636,5478,3164,20666,13299,0,2672,9257,6209,249,1266,4626,757,472,29,6201,1524,3708,675,1957,18502,5163,1642,93,2310,733,4646,397,795,239,8,141,2597,1131,951,6917,1224,4603,7950,18265,5496,9639,7223,4134,1402,1907,4200,1045,920,6431,3027,2685,4863,914,2684,1112,1620,1053,6470,81,8201,1160,6393,319,14567,1834,1589,4855,343,723,11078,8098,2281,1753,829,826,89,4,158,32904,46903,2292,5742,1324,2264,6200,2103,3776,83,61898,7381,623,4142,802,5160,1373,7143,740,4244,2890,6439,763,18654,31660,28524,28710,16715,5463,8410,3324,7036,6142,6166,4265,4526,6828,998,3113,889,3007,3448,636,6166,1583,602,279,944,784,646,338,1987,939,480,82,270,234,3156,4333,1143,3218,1088,1061,4141,2663,1530,916,264,1000,622,1789,2739,3251,4425,4197,3016,1227,2934,5391,1405,861,260,247,399,972,237,347,94,34,5,51,81,975,948,20021,1
1948,11772,294,447,31,183,0,2521,8444,416,1396,8085,366,3328,5012,3940,1061,5871,7922,5612,10672,19779,1063,117,1115,210,719,165,648,5566,3234,21172,13494,0,2758,9431,6311,251,1299,4699,778,493,29,6372,1628,3794,716,1996,18938,5272,1701,96,2378,750,4722,412,829,242,8,144,2658,1168,973,7178,1256,4733,8213,18809,5645,9889,7375,4212,1450,1961,4320,1058,944,6573,3155,2781,4987,940,2793,1168,1675,1075,6672,81,8407,1167,6446,324,15043,1886,1666,4899,348,736,11449,8338,2336,1794,837,841,90,4,158,33850,48546,2406,5937,1371,2350,6509,2140,3900,83,63426,7457,643,4218,814,5264,1391,7475,761,4384,2955,6611,771,19150,32385,28973,29184,17042,5628,8617,3371,7255,6290,6362,4393,4624,7013,1024,3184,913,3059,3531,652,6321,1621,612,281,956,807,660,345,2017,955,501,82,270,237,3276,4461,1176,3301,1124,1105,4273,2768,1556,925,269,1014,647,1850,2826,3422,4557,4291,3130,1293,3050,5491,1431,884,264,253,404,986,240,352,94,34,5,51,86,996,977,20457,1
1949,11790,299,452,31,192,0,2631,8722,428,1446,8297,369,3396,5111,4023,1093,5979,8034,5707,10862,20139,1119,121,1136,210,731,168,655,5669,3340,21582,13727,0,2814,9577,6418,258,1320,4798,804,515,30,6495,1731,3872,738,2042,19415,5398,1753,96,2424,764,4828,422,858,252,8,148,2734,1207,1003,7461,1288,4876,8535,19400,5791,10217,7558,4298,1505,2029,4460,1071,964,6732,3267,2861,5113,964,2872,1222,1720,1110,6837,82,8650,1171,6510,328,15524,1956,1727,4952,352,753,11837,8596,2400,1823,847,854,93,4,158,34883,50291,2492,6106,1423,2456,6791,2175,4026,84,64947,7547,655,4317,828,5367,1422,7784,781,4516,3043,6786,777,19702,33207,29460,29670,17479,5753,8835,3425,7525,6441,6542,4528,4746,7227,1044,3258,931,3138,3608,664,6460,1661,622,286,981,831,681,347,2053,975,527,82,270,240,3399,4607,1224,3426,1178,1146,4411,2881,1597,946,277,1037,665,1923,2939,3582,4695,4423,3245,1340,3176,5651,1459,906,265,254,414,997,241,360,97,34,5,51,90,1015,1007,20919,1
1950,11815,309,466,32,198,0,2725,9050,445,1497,8522,379,3463,5218,4124,1165,6114,8200,5815,11078,20545,1166,127,1165,211,747,169,672,5781,3444,21971,14000,0,2888,9710,6555,266,1342,4914,824,537,30,6657,1857,3956,762,2088,19976,5574,1810,96,2482,786,4929,437,894,258,8,152,2813,1249,1035,7747,1339,5016,8897,20048,5984,10533,7720,4402,1588,2116,4598,1098,987,6900,3382,2954,5216,988,2935,1267,1764,1140,7005,83,8980,1180,6555,337,16034,2052,1822,4995,362,772,12303,8854,2481,1866,857,869,103,4,159,36128,51873,2599,6284,1465,2565,7061,2207,4179,87,66825,7624,666,4423,840,5485,1450,8146,807,4682,3181,7037,790,20354,34184,29955,30159,17842,5901,9115,3487,7837,6637,6711,4639,4880,7436,1063,3343,949,3220,3679,680,6631,1692,639,290,1012,848,694,349,2087,984,558,82,270,241,3518,4743,1279,3530,1229,1186,4558,3015,1642,983,285,1058,690,1987,3055,3747,4861,4550,3369,1387,3314,5796,1505,927,269,257,436,1009,244,364,100,34,5,51,94,1041,1046,21536,1
1951,11838,311,472,32,205,0,2844,9282,457,1549,8758,382,3528,5343,4201,1207,6229,8320,5897,11326,20910,1213,129,1206,214,761,172,685,5889,3524,22301,14285,0,2945,9845,6678,272,1364,4988,841,553,30,6858,1940,4045,791,2145,20459,5719,1852,99,2538,807,5047,450,921,267,8,162,2901,1304,1075,8015,1402,5161,9220,20639,6138,10844,7899,4504,1658,2183,4729,1118,1011,7097,3470,3024,5320,1007,3016,1315,1810,1164,7173,83,9291,1182,6612,345,16507,2113,1911,5042,365,779,12676,9137,2568,1905,871,887,106,4,159,37299,53365,2667,6444,1507,2656,7272,2231,4302,90,68719,7718,677,4515,855,5582,1485,8558,829,4827,3263,7220,806,20906,35084,30362,30661,18112,6087,9351,3542,8080,6795,6896,4776,4983,7657,1085,3406,976,3298,3758,696,6809,1729,650,298,1029,867,703,350,2135,1012,580,82,270,244,3647,4905,1320,3626,1273,1215,4660,3138,1668,1019,290,1073,705,2042,3147,3917,5013,4649,3479,1445,3467,5932,1563,955,276,260,450,1027,252,370,102,37,5,53,98,1073,1074,22052,1
1952,11872,318,479,33,210,0,2964,9508,476,1599,8991,395,3602,5441,4281,1246,6343,8460,6003,11561,21341,1251,138,1246,216,770,173,697,5980,3621,22665,14535,0,3005,9966,6807,278,1389,5057,856,570,30,7036,2028,4154,810,2206,20919,5916,1916,99,2588,835,5172,468,956,278,8,168,2961,1360,1113,8298,1466,5311,9505,21254,6281,11147,8062,4596,1725,2264,4867,1140,1042,7300,3554,3095,5427,1026,3105,1373,1851,1188,7321,83,9604,1185,6665,351,16969,2173,2004,5093,368,790,13058,9399,2628,1934,881,908,110,4,164,38514,54552,2745,6615,1540,2731,7520,2259,4419,92,70635,7803,704,4621,873,5665,1519,8944,857,4983,3347,7407,818,21515,36144,30801,31157,18535,6251,9593,3610,8309,6949,7114,4928,5093,7865,1104,3486,997,3364,3852,714,6977,1766,660,306,1043,886,725,357,2173,1027,606,82,273,258,3781,5042,1361,3740,1339,1258,4795,3257,1713,1048,298,1095,724,2105,3235,4091,5148,4756,3575,1488,3614,6095,1623,977,280,264,458,1044,253,372,104,38,5,53,101,1103,1108,22579,1
1953,11909,324,489,33,216,0,3073,9764,486,1653,9198,409,3669,5549,4363,1308,6487,8638,6141,11802,21803,1293,149,1286,216,783,177,715,6103,3718,22936,14801,0,3083,10089,6933,278,1424,5121,871,589,30,7238,2145,4261,833,2260,21393,6094,1972,102,2652,856,5312,485,1005,288,8,172,3044,1417,1143,8591,1528,5444,9814,21861,6462,11494,8249,4683,1784,2350,5000,1161,1066,7481,3642,3138,5528,1039,3185,1424,1886,1214,7490,88,9883,1190,6718,367,17491,2254,2111,5143,373,798,13444,9729,2723,1957,895,932,113,5,165,39575,55777,2832,6788,1574,2803,7788,2294,4563,92,72728,7888,722,4752,895,5737,1547,9313,892,5137,3462,7633,829,22169,37111,31206,31619,18930,6416,9835,3666,8547,7114,7356,5079,5210,8098,1124,3573,1032,3438,3926,726,7180,1798,671,311,1060,909,738,362,2204,1040,619,82,273,264,3957,5197,1416,3852,1412,1300,4910,3375,1755,1094,301,1112,748,2157,3364,4276,5298,4876,3680,1533,3791,6243,1672,998,291,265,465,1067,257,376,108,38,6,53,104,1130,1142,23122,1
1954,11943,332,496,33,221,0,3180,9988,510,1695,9411,416,3721,5644,4456,1363,6631,8816,6291,12087,22318,1342,157,1327,220,791,179,731,6238,3806,23262,14985,0,3140,10205,7063,283,1445,5176,885,603,30,7464,2218,4360,844,2320,21927,6272,2034,103,2702,875,5436,502,1037,307,8,177,3130,1474,1183,8842,1594,5592,10153,22496,6603,11826,8445,4792,1831,2430,5119,1185,1092,7702,3716,3209,5635,1057,3286,1492,1927,1239,7669,90,10201,1196,6780,376,18094,2329,2228,5205,381,813,13850,10043,2827,1991,899,948,115,5,166,39945,57168,2910,6979,1619,2904,8026,2332,4694,92,74883,7983,736,4851,916,5832,1577,9719,907,5282,3620,7810,845,22716,38070,31625,32071,19328,6568,10061,3727,8827,7297,7599,5205,5312,8358,1145,3649,1060,3519,4002,741,7374,1837,679,316,1082,933,759,370,2239,1056,649,82,274,266,4108,5358,1467,3974,1462,1353,5059,3482,1800,1121,306,1130,771,2209,3478,4476,5435,5013,3796,1596,3930,6381,1727,1015,300,270,478,1096,259,382,109,39,6,54,107,1145,1192,23658,1
1955,12032,341,504,33,227,0,3319,10220,531,1753,9613,429,3794,5760,4575,1415,6758,9022,6428,12391,22833,1374,165,1365,227,808,184,743,6380,3921,23593,15192,0,3214,10315,7233,287,1479,5257,893,618,30,7751,2316,4448,858,2381,22487,6475,2095,105,2773,894,5564,515,1104,325,8,179,3215,1537,1211,9097,1641,5726,10501,23229,6754,12203,8643,4885,1894,2523,5275,1207,1132,7936,3809,3282,5767,1080,3385,1547,1981,1262,7880,92,10567,1203,6827,388,18681,2393,2341,5269,391,828,14294,10381,2910,2026,909,972,123,5,168,40250,58614,2985,7165,1675,3009,8260,2362,4842,93,77017,8086,757,4945,939,5929,1612,10199,930,5440,3801,7988,867,23267,39079,31986,32568,19708,6702,10309,3795,9165,7463,7824,5359,5423,8590,1163,3730,1100,3581,4084,753,7572,1891,688,318,1096,967,784,377,2273,1080,678,82,274,267,4294,5511,1517,4082,1523,1393,5203,3612,1841,1151,318,1151,796,2275,3608,4687,5613,5174,3931,1661,4065,6534,1771,1037,310,273,484,1122,260,386,112,43,6,55,117,1169,1240,24276,1
1956,12071,350,522,33,240,0,3446,10480,551,1807,9863,433,3850,5898,4674,1458,6884,9217,6581,12722,23365,1421,171,1415,233,819,187,763,6521,4014,23900,15398,0,3286,10422,7375,288,1500,5352,908,630,33,8015,2405,4539,873,2449,23140,6669,2156,106,2838,930,5707,527,1160,334,8,181,3312,1590,1247,9414,1695,5865,10901,24054,6927,12535,8860,4997,1972,2621,5419,1230,1164,8151,3891,3357,5894,1112,3485,1627,2029,1285,8078,95,10893,1211,6893,402,19275,2450,2470,5332,401,833,14766,10740,2999,2061,914,994,136,5,170,40433,60243,3047,7374,1711,3112,8523,2401,4972,97,79211,8164,767,5041,955,6035,1644,10759,960,5581,4019,8227,883,23800,40084,32358,33024,19988,6853,10592,3858,9461,7640,8097,5515,5548,8827,1180,3801,1127,3653,4180,767,7769,1926,695,322,1112,977,801,382,2302,1090,704,82,274,272,4453,5670,1554,4196,1560,1428,5366,3754,1877,1176,328,1176,814,2335,3727,4915,5806,5325,4063,1721,4185,6653,1810,1062,319,277,492,1161,260,389,119,44,7,58,124,1200,1287,24877,1
1957,12104,356,530,33,249,0,3563,10710,580,1868,10113,443,3921,6040,4784,1506,7031,9436,6700,13027,23865,1472,183,1452,236,831,189,774,6650,4104,24246,15589,0,3407,10548,7530,290,1535,5431,919,642,34,8383,2472,4633,890,2508,23762,6893,2217,107,2900,952,5862,542,1213,355,8,188,3389,1658,1272,9656,1766,6011,11294,24862,7068,12915,9059,5084,2041,2725,5576,1254,1201,8396,4010,3431,5994,1150,3592,1707,2089,1319,8242,99,11262,1219,6966,415,19868,2523,2626,5404,410,842,15242,11066,3085,2102,922,1010,150,5,171,40600,62219,3123,7627,1776,3227,8796,2436,5116,100,81541,8238,785,5153,972,6159,1676,11390,995,5733,4245,8484,899,24402,41173,32766,33453,20282,7062,10911,3946,9794,7811,8361,5691,5662,9035,1206,3886,1152,3727,4291,786,7982,1969,703,328,1135,999,816,391,2334,1107,727,82,275,281,4596,5824,1610,4286,1621,1464,5506,3891,1929,1204,335,1194,837,2385,3835,5121,5996,5480,4152,1792,4286,6764,1868,1076,328,286,501,1194,262,397,123,48,8,58,130,1216,1333,25464,1
1958,12146,367,544,33,263,0,3680,10983,590,1907,10338,450,3981,6185,4920,1571,7180,9650,6861,13337,24397,1522,197,1504,237,849,191,795,6790,4214,24644,15808,0,3507,10650,7683,297,1579,5513,939,659,34,8723,2535,4730,905,2574,24464,7124,2274,108,2968,969,6001,552,1284,371,8,189,3481,1734,1309,9980,1842,6170,11786,25689,7217,13336,9277,5197,2118,2830,5729,1274,1249,8654,4126,3493,6086,1182,3732,1791,2149,1345,8445,101,11602,1228,7029,428,20531,2611,2761,5483,420,849,15732,11454,3175,2129,935,1031,162,5,172,40807,64275,3209,7870,1831,3351,9119,2490,5268,105,83820,8326,797,5261,985,6250,1706,12026,1035,5914,4500,8784,920,24919,42227,33190,33840,20510,7251,11265,4020,10161,8013,8646,5874,5777,9298,1223,3984,1188,3829,4397,801,8225,2012,711,331,1154,1033,836,394,2375,1123,759,82,275,285,4749,5978,1645,4390,1685,1505,5645,4028,1978,1250,346,1215,860,2458,3963,5356,6216,5665,4285,1843,4403,6926,1938,1090,337,290,515,1242,273,401,124,50,8,58,140,1235,1374,26182,1
1959,12187,376,561,35,278,0,3817,11242,613,1981,10578,461,4036,6363,5090,1625,7329,9889,7048,13648,24982,1575,212,1571,239,877,199,811,6941,4325,25031,15989,0,3628,10783,7889,303,1626,5614,949,671,36,9058,2595,4821,916,2646,25162,7373,2346,109,3047,1007,6140,569,1382,394,8,192,3597,1807,1338,10279,1908,6358,12377,26647,7392,13776,9553,5297,2197,2972,5924,1290,1299,8952,4258,3570,6205,1207,3863,1876,2223,1373,8663,104,11999,1237,7103,440,21176,2691,2925,5551,427,861,16296,11910,3296,2162,944,1046,171,5,174,40982,66751,3308,8166,1911,3463,9472,2525,5436,110,86099,8437,812,5375,1003,6381,1743,12574,1072,6067,4813,9094,945,25558,43297,33588,34303,20782,7496,11631,4119,10572,8247,8993,6106,5936,9564,1259,4108,1222,3918,4518,821,8444,2054,725,339,1175,1060,870,399,2412,1140,788,82,275,290,4929,6125,1704,4486,1739,1542,5802,4201,2034,1301,371,1241,887,2542,4096,5598,6428,5850,4447,1913,4528,7044,1999,1101,345,291,534,1294,279,410,131,52,8,59,150,1266,1418,26939,1
1960,12243,384,572,39,299,0,3974,11623,634,2048,10845,475,4113,6582,5261,1802,7518,10144,7260,14038,25627,1635,224,1628,243,904,205,831,7139,4456,25513,16237,0,3746,10937,8125,310,1695,5754,967,686,37,9478,2659,4912,932,2739,26066,7785,2419,113,3128,1031,6324,588,1487,426,8,196,3732,1886,1374,10670,2003,6568,13046,27912,7612,14261,9850,5421,2299,3138,6205,1305,1363,9296,4401,3673,6364,1234,4014,2002,2319,1403,8901,107,12470,1246,7186,459,21837,2783,3113,5661,439,867,17079,12420,3465,2202,958,1077,181,5,176,41253,69686,3436,8536,1985,3615,9853,2588,5612,114,88731,8591,834,5521,1017,6511,1780,13201,1118,6383,5309,9659,974,26325,44722,34154,34810,21129,7763,12126,4247,11096,8544,9406,6350,6095,9887,1295,4275,1261,4038,4646,839,8726,2115,738,347,1198,1098,889,407,2450,1164,815,82,276,295,5161,6328,1778,4611,1813,1581,5982,4424,2111,1381,409,1277,902,2626,4236,5905,6715,6058,4607,2010,4668,7213,2060,1120,364,299,547,1345,282,420,135,53,8,61,157,1301,1474,27938,1
1961,12307,392,584,39,309,0,4087,11983,659,2131,11127,488,4209,6810,5454,1963,7713,10410,7463,14388,26332,1709,238,1685,250,938,210,852,7321,4590,26007,16472,0,3846,11087,8385,314,1733,5895,988,710,38,9826,2717,5053,960,2838,26904,8217,2508,113,3220,1064,6486,614,1578,468,8,201,3859,1964,1418,11082,2076,6801,13779,29175,7834,14768,10134,5549,2410,3320,6422,1328,1428,9623,4557,3738,6497,1263,4218,2102,2415,1432,9137,110,12978,1256,7299,480,22593,2908,3274,5753,449,877,17892,12953,3612,2236,971,1097,196,5,177,41408,72437,3539,8861,2074,3747,10194,2642,5817,120,91383,8713,860,5688,1027,6671,1827,13830,1179,6698,5929,10165,999,27061,46107,34762,35344,21447,8010,12660,4382,11614,8832,9762,6569,6263,10269,1327,4439,1305,4157,4803,862,9001,2164,745,351,1221,1130,914,415,2496,1185,854,82,277,299,5340,6518,1839,4712,1883,1630,6159,4650,2161,1440,431,1305,927,2700,4382,6187,6981,6256,4764,2089,4805,7405,2112,1139,385,304,563,1385,287,435,137,54,9,63,166,1330,1532,28857,1
1962,12391,403,596,39,324,0,4199,12471,696,2198,11450,507,4342,7186,5621,2218,7913,10692,7661,14768,27059,1778,254,1755,256,977,215,874,7500,4747,26562,16746,0,3960,11264,8637,329,1777,6047,1009,731,40,10179,2773,5195,981,2947,28066,8669,2628,116,3315,1118,6641,640,1705,515,8,207,3988,2041,1462,11537,2180,7043,14611,30532,8082,15282,10483,5683,2566,3522,6718,1343,1517,10012,4817,3846,6661,1308,4406,2226,2528,1470,9419,112,13587,1271,7418,502,23272,3003,3532,5853,461,886,18814,13527,3787,2277,985,1122,210,5,179,41556,75487,3666,9254,2184,3901,10605,2708,6043,127,94072,8876,892,5850,1051,6832,1886,14485,1247,7056,8470,11457,1026,27999,47702,35453,35929,21970,8290,13217,4534,12100,9131,10222,6844,6461,10646,1367,4624,1348,4289,4984,894,9299,2218,763,353,1262,1172,943,421,2536,1211,893,82,279,307,5529,6742,1911,4849,1961,1676,6370,4898,2236,1499,474,1332,952,2785,4548,6527,7289,6493,4925,2172,4956,7602,2205,1158,403,312,582,1444,295,454,138,60,10,63,176,1355,1577,29877,1
1963,12479,415,615,39,351,0,4366,12999,724,2272,11822,530,4480,7641,5799,2468,8151,11047,7937,15270,27897,1854,275,1816,264,1032,220,900,7690,4893,27103,17029,0,4089,11428,8911,332,1831,6184,1041,765,40,10562,2833,5347,1020,3069,29357,9067,2757,121,3442,1170,6834,659,1823,553,8,219,4151,2142,1518,12033,2293,7316,15523,32071,8352,15894,10838,5823,2730,3753,7034,1379,1621,10416,5062,3952,6826,1349,4585,2369,2649,1494,9716,114,14253,1289,7540,518,24098,3138,3700,5990,476,904,19771,14191,3982,2313,1003,1155,227,6,181,41699,79040,3785,9706,2281,4026,11073,2786,6280,139,96910,9069,915,6042,1075,7012,1940,15303,1357,7400,10400,12678,1046,29013,49682,36247,36536,22604,8702,13831,4681,12730,9463,10746,7161,6702,11069,1417,4806,1398,4461,5209,930,9647,2275,781,358,1295,1227,965,428,2587,1239,932,83,280,309,5783,6953,1998,4995,2052,1728,6604,5181,2322,1575,515,1367,975,2879,4713,6896,7613,6747,5130,2240,5140,7851,2289,1182,422,320,603,1487,304,463,141,65,10,64,183,1388,1634,30946,1
1964,12580,432,629,41,371,0,4556,13574,778,2362,12221,549,4622,8080,6059,2759,8420,11418,8198,15749,28814,1936,294,1878,265,1090,224,931,7919,5057,27816,17379,0,4239,11649,9230,339,1910,6351,1065,796,41,10977,2890,5504,1048,3222,30784,9561,2878,127,3612,1208,7074,695,1949,606,8,222,4337,2263,1578,12549,2435,7632,16512,33791,8702,16563,11227,5978,2929,4018,7348,1408,1776,10893,5346,4091,7032,1384,4775,2517,2773,1532,10050,114,14896,1306,7649,539,24859,3254,3846,6098,490,914,20751,14974,4227,2353,1021,1194,246,6,182,41860,83575,3937,10239,2392,4178,11526,2895,6542,150,99678,9264,945,6275,1110,7202,2009,16178,1473,7844,12325,13868,1084,30079,51827,37141,37174,23351,9082,14541,4852,13346,9861,11362,7508,6924,11537,1453,5048,1446,4644,5460,954,10092,2330,805,366,1333,1280,1003,436,2645,1274,987,84,283,312,6055,7183,2088,5134,2127,1779,6862,5467,2439,1669,565,1411,992,2969,4862,7243,7926,7019,5312,2342,5296,8132,2402,1205,435,324,623,1528,312,474,144,70,10,64,189,1419,1683,32112,1
1965,12693,444,646,45,396,0,4784,14301,807,2494,12685,574,4762,8534,6281,3046,8732,11799,8491,16289,29722,2020,310,1935,268,1146,234,968,8166,5201,28557,17832,0,4422,11928,9758,346,1997,6545,1098,822,41,11412,2977,5672,1098,3366,32258,10120,3024,132,3788,1267,7277,715,2081,663,8,230,4504,2415,1637,13128,2578,8036,17651,35712,9084,17249,11694,6160,3148,4353,7738,1446,1985,11425,5616,4224,7245,1438,5046,2693,2887,1562,10419,117,15654,1328,7787,566,25970,3363,4056,6236,513,929,21897,15896,4495,2414,1034,1251,255,6,185,42051,87328,4070,10852,2520,4353,12065,2985,6836,168,102675,9527,971,6526,1137,7444,2105,17055,1592,8311,14436,15038,1126,31255,54293,38221,37903,24383,9475,15368,5027,14070,10268,11937,7860,7166,12019,1509,5299,1498,4818,5767,982,10520,2390,826,374,1380,1336,1043,445,2725,1306,1028,84,286,321,6345,7445,2179,5312,2223,1844,7105,5861,2584,1826,631,1468,1008,3052,5053,7686,8298,7330,5499,2452,5511,8458,2514,1238,448,332,637,1562,319,490,149,71,10,67,197,1460,1757,33548,1
1966,12842,464,673,48,420,0,5086,15170,858,2683,13409,615,4936,9073,6522,3332,9198,12322,8923,16928,30984,2137,346,2020,275,1225,245,1002,8467,5391,29539,18465,0,4646,12311,10367,357,2107,6756,1128,861,41,11919,3155,5860,1134,3588,34031,10752,3239,134,3954,1319,7579,751,2253,747,8,244,4721,2599,1712,13852,2745,8516,19000,38353,9572,18178,12303,6386,3433,4713,8223,1498,2310,12134,5982,4371,7525,1508,5419,2904,3055,1611,10975,120,16475,1353,7985,614,27316,3462,4322,6401,525,934,23408,17083,4831,2475,1055,1296,278,6,187,42276,90228,4265,11658,2716,4635,12820,3141,7192,193,106403,9879,1011,6903,1202,7813,2244,18562,1744,8829,16748,16476,1177,32809,57655,40013,38787,26313,10046,16465,5286,15026,10852,12637,8390,7508,12695,1571,5639,1573,5061,6171,1041,11200,2523,883,390,1454,1445,1104,458,2826,1364,1113,84,289,335,6793,7856,2374,5626,2354,1920,7462,6378,2716,2052,733,1526,1028,3228,5342,8279,8920,7732,5747,2603,5775,8856,2657,1281,475,343,661,1615,324,530,150,78,11,70,207,1526,1856,35453,1
1967,13000,487,700,52,450,0,5462,16297,922,2870,14130,660,5146,9679,6819,3635,9721,12926,9407,17632,32513,2275,384,2103,285,1340,255,1055,8895,5621,30679,19249,0,4862,12729,11026,371,2239,7215,1170,920,42,12705,3365,6073,1195,3820,36052,11470,3477,141,4189,1398,8019,792,2472,849,8,256,4982,2800,1828,14680,2929,9073,20649,41423,10226,19303,13016,6699,3728,5091,8836,1563,2730,12961,6366,4560,7834,1592,5891,3173,3244,1659,11725,123,17427,1369,8241,700,28946,3538,4634,6614,543,946,25236,18426,5311,2533,1090,1390,312,6,192,42569,92522,4503,12686,2975,4933,13688,3319,7643,231,111086,10473,1077,7351,1277,8223,2394,20019,1893,9298,19042,18059,1217,34611,61817,41934,39813,28551,10641,17735,5575,16225,11460,13468,8938,7874,13471,1628,6015,1669,5346,6630,1099,11993,2694,928,406,1550,1550,1172,475,2962,1422,1194,84,291,351,7377,8323,2641,6003,2530,2035,7952,6980,2862,2317,872,1601,1039,3442,5711,8992,9707,8171,6067,2776,6168,9323,2828,1343,509,351,700,1674,336,571,153,85,11,71,233,1581,1976,37734,1
1968,13183,518,741,58,492,0,5874,17739,984,3063,14988,723,5370,10339,7042,3928,10330,13620,10053,18488,34091,2437,424,2188,290,1437,268,1094,9400,5918,31964,20263,0,5267,13315,11769,388,2384,7733,1212,983,42,13389,3632,6275,1271,4135,38278,12280,3845,149,4550,1464,8456,845,2718,962,8,279,5325,3099,1964,15661,3160,9777,22524,44992,11023,20567,13867,7078,4100,5622,9584,1641,3244,14016,6841,4828,8207,1696,6359,3419,3501,1708,12437,123,18680,1392,8503,786,30700,3615,4973,6857,561,959,27265,19947,5803,2603,1134,1474,351,6,196,43254,95073,4741,13796,3258,5297,14658,3546,8161,314,116346,11045,1160,7798,1349,8705,2569,22067,2093,9789,21407,19721,1264,36760,66477,44282,41210,30877,11417,19106,5880,17554,12161,14423,9588,8319,14344,1707,6473,1813,5696,7187,1157,12993,2924,1000,424,1654,1722,1234,492,3139,1482,1305,84,297,371,8044,8832,2910,6353,2773,2154,8517,7664,3042,2617,1015,1672,1059,3686,6089,9771,10537,8634,6434,2948,6592,9931,2989,1413,564,368,732,1775,352,635,158,88,11,72,254,1671,2101,40307,1
1969,13346,550,773,63,534,0,6217,18998,1050,3240,15895,761,5666,11066,7334,4231,10854,14233,10602,19304,35503,2606,449,2270,297,1548,286,1143,9890,6192,33165,21476,0,5575,13871,12474,411,2520,8216,1273,1050,44,14051,3841,6469,1341,4401,40485,13277,4228,158,5073,1550,8873,910,3006,1092,8,311,5639,3349,2090,16661,3373,10420,24432,48500,11785,21860,14710,7420,4511,6195,10335,1697,3819,15085,7376,5096,8532,1789,6869,3669,3693,1788,13124,125,19843,1421,8767,856,32609,3665,5283,7104,572,972,29321,21556,6357,2689,1172,1574,381,6,197,44614,97485,4994,14946,3522,5657,15631,3786,8649,427,121812,11600,1216,8189,1394,9150,2753,24156,2321,10352,23669,21194,1321,38908,70846,46936,42721,32963,12114,20436,6161,18820,12736,15431,10198,8757,15087,1789,6893,1936,6008,7747,1226,14034,3120,1065,447,1780,1866,1319,513,3300,1533,1388,84,303,388,8776,9335,3178,6760,3046,2270,9131,8271,3218,2973,1159,1754,1084,3956,6423,10448,11473,9102,6789,3150,7006,10577,3170,1500,607,382,755,1868,366,689,163,92,11,74,269,1775,2231,42771,1
1970,13544,571,806,68,577,0,6628,20425,1119,3416,16911,819,5935,11911,7603,4668,11419,14908,11098,20085,36833,2791,505,2396,309,1670,301,1194,10481,6469,34434,22688,0,5868,14492,13118,434,2662,8666,1332,1133,49,14907,4076,6706,1428,4656,42837,14238,4589,166,5571,1687,9283,978,3315,1226,8,353,6022,3626,2223,17702,3633,11189,26570,52290,12537,23160,15539,7794,4996,6867,11188,1751,4473,16315,8041,5347,8868,1905,7338,4010,3928,1880,13949,128,21144,1475,9035,939,35024,3738,5593,7353,589,994,31652,23165,6971,2777,1205,1664,430,6,203,45606,100544,5249,16122,3805,6033,16560,3986,9215,575,127393,12175,1283,8677,1462,9603,2921,26197,2592,10970,25875,22694,1379,41150,75236,50123,44335,35195,12838,21815,6426,19977,13341,16432,10925,9168,15869,1856,7341,2040,6380,8317,1308,15030,3317,1129,484,1875,2050,1398,524,3506,1594,1482,84,304,407,9544,9819,3425,7153,3337,2401,9790,8913,3416,3576,1280,1842,1116,4228,6780,11128,12425,9625,7120,3357,7433,11281,3346,1582,672,396,780,1965,376,739,172,98,11,75,287,1856,2388,45401,1
1971,13717,593,830,75,612,0,7194,21631,1191,3586,17904,867,6146,12635,7809,4989,11987,15525,11589,20884,38141,2968,549,2505,316,1775,318,1241,11077,6753,35582,23804,0,6187,15097,13723,452,2828,9121,1398,1229,52,15614,4315,7010,1514,4959,45081,15099,4898,175,6041,1821,9680,1028,3604,1322,8,420,6415,3878,2351,18705,3922,12045,28783,56065,13354,24459,16371,8162,5516,7591,12085,1803,5136,17595,8654,5603,9214,2014,7834,4283,4177,1984,14774,129,22285,1515,9299,1055,37365,3811,5931,7608,610,1014,33735,24775,7597,2861,1247,1766,465,6,205,46465,103287,5457,17244,4083,6419,17611,4202,9779,762,132497,12669,1338,9261,1519,10026,3067,28218,2844,11499,27635,24293,1429,43316,79513,52736,45923,37232,13403,23204,6695,20964,13892,17430,11666,9554,16704,1923,7822,2161,6712,8913,1400,16182,3540,1188,523,1995,2276,1465,541,3711,1647,1570,84,311,422,10246,10302,3640,7537,3571,2510,10420,9513,3589,4317,1386,1928,1137,4453,7079,11826,13109,10023,7521,3567,7810,12057,3521,1649,718,411,814,2073,394,809,176,101,11,79,305,1932,2515,48041,1
1972,13857,616,870,78,656,0,7760,22961,1251,3755,19001,926,6352,13399,8029,5346,12527,16162,12077,21686,39439,3130,587,2637,324,1883,335,1305,11775,7012,36711,24882,0,6435,15771,14367,466,3005,9683,1593,1328,56,16343,4565,7309,1588,5257,47390,15956,5223,185,6454,1976,10089,1095,3902,1455,8,523,6856,4113,2484,19925,4220,12886,31046,60034,14118,25781,17288,8511,6043,8348,13098,1870,5917,18993,9279,5869,9617,2152,8311,4592,4437,2053,15687,129,23419,1550,9626,1170,39991,3877,6297,7863,630,1039,35858,26827,8325,2927,1296,1846,522,7,208,47471,106143,5703,18344,4357,6785,18590,4416,10356,971,137540,13201,1411,9915,1586,10434,3238,30161,3160,12073,29471,25993,1498,45656,84185,55307,47464,39314,13924,24553,6959,21894,14466,18443,12514,9985,17593,1979,8292,2284,7048,9586,1513,17391,3767,1260,552,2134,2543,1556,567,3953,1708,1683,85,318,444,10972,10868,3817,7971,3795,2641,11155,10106,3777,4997,1495,2062,1166,4655,7391,12463,13731,10437,7887,3821,8234,12805,3746,1721,769,419,849,2164,403,858,179,107,12,81,315,2026,2640,50885,1
1973,13991,638,897,82,707,0,8312,24366,1318,3967,20147,990,6563,14107,8273,5689,13058,16760,12545,22503,40925,3316,628,2776,328,1998,347,1353,12415,7248,37833,25858,0,6793,16467,15052,480,3171,10281,1796,1426,58,17062,4817,7686,1680,5575,49604,16806,5554,207,6789,2131,10464,1141,4278,1584,8,622,7318,4385,2611,21162,4483,13843,33505,64597,14966,27205,18182,8922,6661,9151,14176,1935,6805,20566,9945,6163,9947,2307,8891,4888,4758,2125,16363,131,24679,1569,9949,1321,42567,3962,6719,8234,659,1059,38175,28631,9024,2998,1329,1942,586,8,209,49638,109550,5895,19432,4624,7157,19699,4660,10991,1165,142533,13699,1499,10617,1643,10797,3451,32099,3593,12609,30885,27258,1586,47980,90101,58190,49003,41597,14424,25931,7274,22771,15013,19596,13333,10424,18651,2028,8765,2443,7414,10288,1619,18874,4033,1324,594,2297,2788,1642,593,4217,1799,1799,86,333,474,11611,11458,4005,8399,4021,2789,11971,10712,3987,5678,1626,2166,1193,4931,7738,13097,14367,10917,8280,4182,8621,13608,3897,1799,817,431,891,2231,410,896,185,113,13,83,327,2100,2784,53947,1
1974,14164,655,946,87,767,0,8776,25717,1378,4197,21458,1064,6783,14945,8528,6026,13568,17368,13103,23317,42554,3471,670,2941,337,2134,371,1426,13162,7525,39132,26689,0,7149,17254,15968,508,3328,10925,1910,1573,68,17837,5141,8195,1833,5940,51886,17674,5877,220,7065,2395,10907,1186,4675,1722,8,700,7849,4659,2762,22805,4815,14981,36006,69899,15945,28746,19233,9365,7223,9998,15361,2014,7738,22304,10756,6500,10383,2447,9584,5193,5063,2210,16994,134,26362,1602,10277,1488,45411,4078,7283,8635,690,1076,40926,30610,9853,3058,1361,2042,633,11,210,50898,113183,6107,20738,4934,7577,20930,4926,11631,1380,147728,14166,1567,11722,1708,11131,3664,34028,4100,13139,32060,28438,1675,50563,96067,61027,50513,44592,14896,27540,7532,23769,15647,20732,14219,10937,19790,2087,9253,2605,7798,11116,1743,20357,4287,1416,648,2459,3081,1746,621,4522,1891,1909,86,341,508,12404,12051,4219,8896,4295,2923,12955,11436,4184,6375,1752,2310,1216,5281,8211,13776,15038,11496,8750,4485,9063,14533,4105,1877,868,449,916,2332,425,936,192,114,14,86,334,2196,2920,57196,2
1975,14315,681,980,91,836,0,9204,27083,1446,4398,23030,1129,7039,15776,8825,6410,14124,18079,13707,24280,44405,3627,723,3110,345,2270,395,1478,13957,7826,40568,27708,0,7608,18019,16846,532,3472,11669,2033,1770,84,18648,5478,8808,2041,6296,54353,18575,6236,231,7350,2598,11357,1248,5102,1867,10,784,8397,4994,2918,24619,5143,16149,38684,75839,16948,30487,20427,9852,7805,10913,16841,2122,8623,24133,11660,6827,10728,2615,10330,5523,5324,2311,17669,136,28094,1634,10662,1698,48436,4249,7939,9093,712,1094,44102,32758,10827,3114,1390,2153,688,13,213,51893,117933,6329,22211,5235,8073,22114,5197,12261,1574,153163,14643,1651,12720,1773,11523,3893,36098,4618,13686,33395,29774,1752,53227,102197,63808,52118,47802,15509,29127,7813,24792,16307,21942,15126,11408,20932,2157,9781,2767,8239,11991,1858,22082,4614,1502,701,2665,3426,1867,652,4833,1977,2101,86,348,545,13195,12795,4443,9417,4623,3038,13950,12213,4404,7048,1890,2498,1247,5721,8757,14571,15715,12116,9223,4839,9603,15547,4329,1965,915,460,953,2469,440,985,197,116,14,88,345,2323,3097,60606,2
1976,14474,702,1046,101,915,0,9586,28476,1514,4599,24656,1202,7299,16634,9119,6766,14721,18845,14295,25263,46362,3810,769,3281,356,2422,414,1546,14909,8139,41923,28663,0,8021,18768,17754,568,3655,12445,2171,1925,96,19478,5859,9448,2170,6706,56773,19548,6516,246,7701,2782,11822,1313,5519,2004,11,878,9007,5395,3096,26720,5546,17454,41470,82326,17940,32332,21652,10326,8434,11914,18377,2202,9642,26143,12614,7175,11158,2796,11203,5864,5647,2408,18369,139,30168,1675,11062,1943,51735,4424,8493,9573,737,1107,47682,34981,11920,3211,1437,2303,732,14,219,52794,124531,6572,23814,5582,8639,23364,5480,13034,1807,158740,15144,1774,13941,1857,11878,4120,38512,5192,14248,34874,31241,1880,55946,108829,66877,53826,51436,16021,30710,8104,25736,16874,23076,16085,11868,22072,2225,10338,2919,8750,12997,2008,23978,4962,1595,752,2868,3755,1967,687,5183,2075,2268,86,359,585,13959,13588,4661,10040,4930,3161,15059,12989,4640,7854,2036,2746,1272,6197,9393,15467,16549,12735,9747,5240,10169,16658,4575,2055,958,487,996,2639,462,1022,203,118,15,90,367,2458,3265,64363,3
1977,14656,727,1106,109,1004,0,9985,29890,1581,4828,26260,1277,7578,17599,9517,7171,15303,19670,14939,26332,48365,4025,836,3492,364,2561,445,1620,15819,8493,43284,29641,0,8497,19595,18567,587,3837,13145,2283,2072,125,20534,6244,10037,2291,7199,59302,20452,6824,258,7993,2967,12290,1376,5929,2155,12,973,9591,5840,3290,28831,5872,18722,44236,88976,19046,34321,22856,10863,9007,12894,19926,2281,10617,28366,13668,7577,11523,2992,12112,6256,5996,2474,19007,142,32430,1708,11384,2208,55263,4579,9196,10051,762,1124,51330,37163,13009,3270,1473,2464,777,15,219,54316,134296,6801,25463,5925,9212,24555,5773,13826,2055,164443,15595,1917,15139,1942,12302,4356,41384,5940,14793,36685,32768,1979,58906,115191,70507,55557,54766,16605,32455,8414,26803,17442,24213,17070,12413,23196,2286,10870,3098,9279,14067,2104,25808,5257,1678,796,3107,4079,2075,715,5454,2180,2424,86,369,634,14739,14329,4895,10674,5292,3330,16158,13807,4878,8634,2142,2999,1289,6748,10104,16418,17396,13356,10271,5682,10847,17864,4874,2148,1025,504,1037,2821,497,1063,209,124,15,95,392,2580,3467,68214,3
1978,14864,754,1148,121,1092,0,10372,31338,1645,5054,27729,1365,7837,18555,9929,7642,15829,20440,15572,27324,50238,4209,919,3666,379,2680,460,1699,16791,8844,44792,30446,0,8996,20321,19494,603,4042,13945,2380,2197,151,21543,6569,10591,2442,7657,62055,21386,7153,270,8267,3140,12799,1432,6343,2297,13,1070,10117,6264,3518,30850,6183,19939,46947,95432,20049,36302,24059,11395,9586,13910,21567,2360,11551,30555,14576,7997,11886,3206,13040,6632,6312,2551,19624,146,34698,1751,11807,2508,58950,4735,9787,10562,819,1142,54895,39141,14072,3321,1504,2567,797,15,224,56366,146515,7066,27188,6245,9699,25692,6037,14579,2329,170014,16062,2058,16302,2028,12735,4546,44499,6657,15424,38847,34550,2079,61678,120948,73578,57089,57738,17166,34242,8691,27933,18066,25391,18037,12933,24368,2347,11469,3268,9745,15022,2196,27478,5538,1758,850,3322,4389,2169,751,5716,2273,2604,86,374,666,15481,15012,5134,11223,5592,3475,17227,14614,5089,9403,2278,3251,1321,7311,10897,17401,18281,14008,10824,6147,11423,18958,5134,2230,1057,519,1064,2980,513,1102,216,126,16,98,407,2698,3652,72145,3
1979,15063,776,1200,133,1173,0,10762,32892,1710,5253,29110,1445,8111,19406,10421,8193,16362,21201,16117,28226,51970,4396,973,3845,391,2802,487,1749,17900,9244,46311,31088,0,9461,21066,20392,632,4236,14542,2480,2295,181,22604,6908,11115,2560,8198,65196,22256,7423,286,8511,3332,13260,1489,6722,2426,14,1146,10713,6648,3714,32717,6425,21092,49704,102575,21053,38263,25335,11946,10219,14846,23375,2432,12396,32607,15449,8373,12211,3447,13941,7031,6603,2632,20190,152,37014,1803,12207,2753,62706,4903,10425,11044,889,1159,58117,40972,15097,3370,1547,2665,831,18,226,57548,161494,7307,28846,6564,10192,26811,6317,15300,2651,175018,16627,2167,17240,2100,13154,4758,47389,7244,16040,40886,37171,2191,64296,125595,75552,58632,59914,17740,36013,8980,29056,18678,26647,19027,13458,25483,2409,12137,3446,10188,15974,2328,29135,5805,1845,896,3535,4692,2258,781,5951,2393,2800,86,379,694,16235,15690,5336,11690,5848,3590,18179,15388,5304,10157,2426,3494,1356,7796,11707,18443,19117,14733,11383,6691,12014,19878,5418,2320,1083,541,1100,3140,528,1139,219,127,16,102,416,2830,3832,75843,3
1980,15351,799,1269,138,1268,0,11104,34477,1796,5483,30487,1518,8389,20330,11084,8961,16854,21909,16602,29047,53580,4535,1036,4058,402,2924,507,1823,19236,9646,47883,31686,1,9798,21677,21112,657,4442,15107,2573,2406,208,23703,7271,11603,2664,8780,69131,23163,7652,303,8827,3503,13674,1562,7123,2592,15,1219,11250,7110,3939,34563,6730,22302,52545,109606,21982,40303,26591,12492,10799,15815,25199,2521,13113,34773,16290,8729,12627,3694,14686,7450,6866,2715,20703,159,39554,1883,12537,2980,66694,5076,10944,11395,932,1179,60771,42648,16152,3430,1585,2741,871,19,229,58401,181155,7533,30481,6880,10622,28076,6598,16216,2966,178384,17092,2249,18025,2156,13587,4929,49435,7677,16908,42754,41357,2322,67120,129087,77767,61043,61499,18323,37785,9297,30166,19298,27940,19899,13915,26533,2466,12822,3627,10630,16981,2431,30894,6112,1931,944,3748,5021,2355,809,6236,2523,2978,86,387,719,16979,16338,5550,12167,6111,3687,19131,16242,5542,10859,2560,3712,1374,8350,12540,19470,19970,15531,11942,7189,12584,20802,5760,2410,1120,554,1135,3340,539,1185,226,131,16,105,422,2947,3985,79717,5
1981,15598,825,1344,140,1359,0,11403,36160,1866,5708,31721,1600,8707,21401,11589,9644,17374,22643,17118,29882,55173,4693,1105,4274,419,3028,535,1881,20371,10017,49379,32228,1,10163,22261,21841,673,4607,15687,2636,2489,240,24677,7601,12070,2781,9327,73748,24005,7825,323,9133,3639,14094,1623,7491,2758,17,1298,11802,7518,4210,36351,7163,23503,55425,116629,22930,42318,27897,13037,11415,16712,26995,2601,13852,36856,17118,9076,13006,3889,15442,7914,7173,2807,21260,163,42544,1936,12760,3165,70316,5268,11506,11772,966,1204,63203,44306,17206,3483,1606,2809,951,20,232,59631,200801,7739,32398,7240,11098,29394,6868,17238,3257,181277,17555,2324,18675,2225,14054,5113,51268,7934,17745,44413,46346,2413,70005,131968,80013,63672,62908,18923,39698,9628,31340,19907,29215,20732,14466,27543,2543,13523,3804,11128,17998,2525,32625,6384,2004,992,3941,5344,2443,844,6570,2666,3166,86,391,747,17701,17128,5748,12620,6328,3760,20089,17186,5758,11542,2687,3937,1411,8848,13428,20653,20858,16480,12563,7716,13166,21850,6112,2513,1172,572,1173,3543,559,1243,231,136,16,108,436,3063,4174,83511,5
1982,15910,846,1401,146,1440,0,11668,38151,1941,5951,33164,1691,9058,22470,12140,10422,17935,23451,17675,30762,56934,4848,1165,4489,431,3125,561,1954,21702,10416,50970,32791,1,10488,22844,22398,694,4795,16370,2685,2579,279,25652,7858,12579,2895,9814,79199,24807,8033,336,9434,3801,14519,1681,7897,2892,19,1397,12354,7970,4517,38106,7527,24680,58493,124122,23896,44402,29259,13582,12028,17670,28754,2694,14660,38846,17972,9467,13339,4122,16064,8487,7447,2914,21895,172,46298,2004,12982,3362,74215,5525,12339,12241,984,1236,65731,45964,18191,3546,1635,2889,1037,20,235,60887,221681,7964,34391,7602,11569,30912,7170,18251,3565,184158,18045,2401,19319,2275,14541,5275,53050,8228,18675,45609,51514,2482,72991,134799,82367,66332,64260,19525,41761,9994,32496,20476,30464,21550,15002,28581,2604,14184,3973,11637,19015,2625,34455,6699,2076,1028,4148,5659,2529,872,6901,2833,3336,86,394,770,18365,17884,5932,13057,6581,3842,21019,18109,5969,12128,2822,4186,1445,9315,14274,21749,21656,17388,13171,8251,13766,22957,6531,2624,1209,583,1231,3770,579,1303,240,139,16,110,456,3185,4302,87474,5
1983,16191,872,1465,152,1526,0,11908,40241,2029,6206,34526,1812,9461,23487,12723,11236,18510,24322,18230,31649,58631,4990,1215,4714,446,3252,583,2020,23117,10846,52582,33419,2,10825,23492,23036,720,4965,16916,2748,2648,328,26582,8104,13115,3034,10364,84915,25573,8279,353,9747,3964,14925,1757,8273,3045,23,1498,12905,8410,4849,39883,7924,25924,61705,131375,24826,46651,30708,14150,12572,18578,30499,2808,15348,40797,18933,9884,13657,4376,16770,9076,7740,2986,22533,176,50433,2131,13208,3551,77998,5807,13283,12772,996,1265,68251,47505,19127,3595,1680,2968,1125,22,240,62792,243107,8175,36307,7952,12117,32396,7472,19266,3890,186975,18573,2495,20035,2323,15061,5449,54880,8578,19565,46727,56871,2586,76174,137563,84835,69107,65608,20156,44215,10329,33612,21068,31603,22344,15523,29543,2675,14818,4128,12192,19998,2747,36342,7008,2150,1072,4385,6054,2604,920,7234,2973,3516,86,399,788,18991,18595,6161,13572,6818,3935,22036,19070,6185,12775,2956,4469,1492,9755,15007,22885,22442,18274,13771,8797,14353,24132,6996,2721,1241,597,1271,3970,601,1361,246,144,16,113,474,3303,4478,91240,5
1984,16442,904,1530,155,1611,0,12133,42382,2131,6455,35848,1941,9855,24473,13334,11909,19104,25236,18834,32630,60354,5170,1275,4959,467,3355,619,2061,24429,11293,54372,34002,2,11209,24235,23661,744,5154,17459,2814,2709,370,27583,8385,13671,3140,10923,90801,26378,8534,366,10098,4108,15410,1826,8644,3199,25,1576,13483,8840,5165,41785,8248,27243,64915,138879,25737,49007,32207,14786,13122,19518,32332,2910,16043,42869,19851,10292,14000,4643,17444,9667,8010,3094,23209,179,54727,2218,13436,3758,82257,6121,14302,13402,1014,1281,70845,49114,20054,3655,1725,3046,1218,22,241,65716,266363,8416,38230,8298,12654,33860,7755,20294,4166,189984,19122,2581,20712,2384,15596,5634,56750,9051,20442,47678,62122,2669,79404,140504,87504,72152,66900,20814,47197,10668,34840,21720,32866,23188,16078,30505,2744,15448,4358,12750,21080,2866,38187,7339,2240,1119,4653,6384,2672,963,7584,3132,3663,86,406,807,19633,19313,6379,14044,7064,4021,23155,20110,6397,13386,3095,4751,1534,10203,15812,24084,23276,19095,14403,9232,14966,25324,7511,2850,1273,607,1312,4220,621,1416,253,145,16,115,494,3408,4646,95045,5
1985,16724,931,1593,165,1697,0,12355,44520,2223,6719,37173,2058,10261,25556,14050,12529,19617,26135,19448,33662,62101,5323,1344,5236,482,3435,655,2138,25720,11664,56363,34548,3,11561,24896,24344,767,5340,18023,2867,2768,411,28604,8602,14199,3243,11440,96836,27232,8750,379,10443,4273,15846,1895,9070,3356,31,1666,14071,9262,5466,43401,8504,28550,68145,146055,26668,51242,33711,15408,13628,20465,34224,3011,16731,44948,20708,10727,14269,4926,18122,10283,8271,3217,23825,185,58986,2304,13678,3976,86068,6403,15215,14097,1023,1294,72758,50613,20953,3726,1761,3123,1293,22,247,73092,289703,8618,40066,8661,13118,35228,8014,21359,4462,193275,19576,2645,21428,2450,16141,5806,58580,9503,21197,48689,67639,2769,82666,143636,90091,75341,68185,21461,49943,11066,36114,22298,34155,24026,16575,31427,2817,16083,4565,13331,22143,2972,40011,7667,2321,1165,4888,6730,2751,994,7946,3277,3838,86,409,823,20251,19992,6573,14493,7298,4108,24204,21156,6588,14050,3222,5010,1567,10609,16490,25265,24086,19985,14991,9678,15592,26515,7985,2968,1302,620,1353,4489,634,1495,256,149,16,121,515,3517,4824,98765,6
1986,16961,955,1683,167,1770,0,12533,46281,2302,6971,38453,2174,10711,26542,14873,13133,20162,27025,20072,34713,63820,5480,1409,5465,497,3527,677,2198,27027,12100,57829,35145,4,11895,25564,25026,787,5487,18517,2912,2825,457,29579,8765,14687,3329,11960,102385,28104,8973,393,10793,4429,16327,1953,9413,3492,35,1767,14652,9628,5741,44941,8742,29770,71281,153055,27451,53312,35295,15991,14123,21408,35962,3125,17333,46938,21478,11191,14558,5243,18792,10888,8510,3329,24443,192,63089,2408,13960,4181,90423,6706,15939,14802,1052,1324,74197,52057,21848,3801,1794,3220,1395,22,250,76107,310715,8804,41987,8979,13533,36484,8216,22288,4765,196564,20008,2727,22156,2514,16659,6011,60156,9791,21990,49773,72706,2841,85740,147000,92751,78506,69489,22152,52484,11380,37380,22893,35387,24772,17080,32420,2878,16703,4748,13833,23256,3071,41795,7998,2389,1220,5128,7075,2812,1037,8262,3405,4070,86,416,844,20806,20652,6751,14953,7536,4187,25266,22297,6785,14702,3352,5235,1608,10955,17143,26460,24935,20792,15537,10087,16239,27514,8470,3084,1345,633,1403,4818,651,1559,262,152,16,121,533,3650,4998,102242,6
1987,17250,974,1740,179,1853,0,12766,48246,2377,7254,39734,2308,11096,27703,15723,13783,20711,27972,20680,35766,65586,5652,1467,5690,512,3632,707,2268,28229,12491,59244,35726,7,12202,26279,25696,811,5681,19001,2966,2879,492,30717,8961,15199,3414,12504,108471,28978,9190,410,11182,4598,16729,2025,9756,3627,46,1859,15280,9997,6026,46480,8979,31001,74484,159814,28210,55449,36914,16580,14696,22310,37778,3248,17982,48986,22256,11653,14881,5518,19430,11519,8766,3434,25053,199,66989,2502,14180,4326,94491,6974,16509,15558,1072,1348,75637,53492,22771,3893,1827,3309,1481,22,253,79563,334954,9020,43958,9362,13935,37768,8438,23215,5074,199854,20514,2787,22925,2560,17143,6195,61794,10131,22874,51204,77311,2957,89031,150554,95360,82034,70866,22856,55001,11739,38515,23509,36638,25570,17594,33430,2933,17423,4932,14326,24339,3187,43801,8368,2481,1276,5362,7433,2864,1076,8585,3491,4223,86,416,879,21377,21325,6945,15415,7767,4270,26273,23383,6963,15447,3459,5405,1656,11286,17701,27551,25724,21535,16080,10479,16836,28501,8989,3194,1379,646,1428,5098,667,1614,267,158,18,125,550,3760,5136,105893,6
1988,17493,1005,1790,184,1960,0,12984,50292,2461,7581,41139,2424,11503,28882,16595,14543,21313,28947,21307,36853,67359,5800,1536,5921,522,3715,735,2322,29508,12853,60664,36335,9,12633,27040,26421,836,5869,19549,3020,2947,543,31857,9149,15722,3489,13107,114987,29818,9461,427,11601,4757,17223,2081,10104,3755,66,1956,15920,10377,6372,48017,9212,32270,77785,166847,29004,57717,38468,17195,15272,23256,39811,3356,18717,51053,23027,12094,15176,5801,20054,12213,9063,3547,25654,218,70662,2583,14371,4463,98928,7224,17107,16216,1105,1369,77084,55074,23667,3985,1866,3411,1564,23,258,84306,360275,9240,45975,9734,14343,39089,8677,24170,5380,203434,20944,2848,23663,2616,17572,6376,63410,10476,23782,52662,81915,3045,92357,153988,97884,85488,72614,23549,57583,12122,39828,24080,37914,26376,18104,34483,2999,18131,5160,14830,25405,3296,45726,8662,2554,1322,5570,7784,2943,1106,8916,3611,4385,86,428,913,21946,22027,7129,15816,8025,4345,27312,24431,7097,16182,3572,5540,1693,11607,18246,28662,26458,22233,16611,10855,17455,29495,9485,3308,1403,664,1465,5334,682,1672,273,161,18,129,564,3854,5268,109582,6
1989,17715,1034,1828,188,2060,0,13152,52324,2556,7949,42617,2553,11896,30103,17474,15373,21870,29916,21938,37947,69162,5948,1620,6142,533,3804,761,2387,30684,13197,62214,36957,12,13067,27985,27192,855,6079,20117,3068,3003,600,33035,9357,16345,3540,13665,121760,30756,9694,441,12026,4940,17745,2147,10461,3921,107,2080,16609,10801,6727,49610,9426,33554,81304,174064,29816,60004,40040,17831,15827,24248,41912,3471,19469,53297,23734,12580,15481,6102,20714,12951,9354,3660,26223,230,74693,2685,14572,4640,103072,7486,17794,16886,1193,1391,78525,56661,24593,4055,1911,3496,1656,24,260,90162,384573,9448,48129,10127,14785,40512,8917,25151,5699,207025,21396,2920,24406,2672,18052,6613,65072,10826,24780,54291,86371,3177,95686,157371,100464,88986,73984,24286,60435,12533,41149,24643,39250,27211,18621,35612,3061,18809,5357,15311,26453,3423,47684,8967,2631,1355,5774,8164,2999,1137,9237,3715,4548,86,441,929,22537,22749,7367,16252,8279,4408,28411,25679,7257,17001,3687,5707,1716,11918,18784,29749,27252,22867,17143,11400,18100,30471,9994,3421,1445,680,1495,5553,696,1736,279,165,18,133,588,3952,5396,113117,6
1990,18005,1067,1877,191,2149,0,13292,54594,2655,8292,44067,2667,12302,31485,18771,16265,22484,30947,22616,39100,71098,6110,1699,6399,553,3907,789,2483,32070,13610,63963,37593,16,13504,28742,28153,888,6322,20790,3102,3070,715,34388,9590,17090,3602,14223,128447,31725,9968,467,12521,5138,18272,2198,10811,4084,198,2220,17347,11202,7124,51333,9688,34789,85056,181391,30752,62668,41869,18447,16447,25280,44193,3559,20317,56029,24385,13094,15793,6362,21371,13707,9660,3814,26796,243,79999,2799,14770,4827,107562,7843,18547,17668,1293,1426,79790,58334,25679,4147,1954,3589,1726,27,266,95693,408907,9648,50316,10502,15241,42080,9145,26167,6001,210960,21884,2991,25214,2721,18606,6777,66921,11228,25779,55780,90934,3299,99090,161042,103139,92789,75456,25089,63481,12928,42555,25202,40421,28110,19193,36773,3129,19506,5553,15780,27581,3543,49792,9333,2715,1403,6018,8561,3061,1171,9606,3845,4701,86,451,959,23137,23528,7620,16780,8512,4483,29632,27009,7435,17956,3804,5891,1759,12313,19452,30939,28114,23621,17740,11907,18797,31508,10492,3531,1490,690,1520,5771,709,1792,283,166,19,135,609,4051,5533,116611,8
1991,18233,1103,1938,197,2231,0,13438,56732,2742,8653,45677,2775,12748,32935,20094,16963,23103,32156,23391,40421,73221,6282,1766,6597,571,4037,825,2564,33262,13967,65728,38234,27,13902,29543,29151,914,6502,21463,3135,3144,834,35896,9825,17885,3699,14779,135337,32681,10197,488,13035,5394,18833,2258,11150,4242,355,2380,18035,11665,7542,53138,10052,36066,88702,188649,31633,65367,43764,19059,17105,26334,46619,3655,21092,58779,25008,13621,16142,6677,21983,14584,9983,3972,27350,272,85808,2913,14990,4989,111765,8193,19542,18648,1459,1462,80721,60067,26786,4222,1987,3679,1806,28,267,99594,427546,9927,52716,10853,15693,43698,9377,27235,6307,215086,22436,3071,26099,2790,19186,6995,68973,11576,26573,57947,95755,3407,102550,165547,106075,96829,76964,25908,66493,13339,44003,25708,41565,29055,19762,37995,3200,20215,5751,16353,28861,3652,51964,9725,2807,1454,6268,8990,3135,1206,9963,3999,4856,86,466,994,23703,24393,7879,17342,8796,4567,30882,28207,7614,19036,3911,6071,1797,12697,20135,32214,28924,24261,18334,12377,19476,32669,10933,3632,1543,712,1559,6019,733,1846,286,169,21,141,625,4114,5669,119884,9
1992,18430,1139,1995,201,2338,0,13555,59024,2820,8987,47361,2889,13201,34506,21368,17725,23747,33432,24175,41806,75432,6476,1847,6889,590,4163,859,2663,34572,14396,67453,38865,34,14235,30505,30119,944,6751,22122,3189,3237,911,37485,10073,18743,3772,15472,142124,33669,10441,512,13559,5642,19351,2331,11442,4375,683,2544,18752,12160,7982,54999,10368,37295,92521,195624,32544,68228,45847,19678,17817,27433,49188,3737,21911,61777,25554,14192,16536,6945,22695,15359,10277,4157,27846,292,91810,3003,15222,5157,116053,8565,20531,19662,1693,1505,81590,61942,27949,4305,2034,3762,1873,29,269,101993,440939,10206,55079,11245,16189,45242,9600,28420,6673,219872,22998,3178,26914,2854,19787,7214,71257,11910,27461,60575,101256,3524,106397,171518,109286,101110,78615,26654,69927,13733,45414,26212,42612,29980,20349,39138,3273,20920,5933,16983,30381,3829,54193,10124,2897,1501,6582,9421,3213,1249,10352,4155,5047,86,483,1045,24317,25244,8166,17885,9028,4668,32177,29303,7773,20051,4021,6213,1829,13059,20699,33383,29802,24801,18883,12891,20129,33871,11408,3740,1595,730,1585,6220,753,1896,293,172,22,142,644,4196,5818,123181,15
1993,18647,1168,2062,202,2428,0,13688,61232,2888,9389,49022,2996,13654,35922,22583,18602,24441,34680,25004,43169,77682,6668,1923,7116,617,4268,897,2756,35949,14842,69306,39551,45,14622,31413,31154,973,6973,22792,3246,3303,1005,39418,10337,19546,3825,16321,149252,34642,10701,540,14159,5902,19865,2395,11765,4468,1022,2713,19548,12655,8407,57055,10678,38432,96311,202706,33449,71167,47884,20269,18489,28568,51820,3864,22723,64793,26057,14820,16914,7226,23439,16145,10617,4330,28378,330,97949,3121,15513,5341,120087,8957,21649,20754,1987,1562,82492,63981,29108,4376,2079,3872,1951,29,273,104942,453334,10453,57546,11588,16665,46783,9845,29510,6999,224840,23598,3305,27730,2934,20421,7454,74265,12220,28440,63102,106652,3665,110340,177376,112577,105919,80633,27411,73186,14116,46663,26663,43552,30932,20861,40309,3345,21565,6130,17591,31851,3983,56525,10506,3000,1563,6865,9886,3286,1297,10738,4292,5215,87,496,1086,24839,26158,8446,18413,9302,4751,33582,30421,7941,20952,4105,6359,1859,13409,21229,34614,30629,25253,19397,13402,20754,35208,11824,3861,1639,755,1617,6442,769,1958,300,174,23,144,661,4284,5963,126335,22
1994,18889,1191,2106,207,2532,0,13822,63416,2963,9745,50702,3084,14092,37322,23734,19456,25142,35948,25818,44482,79977,6855,2004,7343,633,4397,933,2864,37309,15349,71498,40231,55,15057,32408,32143,1003,7181,23510,3310,3381,1089,41272,10609,20351,3903,17249,155651,35656,10930,567,14648,6185,20354,2445,12153,4606,1442,2847,20285,13171,8830,59217,10964,39689,99964,209747,34375,73981,49886,20803,19223,29755,54662,3977,23576,67832,26524,15436,17311,7537,24333,16941,10959,4547,28841,411,103918,3245,15767,5478,124351,9436,22775,21859,2275,1642,83367,65982,30349,4458,2133,3983,2025,29,277,106993,464002,10674,59895,11983,17134,48398,10078,30605,7339,230263,24152,3425,28626,3007,21024,7683,77714,12593,29429,65801,111468,3795,114503,183639,115801,110828,82714,28174,76552,14517,47941,27112,44390,31889,21336,41476,3409,22173,6304,18213,33412,4118,58806,10942,3088,1621,7160,10278,3369,1338,11137,4421,5400,88,509,1139,25383,26958,8693,18872,9565,4863,35001,31332,8075,21848,4185,6515,1896,13727,21698,35843,31483,25595,19893,13931,21276,36616,12232,3964,1690,776,1647,6626,786,2012,304,178,23,147,675,4384,6093,129456,39
1995,19144,1214,2147,209,2645,0,13946,65452,3024,10084,52362,3182,14546,38751,24819,20374,25827,37273,26641,45962,82323,7065,2075,7539,645,4514,964,2997,38615,15871,74251,41002,72,15521,33238,33181,1036,7384,24248,3384,3475,1178,43253,10833,21117,3970,18089,161814,36563,11210,598,15211,6441,20828,2518,12479,4707,1848,2961,20990,13664,9240,61482,11231,40681,103247,215912,35251,76364,51762,21339,19895,30910,57460,4062,24299,70714,26921,16051,17683,7806,25220,17680,11320,4723,29176,538,109299,3340,16048,5631,128061,9958,23713,22754,2611,1804,84194,67862,31462,4531,2177,4088,2090,29,280,108496,473976,10917,62189,12404,17585,50000,10293,31637,7673,235205,24744,3540,29547,3068,21609,7896,80856,13032,30419,68218,115368,3908,118627,189105,119169,115842,84992,28876,79752,14918,49163,27520,45179,32845,21801,42627,3477,22750,6470,18834,34860,4257,60998,11292,3179,1672,7408,10712,3451,1380,11524,4529,5597,88,524,1189,25862,27729,8964,19437,9841,5007,36454,32282,8203,22703,4250,6667,1928,14051,22145,37166,32347,25902,20371,14493,21747,38107,12655,4065,1743,793,1680,6845,809,2056,311,185,23,151,692,4469,6229,132298,77
1996,19432,1242,2181,212,2751,0,14057,67754,3103,10475,54131,3295,15043,40261,25880,21284,26640,38565,27493,47460,84735,7262,2169,7768,662,4654,998,3101,39841,16398,76048,41783,83,16024,34002,34099,1067,7625,25060,3451,3552,1258,45237,11099,21779,4039,19025,167999,37559,11473,628,15824,6719,21303,2594,12894,4824,2240,3061,21756,14122,9639,63867,11491,41710,106354,222096,36190,78784,53674,21861,20629,32139,60245,4186,25115,73735,27364,16693,18072,8086,26111,18492,11648,4878,29393,748,114219,3458,16320,5781,131615,10532,24505,23798,3101,2005,84942,69865,32519,4598,2227,4177,2150,29,282,109855,485047,11120,64538,12805,18036,51669,10527,32750,7989,240270,25235,3656,30349,3125,22207,8133,84056,13391,31357,70743,119210,4048,122940,194312,122498,121257,87391,29557,83078,15299,50289,27952,45957,33805,22304,43869,3553,23264,6634,19485,36338,4406,63295,11624,3265,1734,7698,11134,3519,1417,11982,4663,5797,88,552,1247,26316,28469,9222,20023,10149,5110,37975,33252,8316,23511,4314,6838,1976,14386,22591,38698,33182,26215,20841,15020,22194,39643,13096,4164,1788,821,1712,7104,830,2117,318,188,24,155,716,4556,6361,134869,142
1997,19764,1264,2215,217,2875,0,14163,69987,3182,10837,55931,3403,15523,41796,27011,22383,27400,39836,28302,48988,87145,7451,2257,7980,676,4792,1046,3233,41179,16931,77982,42508,101,16443,34766,34983,1110,7888,25938,3508,3627,1345,47535,11372,22461,4121,19850,174770,38519,11714,659,16405,6966,21846,2653,13259,4936,2594,3191,22509,14630,10103,66452,11791,42775,109571,228273,37083,81231,55738,22320,21340,33219,63156,4289,25964,76758,27802,17348,18408,8431,26962,19218,11988,5055,29430,1057,120225,3601,16580,5903,135221,11094,25415,24955,3736,2299,85767,71859,33638,4655,2283,4269,2219,29,285,111027,499476,11344,67093,13249,18473,53321,10753,33910,8341,245423,25852,3761,31142,3190,22832,8377,87647,13774,32369,73430,123252,4181,127353,199748,125439,126475,89666,30211,86403,15721,51396,28345,46644,34832,22746,45116,3633,23841,6796,20239,37930,4562,65591,11978,3374,1800,8007,11589,3591,1467,12440,4794,6017,90,577,1308,26781,29309,9467,20666,10416,5222,39394,34190,8475,24311,4425,6975,2021,14765,23031,40253,34170,26512,21332,15651,22667,41239,13501,4266,1836,851,1747,7371,847,2186,325,197,25,158,732,4641,6473,137288,222
1998,19982,1281,2255,220,3000,0,14280,72217,3262,11210,57745,3514,16012,43367,28201,23554,28114,41304,29139,50585,89420,7648,2330,8216,693,4909,1081,3351,42593,17523,80020,43405,116,16935,35520,35844,1153,8121,26853,3566,3733,1424,49879,11620,23157,4256,20848,181589,39604,11963,701,16978,7205,22394,2712,13719,5053,2995,3303,23317,15126,10593,69140,12008,43908,112846,234473,37919,83637,57857,22845,22090,34396,66092,4416,26745,80041,28169,18066,18760,8774,27902,20015,12339,5275,29439,1395,126801,3778,16902,6038,138964,11691,26531,26180,4487,2607,86562,73946,34822,4727,2335,4364,2319,29,290,112343,516096,11581,69658,13669,18934,55154,10965,35129,8714,250839,26491,3870,31982,3257,23488,8595,91322,14108,33588,75873,126966,4326,131728,205305,128797,131804,92000,30899,89636,16123,52461,28720,47317,35882,23243,46419,3688,24405,6946,21025,39523,4723,67815,12312,3468,1862,8350,12068,3676,1506,12901,4929,6210,91,593,1375,27289,30190,9750,21424,10727,5339,40837,35133,8632,25179,4528,7125,2088,15138,23454,41689,35140,26825,21840,16321,23074,42760,13940,4400,1891,878,1773,7624,873,2236,335,199,26,158,749,4758,6609,139618,271
1999,20095,1305,2289,223,3105,1,14381,74704,3328,11551,59689,3626,16564,44911,29479,24929,28878,42630,30016,52270,91836,7874,2414,8468,711,5024,1132,3465,43935,18137,82184,44190,134,17400,36144,36790,1181,8360,27870,3633,3822,1506,52135,11926,23786,4355,22079,188806,40807,12211,738,17552,7419,22973,2772,14243,5158,3384,3414,24111,15646,11118,71842,12304,44938,115996,240349,38814,86038,59985,23402,22936,35568,69045,4554,27512,83374,28530,18849,19114,9091,28895,20842,12652,5481,29445,1800,134086,4060,17328,6198,142406,12112,27789,27464,5341,2899,87423,76032,36021,4805,2395,4484,2387,30,292,113476,535406,11786,72285,14078,19434,56905,11182,36274,9064,256192,27139,3984,32840,3306,24069,8787,95115,14472,34935,77643,130295,4463,136316,210750,132225,137204,94548,31543,92960,16526,53491,29147,48013,36927,23778,47751,3749,24926,7094,21834,41211,4876,70115,12671,3562,1915,8644,12554,3749,1565,13367,5091,6413,92,611,1445,27753,31060,10018,22192,11039,5509,42302,36084,8780,26052,4616,7291,2140,15484,23896,43257,36067,27099,22345,17068,23535,44151,14395,4537,1957,907,1801,7915,891,2306,343,205,28,159,764,4862,6715,141792,344
2000,20215,1319,2330,226,3216,1,14502,77302,3408,11990,61580,3769,17132,46527,30872,26667,29717,43992,30877,53946,94379,8115,2523,8678,736,5162,1189,3595,45270,18839,84620,45199,150,17900,36783,37852,1211,8602,28915,3701,3903,1584,54529,12229,24400,4430,23290,196225,42100,12472,793,18145,7657,23560,2839,14734,5280,3745,3551,24904,16210,11661,74654,12547,45946,119255,246477,39677,88554,61996,23910,23868,36861,72235,4695,28408,86901,28882,19668,19533,9453,29898,21664,13047,5713,29452,2257,141592,4402,17720,6359,146079,12702,29194,28735,6115,3303,88292,78289,37284,4904,2450,4580,2486,30,293,114528,556824,12004,75166,14536,19925,58718,11394,37572,9513,261741,27725,4129,33826,3359,24705,9004,98812,14837,36314,78924,133761,4593,141212,216958,136035,142887,96986,32250,96515,16967,54664,29608,48738,38087,24305,49120,3810,25498,7264,22673,42926,5000,72438,12938,3631,1971,8939,12992,3822,1628,13826,5254,6605,93,629,1518,28271,31962,10379,22943,11335,5677,43750,37066,8944,26964,4695,7450,2183,15912,24322,44883,37002,27389,22884,17927,23944,45603,14903,4677,2032,938,1833,8228,911,2383,348,208,30,161,785,4999,6849,144005,423
2001,20349,1333,2356,230,3328,2,14600,79861,3493,12426,63437,3897,17651,48160,32266,28173,30513,45359,31740,55665,96814,8318,2639,8857,758,5283,1231,3730,46430,19544,87016,46051,160,18286,37437,38747,1241,8834,30007,3748,3987,1658,57020,12478,24939,4496,24440,203590,43335,12769,824,18700,7869,24176,2905,15242,5394,4103,3677,25656,16813,12224,77345,12813,47005,122340,252276,40469,91047,64167,24415,24830,38175,75102,4836,29222,90441,29252,20489,19928,9833,30819,22547,13435,5941,29456,2766,149092,4718,18027,6503,149704,13136,30670,30056,6941,3622,89008,80306,38431,4972,2494,4679,2564,30,295,115349,577651,12217,77987,14985,20505,60509,11611,38828,9893,267443,28456,4249,34786,3419,25296,9174,102853,15282,37603,80026,137181,4748,145897,223148,139813,148504,99209,32954,99780,17471,55852,30005,49395,39236,24804,50610,3880,26046,7414,23467,44611,5113,74704,13216,3722,2019,9199,13462,3874,1673,14248,5394,6810,94,644,1578,28786,32816,10674,23681,11660,5815,45107,37967,9098,27737,4800,7606,2228,16306,24706,46544,37884,27678,23349,18818,24336,46935,15393,4855,2094,965,1866,8577,936,2449,352,216,31,162,807,5109,6962,145971,511
2002,20467,1355,2396,230,3450,2,14703,82623,3570,12799,65263,4044,18216,49848,33730,29903,31352,46780,32654,57500,99237,8548,2757,9040,784,5384,1278,3864,47529,20198,89342,46852,171,18681,38086,39522,1277,9023,31081,3803,4077,1728,59577,12717,25542,4556,25550,211334,44645,13033,871,19308,8147,24823,2975,15799,5517,4454,3812,26462,17414,12797,80106,13049,48298,125710,258185,41294,93523,66230,24980,25860,39499,78035,4972,30105,94334,29650,21305,20322,10241,31830,23482,13830,6177,29467,3363,156683,5049,18344,6645,153407,13567,32266,31588,7874,3963,89728,82321,39570,5035,2541,4787,2650,30,298,116293,598768,12465,80871,15434,21006,62344,11790,40185,10262,273118,29115,4361,35725,3470,26039,9356,107356,15622,38914,81442,141008,4886,150985,229244,143582,154417,101310,33643,103253,17937,56964,30392,50049,40473,25297,52163,3951,26657,7580,24295,46353,5260,76911,13538,3804,2064,9463,13954,3955,1718,14677,5558,6997,94,657,1629,29304,33664,10982,24341,11992,5929,46569,38835,9258,28530,4887,7763,2279,16726,25094,48407,38768,27955,23775,19774,24744,48322,15867,5021,2146,984,1902,8897,957,2508,358,222,33,164,822,5205,7067,148102,567
2003,20559,1375,2432,232,3543,2,14781,85212,3647,13192,67009,4181,18746,51600,35167,31577,32165,48237,33535,59503,101657,8748,2867,9233,796,5492,1324,3980,48563,20813,91612,47779,181,19025,38651,40146,1311,9198,32102,3854,4149,1778,62038,12899,26200,4630,26566,219047,45953,13312,901,20034,8467,25489,3034,16345,5662,4753,3937,27191,17918,13411,82783,13259,49318,128894,264219,42094,95963,68492,25531,26837,40849,80842,5123,30972,98078,30010,22107,20735,10595,32694,24378,14176,6428,29476,3941,164544,5371,18672,6781,157097,14080,34053,33055,8784,4340,90424,84372,40642,5112,2593,4895,2736,30,304,117059,619246,12681,83629,15857,21553,64207,11981,41535,10582,278284,29720,4474,36693,3517,26766,9548,110901,15991,40195,83104,144546,5012,155837,234748,147077,160931,103014,34290,106650,18474,58157,30789,50682,41696,25819,53767,4029,27213,7710,25088,48125,5388,79114,13829,3881,2102,9728,14407,4031,1760,15113,5732,7192,94,664,1693,29823,34447,11339,25089,12288,6101,47985,39765,9430,29318,4995,7923,2333,17130,25487,50200,39765,28236,24221,20671,25123,49885,16336,5194,2197,1005,1939,9231,979,2574,364,225,33,165,843,5338,7155,149901,633
2004,20633,1385,2485,235,3642,2,14845,87824,3736,13565,68771,4310,19303,53363,36576,33183,33023,49833,34453,61460,104101,8935,2995,9406,812,5599,1374,4087,49570,21522,94189,48484,191,19377,39263,40775,1343,9437,33048,3914,4230,1845,64535,13125,26812,4726,27667,227423,47179,13622,933,20722,8784,26055,3103,16778,5801,5047,4062,28062,18465,14052,85358,13447,51194,131905,270652,42906,98389,70688,26072,27910,42307,83805,5260,31895,101798,30355,22944,21172,10948,33608,25385,14532,6729,29479,4663,172385,5695,19014,6929,160880,14597,35863,34523,9748,4675,91107,86443,41760,5172,2644,5015,2819,31,311,117889,640448,12911,86306,16303,22129,66005,12179,42940,10933,283296,30321,4584,37560,3560,27472,9729,114728,16424,41430,84773,148226,5123,160841,239761,150392,167489,104853,34955,110046,18957,59383,31251,51387,42976,26309,55262,4101,27795,7905,25907,50012,5521,81421,14182,3948,2145,10031,14890,4100,1814,15548,5888,7385,95,673,1750,30393,35255,11683,25869,12596,6213,49412,40735,9591,30141,5094,8088,2398,17532,25916,51931,40789,28486,24703,21533,25511,51304,16756,5374,2255,1026,1972,9537,1005,2637,368,232,33,166,870,5454,7272,151774,708
2005,20701,1407,2540,235,3745,2,14907,90629,3826,13981,70582,4451,19882,55138,37838,34825,33922,51316,35337,63480,106736,9145,3097,9587,839,5717,1415,4217,50504,22242,97129,49315,206,19702,39944,41473,1386,9651,33984,3994,4362,1908,67020,13414,27484,4819,28810,236078,48555,13896,974,21357,9023,26656,3170,17174,5952,5310,4206,28935,19025,14651,88206,13615,53112,135002,277438,43679,100859,72884,26568,29008,43802,86887,5412,32856,105699,30736,23830,21527,11310,34572,26403,14844,7041,29487,5422,179616,5993,19415,7103,164637,15121,37643,36041,10753,5043,91912,88732,43088,5249,2702,5123,2906,32,316,118892,660991,13142,89348,16751,22732,67844,12365,44270,11274,289020,30953,4700,38481,3608,28289,9928,118593,16869,42682,86574,151958,5215,166248,245736,154145,174341,106837,35635,113267,19439,60742,31701,52024,44206,26852,56894,4178,28440,8113,26799,51816,5686,83822,14496,4013,2197,10292,15395,4160,1870,16045,6037,7594,95,690,1810,30872,36044,12051,26750,12895,6305,50813,41706,9749,30912,5183,8251,2455,17946,26283,53691,41661,28744,25194,22520,25889,52809,17255,5556,2314,1049,1998,9852,1040,2693,382,235,34,170,886,5562,7375,153580,772
2006,20765,1419,2609,238,3852,2,14952,93484,3921,14398,72345,4579,20485,56953,39035,36538,34865,52903,36337,65524,109328,9368,3240,9751,858,5835,1462,4333,51357,22883,99462,50049,212,20070,40630,42041,1440,9873,34973,4053,4469,1981,69548,13687,28232,4902,30077,244603,49836,14157,1003,21990,9209,27282,3265,17611,6123,5603,4364,29724,19603,15247,91168,13763,54525,138209,284430,44547,103490,74995,27089,30182,45224,89995,5559,33887,109886,31122,24766,21939,11700,35548,27493,15184,7389,29492,6187,186824,6279,19853,7253,168560,15616,39343,37383,11745,5399,92810,91175,44468,5346,2755,5208,2982,32,320,120002,679004,13366,92514,17226,23389,69834,12553,45560,11641,295198,31618,4800,39496,3647,29195,10087,122206,17350,43945,88428,156000,5311,171864,251620,157643,181120,108764,36325,116504,19928,62102,32152,52723,45551,27447,58550,4250,29169,8292,27763,53748,5849,86322,14890,4098,2267,10573,15954,4220,1921,16553,6219,7800,95,702,1864,31380,36795,12371,27569,13189,6396,52391,42682,9934,31831,5260,8413,2509,18406,26781,55537,42646,29001,25691,23568,26274,54336,17821,5760,2373,1083,2040,10221,1080,2758,387,240,35,175,906,5675,7508,155347,847
2007,20864,1430,2678,239,3982,2,15001,96430,3997,14891,74232,4740,21100,58883,40274,38239,35730,54442,37326,67463,111814,9582,3415,9882,884,5951,1506,4436,52256,23523,101680,50863,222,20336,41343,42580,1474,10082,35921,4118,4550,2044,72174,13905,28903,4994,31297,253773,51215,14441,1049,22615,9441,27967,3367,18032,6259,5894,4512,30656,20240,15905,94161,13938,56305,141367,291001,45346,106012,76739,27521,31308,46707,93146,5706,34897,113895,31564,25614,22357,12016,36561,28582,15535,7753,29497,6977,194285,6565,20314,7365,172171,16202,40749,38675,12637,5734,93710,93512,45784,5445,2810,5319,3078,33,325,121279,695674,13585,95749,17737,24027,71795,12724,46906,11986,301793,32291,4912,40504,3683,29886,10273,125404,17756,45178,90384,160402,5460,177573,257765,161446,187887,110468,37029,119713,20448,63603,32651,53481,46892,27970,60194,4347,29906,8515,28641,55713,6012,88790,15207,4179,2321,10846,16502,4305,1964,17064,6388,8027,97,715,1909,31806,37568,12711,28455,13484,6510,53946,43677,10107,32771,5344,8591,2575,18830,27302,57268,43679,29276,26236,24628,26633,55907,18431,5946,2439,1106,2079,10621,1109,2822,394,245,35,177,920,5782,7654,157150,939
2008,20948,1444,2734,242,4097,2,15049,99283,4071,15319,76269,4879,21680,60759,41416,40100,36643,56072,38253,69344,114247,9809,3576,10003,905,6071,1557,4561,53070,24115,103995,51532,233,20677,42072,43150,1514,10286,36839,4169,4628,2102,74932,14127,29658,5039,32529,263157,52481,14768,1088,23269,9635,28630,3436,18440,6393,6200,4685,31514,20836,16579,97237,14132,57692,144391,297148,46121,108311,78623,27979,32440,48147,96056,5844,35853,117759,31999,26475,22896,12296,37396,29679,15864,8101,29506,7788,201638,6879,20763,7479,175956,16704,42364,39769,13263,6069,94570,95841,47067,5518,2874,5458,3191,34,328,122050,711362,13795,98946,18211,24653,73870,12925,48234,12325,307823,32883,5020,41390,3724,30695,10441,128622,18162,46573,92376,164800,5566,183458,263967,165386,194702,112192,37663,122895,21023,65061,33069,54221,48229,28521,61878,4437,30537,8713,29482,57455,6174,91254,15543,4254,2364,11095,17024,4378,2006,17510,6522,8241,97,725,1950,32231,38300,13014,29277,13765,6631,55438,44700,10278,33540,5437,8755,2647,19259,27803,58973,44605,29533,26762,25667,26969,57416,18988,6161,2479,1136,2111,11013,1134,2886,402,246,35,182,935,5887,7769,158904,1015
2009,21016,1466,2792,244,4193,2,15107,102204,4153,15818,78415,5011,22275,62609,42461,41986,37480,57601,39170,71201,116792,10042,3744,10130,927,6189,1607,4661,53787,24711,106355,52309,245,21007,42714,43794,1555,10518,37828,4243,4725,2176,77452,14391,30336,5097,33788,272345,53739,14997,1117,23910,9811,29292,3499,18835,6539,6549,4826,32370,21399,17286,100103,14250,59146,147292,303305,46865,110544,80540,28390,33670,49566,98864,6004,36897,121690,32431,27367,23294,12560,38292,30800,16198,8521,29514,8595,210196,7176,21245,7607,179628,17298,44125,41188,14058,6421,95352,98347,48357,5584,2917,5577,3276,35,331,122958,726885,13983,102206,18668,25190,75851,13101,49535,12699,314108,33601,5133,42367,3765,31446,10598,131715,18715,48039,94339,169368,5673,189380,270580,169260,201642,114131,38353,125898,21527,66444,33496,54809,49589,29047,63564,4531,31195,8895,30323,59193,6311,93704,15905,4305,2414,11317,17506,4465,2049,17993,6700,8487,97,735,2000,32667,39035,13319,30130,14006,6715,56976,45748,10457,34449,5508,8878,2722,19629,28332,60608,45462,29777,27306,26708,27317,58957,19523,6354,2533,1153,2150,11373,1189,2970,411,247,36,183,953,6002,7888,160456,1090
2010,21097,1483,2835,246,4305,2,15141,105165,4237,16327,80554,5158,22840,64440,43434,43710,38376,59062,40093,72961,119142,10274,3908,10222,951,6293,1657,4760,54394,25291,108743,53060,258,21323,43378,44405,1596,10786,38790,4286,4825,2233,79823,14709,31073,5177,35046,281343,54959,15185,1140,24458,9998,29885,3569,19197,6669,6845,4991,33158,21936,17973,102950,14385,61205,150078,309019,47542,112683,82127,28777,34931,50871,101513,6149,37865,125481,32870,28202,23648,12792,39199,31751,16478,8922,29524,9385,218131,7513,21633,7695,183132,17803,45629,42545,14894,6803,96111,100704,49488,5658,2948,5678,3380,35,334,123759,742474,14168,105342,19137,25737,77779,13296,50811,13048,320544,34280,5236,43355,3812,32208,10745,134715,19211,49443,96188,173994,5757,195528,277788,173173,208399,116147,39096,128826,22025,67837,33983,55393,50838,29522,65052,4620,31900,9101,31171,60807,6486,96190,16310,4369,2475,11549,17997,4550,2099,18456,6872,8749,97,739,2038,33120,39693,13588,30861,14197,6800,58440,46730,10661,35244,5583,9007,2782,19985,28838,62075,46319,30052,27872,27750,27647,60579,20063,6553,2585,1176,2197,11751,1226,3049,423,251,37,187,969,6078,7989,161960,1186
2011,21186,1496,2883,247,4420,2,15181,107838,4300,16779,82500,5295,23379,65962,44324,45076,39156,60375,40923,74478,121190,10469,4056,10324,967,6382,1706,4853,54916,25754,110761,53782,270,21587,44028,44964,1627,11029,39796,4339,4903,2275,81792,14925,31714,5234,35933,289395,56233,15392,1168,24918,10175,30516,3627,19503,6785,7120,5125,33872,22427,18526,105516,14530,62767,152510,314275,48126,114650,83552,29157,36132,52051,103833,6262,38811,129044,33263,28981,23997,12985,40029,32698,16737,9294,29528,10081,225135,7803,22024,7780,186233,18321,46894,43751,15628,7180,96870,102798,50566,5708,2972,5757,3478,35,336,124198,756995,14342,107951,19581,26259,79538,13458,51921,13329,326648,34959,5321,44204,3846,32880,10906,137200,19577,50635,97836,178208,5839,201148,284625,176999,214959,117983,39699,131424,22449,69063,34370,55893,51966,29967,66524,4708,32574,9293,32023,62176,6634,98513,16658,4434,2524,11755,18426,4628,2152,18925,7023,8986,97,746,2083,33516,40331,13836,31585,14391,6873,59671,47676,10814,35917,5631,9129,2834,20304,29301,63406,47119,30305,28390,28639,27988,61973,20497,6732,2632,1197,2231,12035,1257,3124,432,253,37,191,990,6153,8079,163243,1242
2012,21234,1502,2935,247,4492,2,15208,110021,4345,17141,84194,5383,23808,67145,44979,46014,39857,61421,41605,75808,122774,10619,4186,10377,977,6441,1742,4905,55231,26083,112262,54408,276,21777,44663,45315,1656,11211,40516,4378,4942,2308,82890,15088,32318,5263,36399,294558,57105,15541,1198,25317,10316,30970,3668,19755,6862,7342,5243,34405,22714,18978,107822,14715,63489,154184,317806,48548,116188,84637,29395,37110,52897,105677,6352,39452,131706,33557,29628,24346,13091,40684,33261,16882,9585,29539,10661,230456,7955,22331,7853,189022,18591,47719,44682,16099,7474,97327,104539,51429,5764,2983,5816,3521,35,340,124394,769017,14488,109642,19795,26698,80556,13542,52537,13552,332369,35581,5360,44818,3870,33424,11003,138594,19782,51454,99092,180798,5886,205623,289849,180620,221211,119334,40134,133748,22825,70113,34731,56360,52879,30346,67879,4763,33165,9468,32587,63204,6761,100323,16892,4480,2552,11908,18749,4681,2176,19294,7115,9129,97,751,2110,33748,40837,14017,32140,14518,6915,60701,48426,10908,36404,5682,9205,2882,20559,29740,64577,47720,30474,28828,29307,28238,63318,20781,6893,2668,1213,2252,12300,1283,3177,440,253,38,191,1013,6191,8153,164091,1293
2013,21246,1506,2962,247,4527,2,15212,110941,4382,17319,85368,5432,24065,67794,45149,46403,40218,62077,42094,76712,123592,10689,4286,10393,983,6454,1751,4922,55334,26209,112863,54741,282,21817,44826,45434,1667,11307,40746,4387,4953,2322,83109,15131,32506,5270,36527,296439,57474,15612,1204,25649,10414,31188,3697,19848,6892,7469,5325,34711,22822,19166,109345,14745,63897,154871,319916,48697,117203,85349,29485,37749,53271,106735,6380,39747,133221,33657,30010,24583,13127,40920,33510,16927,9708,29540,10984,232117,8008,22572,7870,190844,18647,47820,45007,16291,7680,97516,105843,51946,5800,2983,5829,3529,36,341,124462,773385,14575,110216,19841,26906,80801,13568,52713,13665,336496,35864,5375,45026,3878,33834,11038,138902,19804,51740,99459,181566,5903,207897,291437,182693,226088,119675,40381,135388,23049,70730,34981,56562,53400,30537,68782,4801,33586,9548,32995,63866,6842,101567,17032,4508,2578,12034,18994,4713,2195,19601,7190,9267,97,754,2136,33869,41116,14083,32560,14596,6965,61388,48856,10954,36607,5695,9234,2900,20713,30002,65286,48019,30530,29143,29574,28383,64176,20958,6965,2679,1221,2264,12418,1309,3196,444,253,38,193,1026,6214,8188,164490,1324
2014,21246,1508,2968,247,4538,2,15217,111086,4386,17349,85801,5440,24124,67930,45180,46458,40278,62190,42184,76912,123705,10707,4298,10401,986,6454,1751,4931,55336,26233,113019,54780,283,21823,44852,45452,1671,11335,40780,4390,4953,2323,83134,15142,32519,5270,36545,296734,57562,15626,1205,25799,10450,31260,3714,19887,6914,7509,5349,34786,22851,19226,109968,14761,64032,155016,320539,48733,117579,85576,29505,37937,53350,107058,6384,39828,133775,33668,30096,24658,13132,40947,33549,16932,9749,29542,11069,232299,8015,22633,7870,191146,18652,47820,45037,16293,7726,97538,106223,52081,5806,2983,5829,3529,36,341,124462,773664,14617,110346,19859,26973,80851,13570,52755,13690,338732,35927,5380,45049,3879,34029,11044,138935,19805,51776,99477,181616,5908,208459,291535,183094,227716,119726,40451,135917,23136,70905,35083,56645,53577,30602,69334,4831,33754,9572,33143,64148,6894,102250,17121,4530,2600,12087,19146,4747,2216,19777,7223,9361,97,755,2144,33898,41229,14096,32741,14630,6976,61636,48990,10972,36671,5698,9241,2902,20787,30072,65470,48151,30543,29235,29631,28434,64428,21001,6977,2680,1222,2266,12442,1316,3201,446,253,38,193,1032,6221,8193,164602,1331
2015,21246,1508,2970,247,4538,2,15217,111087,4386,17349,85825,5441,24126,67934,45180,46458,40279,62192,42184,76912,123705,10708,4298,10401,986,6454,1751,4932,55337,26234,113027,54783,283,21823,44853,45453,1671,11336,40781,4390,4953,2323,83137,15143,32519,5270,36545,296746,57568,15626,1205,25802,10451,31262,3714,19889,6916,7511,5349,34788,22855,19230,109996,14766,64038,155017,320570,48735,117626,85584,29505,37949,53352,107072,6384,39829,133807,33668,30097,24663,13132,40947,33549,16932,9749,29542,11071,232299,8015,22633,7870,191158,18652,47820,45037,16293,7726,97538,106253,52085,5806,2983,5829,3529,36,341,124462,773679,14617,110348,19859,26983,80851,13570,52755,13690,338830,35928,5380,45050,3879,34036,11044,138935,19805,51776,99477,181616,5908,208462,291535,183096,227722,119726,40463,135988,23145,70917,35092,56663,53598,30611,69446,4835,33773,9576,33159,64171,6897,102274,17123,4530,2602,12089,19154,4751,2216,19785,7225,9375,97,755,2145,33900,41235,14096,32765,14631,6976,61675,48997,10973,36671,5698,9243,2903,20799,30082,65477,48163,30543,29238,29635,28435,64446,21004,6977,2681,1223,2267,12448,1316,3201,446,253,38,193,1033,6221,8194,164602,1331
2016,21246,1508,2970,247,4538,2,15217,111087,4386,17349,85825,5441,24126,67934,45180,46458,40279,62192,42184,76914,123705,10708,4298,10401,986,6454,1751,4932,55337,26234,113027,54783,283,21823,44853,45453,1671,11336,40781,4390,4953,2323,83137,15143,32519,5270,36545,296746,57568,15626,1205,25802,10451,31262,3714,19889,6916,7511,5349,34788,22855,19230,109996,14766,64038,155017,320570,48735,117627,85584,29505,37949,53352,107072,6384,39829,133807,33668,30097,24663,13132,40947,33549,16932,9749,29542,11071,232299,8015,22633,7870,191158,18652,47820,45037,16293,7726,97538,106253,52085,5806,2983,5829,3529,36,341,124462,773679,14617,110348,19859,26983,80851,13570,52755,13690,338831,35928,5380,45050,3879,34036,11044,138935,19805,51776,99477,181616,5908,208463,291535,183097,227722,119726,40463,135992,23145,70917,35092,56663,53598,30611,69446,4835,33773,9576,33159,64171,6897,102274,17123,4530,2602,12089,19154,4751,2216,19785,7225,9375,97,755,2145,33900,41235,14096,32765,14631,6976,61675,48997,10973,36671,5698,9243,2903,20799,30082,65477,48163,30543,29238,29635,28435,64446,21004,6977,2681,1223,2267,12448,1316,3202,446,253,38,193,1033,6221,8194,164602,1331
2017,21246,1508,2970,247,4538,2,15217,111087,4386,17349,85825,5441,24126,67934,45180,46458,40279,62192,42184,76914,123705,10708,4298,10401,986,6454,1751,4932,55337,26234,113027,54783,283,21823,44853,45453,1671,11336,40781,4390,4953,2323,83137,15143,32519,5270,36545,296746,57568,15626,1205,25802,10451,31262,3714,19889,6916,7511,5349,34788,22855,19230,109996,14766,64038,155017,320570,48735,117627,85584,29505,37949,53353,107072,6384,39829,133807,33668,30097,24663,13132,40947,33549,16932,9749,29542,11071,232299,8015,22633,7870,191158,18652,47820,45037,16293,7726,97538,106253,52085,5806,2983,5829,3529,36,341,124462,773679,14617,110348,19859,26983,80851,13570,52755,13690,338832,35928,5380,45050,3879,34036,11044,138935,19805,51776,99477,181616,5908,208463,291535,183097,227722,119726,40463,135992,23145,70917,35092,56663,53598,30611,69446,4835,33773,9576,33159,64171,6897,102274,17123,4530,2602,12089,19154,4751,2216,19785,7225,9375,97,755,2145,33900,41235,14096,32765,14631,6976,61675,48997,10973,36671,5698,9243,2903,20799,30082,65477,48163,30543,29238,29635,28435,64446,21004,6977,2681,1223,2267,12448,1316,3202,446,253,38,193,1033,6221,8194,164602,1331
2018,21246,1508,2970,247,4538,2,15217,111087,4386,17349,85825,5441,24126,67934,45180,46458,40279,62192,42184,76914,123705,10708,4298,10401,986,6454,1751,4932,55337,26234,113027,54783,283,21823,44853,45453,1671,11336,40781,4390,4953,2323,83137,15143,32519,5270,36545,296746,57568,15626,1205,25802,10451,31262,3714,19889,6916,7511,5349,34788,22855,19230,109996,14766,64038,155017,320570,48735,117627,85584,29505,37949,53353,107072,6384,39829,133807,33668,30097,24663,13132,40947,33549,16932,9749,29542,11071,232299,8015,22633,7870,191158,18652,47820,45037,16293,7726,97538,106253,52085,5806,2983,5829,3529,36,341,124462,773679,14617,110348,19859,26983,80851,13570,52755,13690,338833,35928,5380,45050,3879,34036,11044,138935,19805,51776,99477,181616,5908,208463,291535,183098,227722,119726,40463,135992,23145,70917,35092,56663,53598,30611,69446,4835,33773,9576,33159,64171,6897,102274,17123,4530,2602,12089,19154,4751,2216,19785,7225,9375,97,755,2145,33900,41235,14096,32765,14631,6976,61675,48997,10973,36671,5698,9243,2903,20799,30082,65477,48163,30543,29238,29635,28435,64446,21004,6977,2681,1223,2267,12448,1316,3202,446,253,38,193,1033,6221,8194,164602,1331
2020,21246,1508,2970,247,4538,2,15217,111087,4386,17349,85825,5441,24126,67934,45180,46458,40279,62192,42184,76914,123705,10708,4298,10401,986,6454,1751,4932,55337,26234,113027,54783,283,21823,44853,45453,1671,11336,40781,4390,4953,2323,83137,15143,32519,5270,36545,296746,57568,15626,1205,25802,10451,31262,3714,19889,6916,7511,5349,34788,22855,19230,109996,14766,64038,155017,320570,48735,117627,85584,29505,37950,53353,107072,6384,39829,133807,33668,30097,24663,13132,40947,33549,16932,9749,29542,11071,232299,8015,22633,7870,191158,18652,47820,45037,16293,7726,97538,106253,52085,5806,2983,5829,3529,36,341,124462,773679,14617,110348,19859,26983,80851,13570,52755,13690,338833,35928,5380,45050,3879,34036,11044,138935,19806,51776,99477,181616,5908,208463,291535,183098,227722,119726,40463,135992,23145,70917,35092,56663,53598,30611,69446,4835,33773,9576,33159,64171,6897,102274,17123,4530,2602,12089,19154,4751,2216,19785,7225,9375,97,755,2145,33900,41235,14096,32765,14631,6976,61675,48997,10973,36671,5698,9243,2903,20799,30082,65477,48163,30543,29238,29635,28435,64446,21004,6977,2681,1223,2267,12448,1316,3202,446,253,38,193,1033,6221,8194,164602,1331
