pub_year,AC -- General Collections [RENAMED],AE -- Encyclopedias (General) [RENAMED],AG -- Dictionaries (General) [RENAMED],AI -- Indexes [ABSENT],AM -- Museums / Exhibitions [ABSENT],AN -- Newspapers [ABSENT],AS -- Academies / Societies [ABSENT],B -- Philosophy (General) [MERGED],BC -- Logic [MERGED],BD -- Speculative Philosophy [MERGED],BF -- Psychology [ABSENT],BH -- Aesthetics [MERGED],BJ -- Ethics [MERGED],BL -- Religion / Mythology [MERGED],BM -- Judaism [MERGED],BP -- Islam [MERGED],BR -- Christianity [MERGED],BS -- Bible [MERGED],BT -- Doctrinal Theology [MERGED],BV -- Practical Theology [MERGED],BX -- Christian Denominations [MERGED],CB -- History of Civilization [ABSENT],CC -- Archaeology [ABSENT],CD -- Diplomatics / Archives [ABSENT],CE -- Chronology [ABSENT],CJ -- Numismatics [ABSENT],CN -- Inscriptions / Epigraphy [ABSENT],CR -- Heraldry [ABSENT],CS -- Genealogy [ABSENT],CT -- Biography (General) [ABSENT],D -- History (General) [MERGED],DA -- British History [MERGED],DAW -- Central Europe [ABSENT],DB -- Austria / Bohemia [ABSENT],DC -- French History [MERGED],DD -- German History [MERGED],DE -- Greco-Roman World [MERGED],DF -- Greek History [MERGED],DG -- Italian History / Rome [MERGED],DH -- Low Countries History [ABSENT],DJ -- Netherlands [ABSENT],DJK -- Eastern Europe (General) [ABSENT],DK -- Russia / Former Soviet States [ABSENT],DL -- Scandinavian History [ABSENT],DP -- Iberian History [ABSENT],DQ -- Switzerland [ABSENT],DR -- Balkan History [ABSENT],DS -- Asian History [ABSENT],DT -- African History [ABSENT],DU -- Oceania [ABSENT],DX -- Romani People [ABSENT],E18 -- African American History (E185) [ABSENT],E99 -- Native Americans (E99) [ABSENT],G -- Geography (General) [MERGED],GA -- Mathematical Geography [MERGED],GB -- Physical Geography [MERGED],GC -- Oceanography [ABSENT],GE -- Environmental Sciences [ABSENT],GF -- Human Ecology [ABSENT],GN -- Anthropology [ABSENT],GR -- Folklore [ABSENT],GT -- Manners & Customs [ABSENT],GV -- Recreation / Leisure [ABSENT],HA -- Statistics [ABSENT],HB -- Economic Theory [ABSENT],HC -- Economic History [ABSENT],HD -- Land / Agriculture Economics [ABSENT],HE -- Transportation / Communications [ABSENT],HF -- Commerce [MERGED],HG -- Finance [ABSENT],HJ -- Public Finance [MERGED],HM -- Sociology [ABSENT],HN -- Social History [ABSENT],HQ -- Family / Gender / Sexuality [ABSENT],HS -- Societies / Clubs [ABSENT],HT -- Communities / Classes / Race [ABSENT],HV -- Social Pathology / Criminology [ABSENT],HX -- Socialism / Communism [ABSENT],JC -- Political Theory [MERGED],JK -- US Political Institutions [MERGED],JL -- Canadian / Latin American Politics [MERGED],JN -- European Politics [ABSENT],JQ -- Asian / African Politics [ABSENT],JS -- Local Government [ABSENT],JV -- Colonies / Colonialism [ABSENT],JX -- International Law (old) [ABSENT],JZ -- International Relations [ABSENT],K -- Law (General) [MERGED],KB -- Religious Law [MERGED],KD -- UK Law [MERGED],KE -- Canadian Law [ABSENT],KF -- US Law [MERGED],KG -- Latin American Law [ABSENT],KH -- South American Law [ABSENT],KJ -- European Law [MERGED],KL -- Asian / African Law [ABSENT],KZ -- International Law [ABSENT],LA -- History of Education [ABSENT],LB -- Theory / Practice of Education [ABSENT],LC -- Social Aspects of Education [ABSENT],LD -- US Universities [ABSENT],LE -- American Universities (other) [ABSENT],LF -- European Universities [ABSENT],LG -- Asian / African Universities [ABSENT],LH -- College Publications [ABSENT],LJ -- Student Fraternities [ABSENT],M -- Music Scores [DIRECT],ML -- Literature on Music [DIRECT],MT -- Musical Instruction [DIRECT],N -- Visual Arts (General) [MERGED],NB -- Sculpture [MERGED],NC -- Drawing / Design [MERGED],ND -- Painting [MERGED],NE -- Print Media [ABSENT],NK -- Decorative Arts [ABSENT],NX -- Arts in General [ABSENT],P -- Linguistics (General) [MERGED],PA -- Classical Languages & Literature [MERGED],PB -- Celtic Languages [MERGED],PC -- Romanic Languages [MERGED],PD -- Germanic Languages (old) [MERGED],PE -- English Language [MERGED],PF -- West Germanic Languages [MERGED],PG -- Slavic Languages & Literatures [ABSENT],PH -- Uralic / Basque Languages [ABSENT],PJ -- Oriental Languages / Literature [ABSENT],PK -- Indo-Iranian Languages [ABSENT],PL -- E Asian / African / Pacific [ABSENT],PM -- Indigenous American Languages [ABSENT],PN -- General Literature [MERGED],PQ -- French / Italian / Spanish Lit. [MERGED],PR -- English Literature [MERGED],PS -- American Literature [MERGED],PT -- Germanic Literature [MERGED],Q -- Science (General) [MERGED],QA -- Mathematics [MERGED],QB -- Astronomy [MERGED],QC -- Physics [MERGED],QD -- Chemistry [MERGED],QE -- Geology / Mineralogy [MERGED],QH -- Natural History / Biology [ABSENT],QK -- Botany [MERGED],QL -- Zoology [MERGED],QM -- Human Anatomy [MERGED],QP -- Physiology [ABSENT],QR -- Microbiology [ABSENT],R -- Medicine (General) [MERGED],RA -- Public Health [ABSENT],RB -- Pathology [ABSENT],RC -- Internal Medicine [MERGED],RD -- Surgery [MERGED],RE -- Ophthalmology [ABSENT],RF -- Otorhinolaryngology [ABSENT],RG -- Gynecology / Obstetrics [ABSENT],RJ -- Pediatrics [ABSENT],RK -- Dentistry [ABSENT],RL -- Dermatology [ABSENT],RM -- Pharmacology [ABSENT],RS -- Pharmacy [ABSENT],RT -- Nursing [ABSENT],RV -- Botanic Medicine [ABSENT],RX -- Homeopathy [ABSENT],RZ -- Other Medical Systems [ABSENT],S -- Agriculture (General) [DIRECT],SB -- Plant Culture [DIRECT],SD -- Forestry [MERGED],SF -- Animal Culture [MERGED],SH -- Aquaculture / Fisheries [ABSENT],SK -- Hunting / Wildlife [ABSENT],T -- Technology (General) [MERGED],TA -- Engineering (General) [MERGED],TC -- Hydraulic Engineering [MERGED],TD -- Environmental Technology [ABSENT],TE -- Highway Engineering [MERGED],TF -- Railroad Engineering [ABSENT],TG -- Bridge Engineering [MERGED],TH -- Building Construction [MERGED],TJ -- Mechanical Engineering [MERGED],TK -- Electrical Engineering [ABSENT],TL -- Motor Vehicles / Aeronautics [ABSENT],TN -- Mining / Metallurgy [MERGED],TP -- Chemical Technology [MERGED],TR -- Photography [ABSENT],TS -- Manufactures [MERGED],TX -- Home Economics [ABSENT],UA -- Armies / Land Forces [ABSENT],UB -- Military Administration [ABSENT],UC -- Military Maintenance [ABSENT],UD -- Infantry [ABSENT],UF -- Artillery [ABSENT],UG -- Military Engineering [ABSENT],UH -- Military Medicine [ABSENT],VA -- Navies [ABSENT],VB -- Naval Administration [ABSENT],VC -- Naval Maintenance [ABSENT],VD -- Naval Seamen [ABSENT],VF -- Naval Ordnance [ABSENT],VG -- Naval Auxiliaries [ABSENT],VK -- Navigation / Seamanship [ABSENT],VM -- Naval Architecture [ABSENT],Z -- Books / Writing (General) [DIRECT],ZA -- Information Resources [ABSENT]
1400,0,0,0,0,0,0,0,1,0,0,0,0,0,0,0,0,0,1,0,0,16,0,0,0,0,0,0,0,0,0,0,0,0,0,0,0,0,0,0,0,0,0,0,0,0,0,0,0,0,0,0,0,0,0,0,0,0,0,0,0,0,0,0,0,0,0,0,0,0,0,0,0,0,0,0,0,0,0,0,0,0,0,0,0,0,0,0,1,0,0,0,0,0,0,0,0,0,1,0,0,0,0,0,0,0,0,0,2,0,0,0,0,0,0,0,0,0,0,0,0,0,0,0,0,0,0,0,0,0,0,0,0,0,0,0,0,0,0,0,0,0,0,0,0,0,0,0,0,0,0,0,0,0,0,0,0,0,0,0,0,0,0,0,0,0,0,0,0,0,0,0,0,0,0,0,0,0,0,0,0,0,0,0,0,0,0,0,0,0,0,0,0,0,0,0,0,0,0,0,0,0,0
1401,0,0,0,0,0,0,0,0,0,0,0,0,0,0,0,1,0,0,0,0,0,0,0,0,0,0,0,0,0,0,0,0,0,0,0,0,0,0,0,0,0,0,0,0,0,0,0,0,0,0,0,0,0,0,0,0,0,0,0,0,0,0,0,0,0,0,0,0,0,0,1,0,0,0,0,0,0,0,0,0,0,0,0,0,0,0,0,0,0,0,0,0,0,0,0,0,0,0,0,0,0,0,0,0,0,0,0,2,0,0,0,0,0,0,0,0,0,0,0,0,0,0,0,0,0,0,0,0,0,0,0,0,0,0,0,0,0,0,0,0,0,0,0,0,0,0,0,0,0,0,0,0,0,0,0,0,0,0,0,0,0,0,0,0,0,0,0,0,0,0,0,0,0,0,0,0,0,0,0,0,0,0,0,0,0,0,0,0,0,0,0,0,0,0,0,0,0,0,0,0,0,0
1402,0,0,0,0,0,0,0,0,0,0,0,0,0,0,0,1,0,0,0,0,0,0,0,0,0,0,0,0,0,0,0,0,0,0,0,0,0,0,0,0,0,0,0,0,0,0,0,0,0,0,0,0,0,0,0,0,0,0,0,0,0,0,0,0,0,0,0,0,0,0,0,0,0,0,0,0,0,0,0,0,0,0,0,0,0,0,0,1,0,0,0,0,0,0,0,0,0,1,0,0,0,0,0,0,0,0,0,1,0,0,0,0,0,0,0,0,0,0,0,0,0,0,0,0,0,0,0,0,0,0,0,0,0,0,0,0,0,0,0,0,0,0,0,0,0,0,0,0,0,0,0,0,0,0,0,0,0,0,0,0,0,0,0,0,0,0,0,0,0,0,0,0,0,0,0,0,0,0,0,0,0,0,0,0,0,0,0,0,0,0,0,0,0,0,0,0,0,0,0,0,0,0
1403,0,0,0,0,0,0,0,0,0,0,0,0,0,0,0,1,0,0,0,0,0,0,0,0,0,0,0,0,0,0,0,0,0,0,0,0,0,0,0,0,0,0,0,0,0,0,0,0,0,0,0,0,0,0,0,0,0,0,0,0,0,0,0,0,0,0,0,0,0,0,0,0,0,0,0,0,0,0,0,0,0,0,0,0,0,0,0,0,0,0,0,0,0,0,0,0,0,0,0,0,0,0,0,0,0,0,0,1,0,0,0,0,0,0,0,0,0,0,0,0,0,0,0,0,0,0,0,0,0,0,0,0,0,0,0,0,0,0,0,0,0,0,0,0,0,0,0,0,0,0,0,0,0,0,0,0,0,0,0,0,0,0,0,0,0,0,0,0,0,0,0,0,0,0,0,0,0,0,0,0,0,0,0,0,0,0,0,0,0,0,0,0,0,0,0,0,0,0,0,0,0,0
1405,0,0,0,0,0,0,0,0,0,0,0,0,0,0,0,0,0,0,0,0,0,0,0,0,0,0,0,0,0,0,0,0,0,0,0,0,0,0,0,0,0,0,0,0,0,0,0,0,0,0,0,0,0,0,0,0,0,0,0,0,0,0,0,0,0,0,0,0,0,0,0,0,0,0,0,0,0,0,0,0,0,0,0,0,0,0,0,1,0,0,0,0,0,0,0,0,0,0,0,0,0,0,0,0,0,0,0,0,0,0,0,0,0,0,0,0,0,0,0,0,0,0,0,0,0,0,0,0,0,0,0,0,0,0,0,0,0,0,0,0,0,0,0,0,0,0,0,0,0,0,0,0,0,0,0,0,0,0,0,0,0,0,0,0,0,0,0,0,0,0,0,0,0,0,0,0,0,0,0,0,0,0,0,0,0,0,0,0,0,0,0,0,0,0,0,0,0,0,0,0,0,0
1406,0,0,0,0,0,0,0,0,0,0,0,0,0,0,0,0,0,0,0,0,0,0,0,0,0,0,0,0,0,0,0,0,0,0,0,0,0,0,0,0,0,0,0,0,0,0,0,0,0,0,0,0,0,0,0,0,0,0,0,0,0,0,0,0,0,0,0,0,0,0,0,0,0,0,0,0,0,0,0,0,0,0,0,0,0,0,0,0,0,0,0,0,0,0,0,0,0,0,0,0,0,0,0,0,0,0,1,0,0,0,0,0,0,0,0,0,0,0,0,0,0,0,0,0,0,0,0,0,0,0,0,0,0,0,0,0,0,0,0,0,0,0,0,0,0,0,0,0,0,0,0,0,0,0,0,0,0,0,0,0,0,0,0,0,0,0,0,0,0,0,0,0,0,0,0,0,0,0,0,0,0,0,0,0,0,0,0,0,0,0,0,0,0,0,0,0,0,0,0,0,0,0
1408,0,0,0,0,0,0,0,0,0,0,0,0,0,0,0,0,0,0,0,0,0,0,0,0,0,0,0,0,0,0,0,0,0,0,0,0,0,0,0,0,0,0,0,0,0,0,0,0,0,0,0,0,0,0,0,0,0,0,0,0,0,0,0,0,0,0,0,0,0,0,0,0,0,0,0,0,0,0,0,0,0,0,0,0,0,0,0,0,0,0,0,0,0,0,0,0,0,0,0,0,0,0,0,0,0,0,1,0,0,0,0,0,0,0,0,0,0,0,0,0,0,0,0,0,0,0,0,0,0,0,0,0,0,0,0,0,0,0,0,0,0,0,0,0,0,0,0,0,0,0,0,0,0,0,0,0,0,0,0,0,0,0,0,0,0,0,0,0,0,0,0,0,0,0,0,0,0,0,0,0,0,0,0,0,0,0,0,0,0,0,0,0,0,0,0,0,0,0,0,0,0,0
1410,0,0,0,0,0,0,0,1,0,0,0,0,0,0,0,0,0,0,0,0,0,0,0,0,0,0,0,0,0,0,0,0,0,0,0,0,0,0,0,0,0,0,0,0,0,0,0,0,0,0,0,0,0,0,0,0,0,0,0,0,0,0,0,0,0,0,0,0,0,0,0,0,0,0,0,0,0,0,0,0,0,0,0,0,0,0,0,0,0,0,0,0,0,0,0,0,0,0,0,0,0,0,0,0,0,0,0,0,0,0,0,0,0,0,0,0,0,0,0,0,0,0,0,0,0,0,0,0,0,0,0,0,0,0,0,0,0,0,0,0,0,0,0,0,0,0,1,0,0,0,0,0,0,0,0,0,0,0,0,0,0,0,0,0,0,0,0,0,0,0,0,0,0,0,0,0,0,0,0,0,0,0,0,0,0,0,0,0,0,0,0,0,0,0,0,0,0,0,0,0,0,0
1414,0,0,0,0,0,0,0,0,0,0,0,0,0,0,0,0,0,0,0,0,0,0,0,0,1,0,0,0,0,0,0,0,0,0,0,0,0,0,0,0,0,0,0,0,0,0,0,0,0,0,0,0,0,0,0,0,0,0,0,0,0,0,0,0,0,0,0,0,0,0,0,0,0,0,0,0,0,0,0,0,0,0,0,0,0,0,0,0,0,0,0,0,0,0,0,0,0,0,0,0,0,0,0,0,0,0,0,0,0,0,0,0,0,0,0,0,0,0,0,0,0,0,0,0,0,0,0,0,0,0,0,0,0,0,0,0,0,0,0,0,0,0,0,0,0,0,0,0,0,0,0,0,0,0,0,0,0,0,0,0,0,0,0,0,0,0,0,0,0,0,0,0,0,0,0,0,0,0,0,0,0,0,0,0,0,0,0,0,0,0,0,0,0,0,0,0,0,0,0,0,0,0
1417,0,0,0,0,0,0,0,0,0,0,0,0,0,0,0,0,0,0,0,0,0,0,0,0,0,0,0,0,0,0,0,0,0,0,0,0,0,0,0,0,0,0,0,0,0,0,0,0,0,0,0,0,0,0,0,0,0,0,0,0,0,0,0,0,0,0,0,0,0,0,0,0,0,0,0,0,0,0,0,0,0,0,0,0,0,0,0,0,0,0,0,0,0,0,0,0,0,0,0,0,0,0,0,0,0,0,0,0,0,0,0,0,0,0,0,0,0,0,0,0,0,0,0,0,0,0,0,0,0,0,0,0,0,0,0,0,1,0,0,0,0,0,0,0,0,0,0,0,0,0,0,0,0,0,0,0,0,0,0,0,0,0,0,0,0,0,0,0,0,0,0,0,0,0,0,0,0,0,0,0,0,0,0,0,0,0,0,0,0,0,0,0,0,0,0,0,0,0,0,0,0,0
1418,0,0,0,0,0,0,0,0,0,0,0,0,0,0,0,0,0,0,0,0,1,0,0,0,0,0,0,0,0,0,0,0,0,0,0,0,0,0,0,0,0,0,0,0,0,0,0,0,0,0,0,0,0,0,0,0,0,0,0,0,0,0,0,0,0,0,0,0,0,0,0,0,0,0,0,0,0,0,0,0,0,0,0,0,0,0,0,0,0,0,0,0,0,0,0,0,0,0,0,0,0,0,0,0,0,0,0,0,0,0,0,0,0,0,0,0,0,0,0,0,0,0,0,0,0,0,0,0,0,0,0,0,0,0,0,0,0,0,0,0,0,0,0,0,0,0,0,0,0,0,0,0,0,0,0,0,0,0,0,0,0,0,0,0,0,0,0,0,0,0,0,0,0,0,0,0,0,0,0,0,0,0,0,0,0,0,0,0,0,0,0,0,0,0,0,0,0,0,0,0,0,0
1420,0,0,0,0,0,0,0,0,0,0,0,0,0,0,0,0,0,0,0,0,1,0,0,0,0,0,0,0,0,0,0,0,0,0,0,0,0,0,0,0,0,0,0,0,0,0,0,0,0,0,0,0,0,0,0,0,0,0,0,0,0,0,0,0,0,0,0,0,0,0,0,0,0,0,0,0,0,0,0,0,0,0,0,0,0,0,0,0,0,0,0,0,0,0,0,0,0,0,0,0,0,0,0,0,0,0,1,0,0,0,0,0,0,0,0,0,0,0,0,0,0,0,0,0,0,0,0,0,0,0,0,0,0,0,0,0,0,0,0,0,0,0,0,0,0,0,0,0,0,0,0,0,0,0,0,0,0,0,0,0,0,0,0,0,0,0,0,0,0,0,0,0,0,0,0,0,0,0,0,0,0,0,0,0,0,0,0,0,0,0,0,0,0,0,0,0,0,0,0,0,0,0
1430,0,0,0,0,0,0,0,0,0,0,0,0,0,0,0,0,0,0,0,0,0,0,0,0,0,0,0,0,0,0,0,0,0,0,0,0,0,0,0,0,0,0,0,0,0,0,0,0,0,0,0,0,0,0,0,0,0,0,0,0,0,0,0,0,0,0,0,0,0,0,0,0,0,0,0,0,0,0,0,0,0,0,0,0,0,0,0,0,0,1,0,0,0,0,0,0,0,0,0,0,0,0,0,0,0,0,0,0,0,0,0,0,0,0,0,0,0,0,0,0,0,0,0,0,0,0,0,0,0,0,0,0,0,0,0,0,0,0,0,0,0,0,0,0,0,0,0,0,0,0,0,0,0,0,0,0,0,0,0,0,0,0,0,0,0,0,0,0,0,0,0,0,0,0,0,0,0,0,0,0,0,0,0,0,0,0,0,0,0,0,0,0,0,0,0,0,0,0,0,0,0,0
1431,0,0,0,0,0,0,0,0,0,0,0,0,0,0,0,0,0,0,0,0,0,0,0,0,0,0,0,0,0,0,0,0,0,0,0,0,0,0,0,0,0,0,0,0,0,0,0,0,0,0,0,0,0,0,0,0,0,0,0,0,0,0,0,0,0,0,0,0,0,0,0,0,0,0,0,0,0,0,0,0,0,0,0,0,0,0,0,0,0,0,0,0,0,0,0,0,0,0,0,0,0,0,0,0,0,0,0,0,0,0,0,0,0,0,0,0,0,0,0,0,0,0,0,0,0,0,0,0,0,0,0,0,0,0,0,0,0,0,0,0,0,0,0,0,0,0,0,1,0,0,0,0,0,0,0,0,0,0,0,0,0,0,0,0,0,0,0,0,0,0,0,0,0,0,0,0,0,0,0,0,0,0,0,0,0,0,0,0,0,0,0,0,0,0,0,0,0,0,0,0,0,0
1440,0,0,0,0,0,0,0,0,0,0,0,0,0,0,0,0,0,0,0,0,0,0,0,0,0,0,0,0,0,0,0,0,0,0,0,0,0,0,0,0,0,0,0,0,0,0,0,0,0,0,0,0,0,0,0,0,0,0,0,0,0,0,0,0,0,0,0,0,0,0,0,0,0,0,0,0,0,0,0,0,0,0,0,0,0,0,0,0,0,0,0,0,0,0,0,0,0,0,0,0,0,0,0,0,0,0,1,0,0,0,0,0,0,0,0,0,0,0,0,0,0,0,0,0,0,0,0,0,0,0,0,0,0,0,0,0,0,0,0,0,0,0,0,0,0,0,0,0,0,0,0,0,0,0,0,0,0,0,0,0,0,0,0,0,0,0,0,0,0,0,0,0,0,0,0,0,0,0,0,0,0,0,0,0,0,0,0,0,0,0,0,0,0,0,0,0,0,0,0,0,0,0
1450,0,0,0,0,0,0,0,0,0,0,0,0,0,0,0,0,0,0,0,0,0,0,0,0,0,0,0,0,0,0,0,0,0,0,0,0,0,0,0,0,0,0,0,0,0,0,0,0,0,0,0,0,0,0,0,0,0,0,0,0,0,0,0,0,0,0,0,0,0,0,0,0,0,0,0,0,0,0,0,0,0,0,0,0,0,0,0,0,0,0,0,0,0,0,0,0,0,0,0,0,0,0,0,0,0,0,0,0,0,0,0,0,0,0,0,0,0,1,0,0,0,0,0,0,0,0,0,0,0,0,0,0,0,0,0,0,0,0,0,0,0,0,0,0,0,0,0,0,0,0,0,0,0,0,0,0,0,0,0,0,0,0,0,0,0,0,0,0,0,0,0,0,0,0,0,0,0,0,0,0,0,0,0,0,0,0,0,0,0,0,0,0,0,0,0,0,0,0,0,0,0,0
1451,0,0,0,0,0,0,0,0,0,0,0,0,0,0,0,0,0,0,0,0,1,0,0,0,0,0,0,0,0,0,0,0,0,0,0,0,0,0,0,0,0,0,0,0,0,0,0,0,0,0,0,0,0,0,0,0,0,0,0,0,0,0,0,0,0,0,0,0,0,0,0,0,0,0,0,0,0,0,0,0,0,0,0,0,0,0,0,0,0,0,0,0,0,0,0,0,0,0,0,0,0,0,0,0,0,0,0,0,0,0,0,0,0,0,0,0,0,0,0,0,0,0,0,0,0,0,0,0,0,0,0,0,0,0,0,0,0,0,0,0,0,0,0,0,0,0,0,0,0,0,0,0,0,0,0,0,0,0,0,0,0,0,0,0,0,0,0,0,0,0,0,0,0,0,0,0,0,0,0,0,0,0,0,0,0,0,0,0,0,0,0,0,0,0,0,0,0,0,0,0,0,0
1453,0,0,0,0,0,0,0,0,0,0,0,0,0,0,0,0,0,0,0,0,0,0,0,0,0,0,0,0,0,0,0,0,0,0,0,0,0,0,0,0,0,0,0,0,0,0,0,0,0,0,0,0,0,0,0,0,0,0,0,0,0,0,0,0,0,0,0,0,0,0,0,0,0,0,0,0,0,0,0,0,0,0,0,0,0,0,0,1,0,0,0,0,0,0,0,0,0,0,0,0,0,0,0,0,0,0,0,0,0,0,0,0,0,0,0,0,0,0,0,0,0,0,0,0,0,0,0,0,0,0,0,0,0,0,0,0,0,0,0,0,0,0,0,0,0,0,0,0,0,0,0,0,0,0,0,0,0,0,0,0,0,0,0,0,0,0,0,0,0,0,0,0,0,0,0,0,0,0,0,0,0,0,0,0,0,0,0,0,0,0,0,0,0,0,0,0,0,0,0,0,0,0
1454,0,0,0,0,0,0,0,0,0,0,0,0,0,0,0,0,0,1,0,0,0,0,0,0,0,0,0,0,0,0,0,0,0,0,0,0,0,0,0,0,0,0,0,0,0,0,0,1,0,0,0,0,0,0,0,0,0,0,0,0,0,0,0,0,0,0,0,0,0,0,0,0,0,0,0,0,0,0,0,0,0,0,0,0,0,0,0,0,0,0,0,0,0,0,0,0,0,0,0,0,0,0,0,0,0,0,1,0,0,0,0,0,0,0,0,0,0,0,0,0,0,0,0,0,0,0,0,0,0,0,0,0,0,0,0,0,0,0,0,0,0,0,0,0,0,0,0,0,0,0,0,0,0,0,0,0,0,0,0,0,0,0,0,0,0,0,0,0,0,0,0,0,0,0,0,0,0,0,0,0,0,0,0,0,0,0,0,0,0,0,0,0,0,0,0,0,0,0,0,0,0,0
1455,0,0,0,0,0,0,0,1,0,0,0,0,0,0,0,0,0,0,0,0,1,0,0,0,0,0,0,0,0,0,0,0,0,0,0,0,0,0,0,0,0,0,0,0,0,0,0,0,0,0,0,0,0,0,0,0,0,0,0,0,0,0,0,0,0,0,0,0,0,0,0,0,0,0,0,0,0,0,0,0,0,0,0,0,0,0,0,0,0,0,0,0,0,0,0,0,0,0,0,0,0,0,0,0,0,0,0,0,0,0,0,0,0,0,0,0,0,0,0,0,0,0,0,0,0,0,0,0,0,0,0,0,0,0,0,0,0,0,0,0,0,0,0,0,0,0,0,0,0,0,0,0,0,0,0,0,0,0,0,0,0,0,0,0,0,0,0,0,0,0,0,0,0,0,0,0,0,0,0,0,0,0,0,0,0,0,0,0,0,0,0,0,0,0,0,0,0,0,0,0,0,0
1456,0,0,0,0,0,0,0,0,0,0,0,0,0,0,0,0,0,0,0,0,0,0,0,0,0,0,0,0,0,0,0,0,0,0,0,0,0,0,0,0,0,0,0,0,0,0,0,0,0,0,0,0,0,0,0,0,0,0,0,0,0,0,0,0,0,0,0,0,0,0,0,0,0,0,0,0,0,0,0,0,0,0,0,0,0,0,0,0,0,0,0,0,0,0,0,0,0,0,0,0,0,0,0,0,0,0,1,0,0,0,0,0,0,0,0,0,0,0,0,0,0,0,0,0,0,0,0,0,0,0,0,0,0,0,0,0,0,0,0,0,0,0,0,0,0,0,0,0,0,0,0,0,0,0,0,0,0,0,0,0,0,0,0,0,0,0,0,0,0,0,0,0,0,0,0,0,0,0,0,0,0,0,0,0,0,0,0,0,0,0,0,0,0,0,0,0,0,0,0,0,0,0
1457,0,0,0,0,0,0,0,0,0,0,0,0,0,0,0,0,0,0,0,0,0,0,0,0,0,0,0,0,0,0,0,0,0,0,0,0,0,0,0,0,0,0,0,0,0,0,0,0,0,0,0,0,0,0,0,0,0,0,0,0,0,0,0,0,0,0,0,0,0,0,0,0,0,0,0,0,0,0,0,0,0,0,0,0,0,0,0,0,0,0,0,0,0,0,0,0,0,0,0,0,0,0,0,0,0,0,2,0,0,0,0,0,0,0,0,0,0,0,0,0,0,0,0,0,0,0,0,0,0,0,0,0,0,0,0,0,0,0,0,0,0,0,0,0,0,0,0,0,0,0,0,0,0,0,0,0,0,0,0,0,0,0,0,0,0,0,0,0,0,0,0,0,0,0,0,0,0,0,0,0,0,0,0,0,0,0,0,0,0,0,0,0,0,0,0,0,0,0,0,0,0,0
1460,0,0,0,0,0,0,0,0,0,0,0,0,0,0,0,0,0,0,0,0,0,0,0,0,0,0,0,0,0,0,0,0,0,0,0,0,0,0,0,0,0,0,0,0,0,0,0,0,0,0,0,0,0,0,0,0,0,0,0,0,0,0,0,0,0,0,0,0,0,0,0,0,0,0,0,0,0,0,0,0,0,0,0,0,0,0,0,0,1,0,0,0,0,0,0,0,0,0,0,0,0,0,0,0,0,0,0,0,0,0,0,0,0,0,0,0,0,0,0,0,0,0,0,0,0,0,0,0,0,0,0,0,0,0,0,0,0,0,0,0,0,0,0,0,0,0,0,0,0,0,0,0,0,0,0,0,0,0,0,0,0,0,0,0,0,0,0,0,0,0,0,0,0,0,0,0,0,0,0,0,0,0,0,0,0,0,0,0,0,0,0,0,0,0,0,0,0,0,0,0,0,0
1463,0,0,0,0,0,0,0,0,0,0,0,0,0,0,0,0,0,0,0,0,0,0,0,0,0,0,0,0,0,0,0,0,0,0,0,0,0,0,0,0,0,0,0,0,0,0,0,0,0,0,0,0,0,0,0,0,0,0,0,0,0,0,0,0,0,0,0,0,0,0,0,0,0,0,0,0,0,0,0,0,0,0,0,0,0,0,0,0,1,0,0,0,0,0,0,0,0,0,0,0,0,0,0,0,0,0,0,0,0,0,0,0,0,0,0,0,0,0,0,0,0,0,0,0,0,0,0,0,0,0,0,0,0,0,0,0,0,0,0,0,0,0,0,0,0,0,0,0,0,0,0,0,0,0,0,0,0,0,0,0,0,0,0,0,0,0,0,0,0,0,0,0,0,0,0,0,0,0,0,0,0,0,0,0,0,0,0,0,0,0,0,0,0,0,0,0,0,0,0,0,0,0
1465,0,0,0,0,0,0,0,0,0,0,0,0,0,0,0,0,0,0,0,0,0,0,0,0,0,0,0,0,0,0,0,0,0,0,0,0,0,0,0,0,0,0,0,0,0,0,0,0,0,0,0,0,0,0,0,0,0,0,0,0,0,0,0,0,0,0,0,0,0,0,0,0,0,0,0,0,0,0,0,0,0,0,0,0,0,0,0,0,1,0,0,0,0,0,0,0,0,0,0,0,0,0,0,0,0,0,4,1,0,0,0,0,0,0,0,0,0,0,0,0,0,0,0,0,0,0,0,0,0,0,0,0,0,0,0,0,0,0,0,0,0,0,0,0,0,0,0,0,0,0,0,0,0,0,0,0,0,0,0,0,0,0,0,0,0,0,0,0,0,0,0,0,0,0,0,0,0,0,0,0,0,0,0,0,0,0,0,0,0,0,0,0,0,0,0,0,0,0,0,0,0,0
1467,0,0,0,0,0,0,0,0,0,0,0,0,0,0,0,0,0,0,0,0,0,0,0,0,0,0,0,0,0,0,0,0,0,0,0,0,0,0,0,0,0,0,0,0,0,0,0,0,0,0,0,0,0,0,0,0,0,0,0,0,0,0,0,0,0,0,0,0,0,0,0,0,0,0,0,0,0,0,0,0,0,0,0,0,0,0,0,0,1,0,0,0,0,0,0,0,0,0,0,0,0,0,0,0,0,0,0,0,0,0,0,0,0,0,0,0,0,0,0,0,0,0,0,0,0,0,0,0,0,0,0,0,0,0,0,0,0,0,0,0,0,0,0,0,0,0,0,0,0,0,0,0,0,0,0,0,0,0,0,0,0,0,0,0,0,0,0,0,0,0,0,0,0,0,0,0,0,0,0,0,0,0,0,0,0,0,0,0,0,0,0,0,0,0,0,0,0,0,0,0,0,0
1470,0,0,0,0,0,0,0,0,0,0,0,0,0,0,0,0,3,0,1,1,3,0,0,0,0,0,0,0,0,0,0,0,0,0,0,0,0,0,0,0,0,0,0,0,0,0,0,0,0,0,0,0,0,0,0,0,0,0,0,0,0,0,0,0,0,0,0,0,0,0,0,0,0,0,0,0,0,0,0,0,0,0,0,0,0,0,0,0,1,0,0,0,0,0,0,0,0,1,0,1,0,0,0,0,0,0,0,0,0,0,0,0,0,0,0,0,0,2,0,0,0,0,0,0,0,0,0,0,0,0,0,0,0,0,0,0,0,0,0,0,0,0,0,0,0,0,0,0,0,0,0,0,0,0,0,0,0,0,0,0,0,0,0,0,0,0,0,0,0,0,0,0,0,0,0,0,0,0,0,0,0,0,0,0,0,0,0,0,0,0,0,0,0,0,0,0,0,0,0,0,0,0
1471,0,0,0,0,0,0,0,1,0,0,0,0,0,0,0,0,1,0,2,0,0,0,0,0,0,0,0,0,0,0,0,0,0,0,0,0,0,0,0,0,0,0,0,0,0,0,0,0,0,0,0,0,0,0,0,0,0,0,0,0,0,0,0,0,0,0,0,0,0,0,0,0,0,0,0,0,0,0,0,0,0,0,0,0,0,0,0,0,5,0,0,0,0,0,0,0,0,0,0,0,0,0,0,0,0,0,0,0,0,0,0,0,0,0,0,0,0,0,0,0,0,0,0,0,0,0,0,0,0,0,0,0,0,0,0,0,0,0,0,0,0,0,0,0,0,0,0,0,0,0,0,0,0,0,0,0,0,0,0,0,0,0,0,0,0,0,0,0,0,0,0,0,0,0,0,0,0,0,0,0,0,0,0,0,0,0,0,0,0,0,0,0,0,0,0,0,0,0,0,0,0,0
1472,0,1,0,0,0,0,0,1,0,0,0,0,0,0,0,0,2,0,1,1,3,0,0,0,0,0,0,0,0,0,0,0,0,0,0,0,0,0,0,0,0,0,0,0,0,0,0,0,0,0,0,0,0,0,0,0,0,0,0,0,0,0,0,0,0,0,0,0,0,0,0,0,0,0,0,0,0,0,0,0,0,0,0,0,0,0,0,0,3,0,0,0,0,0,1,0,0,0,0,0,0,0,0,0,0,0,0,0,0,0,0,0,0,0,0,0,0,2,0,0,0,0,0,0,0,0,0,0,0,0,1,0,0,0,0,0,1,0,0,0,0,0,0,0,0,0,0,0,0,0,0,0,0,0,0,0,0,0,0,0,0,0,0,0,0,0,0,0,0,0,0,0,0,0,0,0,0,0,0,0,0,0,0,0,0,0,0,0,0,0,0,0,0,0,0,0,0,0,0,0,0,0
1473,0,0,0,0,0,0,0,1,0,0,0,0,0,0,0,0,1,1,0,2,2,0,0,0,0,0,0,0,0,0,0,0,0,0,0,0,0,0,0,0,0,0,0,0,0,0,0,0,0,0,0,0,0,0,0,0,0,0,0,0,0,0,0,0,0,0,0,0,0,0,0,0,0,0,0,0,0,0,0,0,0,0,0,0,0,0,0,0,5,0,0,0,0,0,3,0,0,0,0,0,0,0,0,0,0,0,1,0,0,0,0,0,0,0,0,0,0,1,0,0,0,0,0,0,0,0,0,0,0,0,0,0,0,0,0,0,0,0,0,0,0,0,0,0,0,0,0,0,0,0,0,0,0,0,0,0,0,0,0,0,0,0,0,0,0,0,0,0,0,0,0,0,0,0,0,0,0,0,0,0,0,0,0,0,0,0,0,0,0,0,0,0,0,0,0,0,0,0,0,0,0,0
1474,0,0,0,0,0,0,0,0,0,0,1,0,1,0,1,0,1,1,1,0,4,0,0,0,0,0,0,0,0,0,0,0,0,0,0,0,0,1,0,0,0,0,0,0,0,0,0,0,0,0,0,0,0,0,0,0,0,0,0,0,0,0,0,0,0,0,0,0,0,0,0,0,0,0,0,0,0,0,0,0,0,0,0,0,0,0,0,0,7,0,0,0,0,0,2,0,0,0,0,0,0,0,0,0,0,0,0,0,0,0,0,0,0,0,0,0,0,2,0,0,0,0,0,0,0,0,0,0,0,0,1,0,0,0,0,0,0,0,0,0,0,0,0,0,0,0,0,0,0,0,0,0,0,0,0,0,0,0,0,0,0,0,0,0,0,0,0,0,0,0,0,0,0,0,0,0,0,0,0,0,0,0,0,0,0,0,0,0,0,0,0,0,0,0,0,0,0,0,0,0,0,0
1475,0,0,0,0,0,0,0,1,0,0,0,0,1,0,0,0,4,3,1,0,8,0,0,0,0,0,0,0,0,0,0,0,0,0,0,0,0,0,0,0,0,0,0,0,0,0,0,0,0,0,0,0,0,0,0,0,0,0,0,0,0,0,0,0,0,0,0,0,0,0,0,0,0,0,0,0,0,0,0,0,0,0,0,0,0,0,0,0,6,0,0,0,0,0,5,0,0,0,0,0,0,0,0,0,0,0,0,0,0,0,0,0,0,0,0,0,0,7,0,0,0,0,0,0,0,0,0,0,0,0,1,0,0,0,0,0,0,0,0,0,0,0,0,0,0,0,0,1,0,0,0,0,0,0,0,0,0,0,0,0,0,0,0,0,0,0,0,0,0,0,0,0,0,0,0,0,0,0,0,0,0,0,0,0,0,0,0,0,0,0,0,0,0,0,0,0,0,0,0,0,0,0
1476,0,0,0,0,0,0,0,0,1,0,0,0,1,0,0,0,1,3,2,0,5,0,0,0,0,0,0,0,0,0,0,0,0,0,0,0,0,0,0,0,0,0,0,0,0,0,0,0,0,0,0,0,0,0,0,0,0,0,0,0,0,0,0,0,0,0,0,0,0,0,0,0,0,0,0,0,0,0,0,0,0,0,0,0,0,0,0,0,6,0,0,0,0,0,4,0,0,0,0,0,0,0,0,0,0,0,0,0,0,0,0,0,0,0,0,0,0,1,0,0,0,0,0,0,0,0,0,1,0,0,0,0,0,0,0,0,0,0,0,0,0,0,0,0,1,0,0,0,0,0,0,0,0,0,0,0,0,0,0,0,0,0,0,0,0,0,0,0,0,0,0,0,0,0,0,0,0,0,0,0,0,0,0,0,0,0,0,0,0,0,0,0,0,0,0,0,0,0,0,0,0,0
1477,0,0,0,0,0,0,0,3,0,0,0,0,1,1,0,0,0,1,2,3,10,0,0,0,0,0,0,0,0,0,0,0,0,0,0,0,0,0,0,0,0,0,0,0,0,0,0,0,0,0,0,0,0,1,0,0,0,0,0,0,0,0,0,0,0,0,0,0,0,0,0,0,0,0,0,0,0,0,0,0,0,0,0,0,0,0,0,0,8,0,0,0,0,0,6,0,0,0,0,0,0,0,0,0,0,0,0,0,0,0,0,0,0,0,0,0,0,0,0,0,0,0,0,0,0,0,0,0,0,0,0,0,0,0,0,0,0,0,0,0,0,0,0,0,1,0,0,0,0,0,0,0,0,0,0,0,0,0,0,0,0,0,0,0,0,0,0,0,0,0,0,0,0,0,0,0,0,0,0,0,0,0,0,0,0,0,0,0,0,0,0,0,0,0,0,0,0,0,0,0,0,0
1478,0,0,0,0,0,0,0,1,0,0,0,0,1,0,0,0,3,1,0,2,4,0,0,0,1,0,0,0,0,0,0,0,0,0,0,0,0,0,0,0,0,0,0,0,0,0,0,0,0,0,0,0,0,0,0,0,0,0,0,0,0,0,0,0,0,0,0,0,0,0,0,0,0,0,0,0,0,0,0,0,0,0,0,0,0,0,0,0,5,0,0,0,0,0,4,0,0,0,0,0,0,0,0,0,0,0,0,0,0,0,0,0,0,0,0,0,0,1,0,0,0,0,0,0,0,0,0,0,0,0,0,0,0,0,0,0,0,0,0,0,0,0,0,0,0,0,0,0,0,0,0,0,0,0,0,0,0,0,0,0,0,0,0,0,0,0,0,0,0,0,0,0,0,0,0,0,0,0,0,0,0,0,0,0,0,0,0,0,0,0,0,0,0,0,0,0,0,0,0,0,0,0
1479,0,0,0,0,0,0,0,1,0,0,0,0,0,0,0,0,0,0,0,1,1,0,0,0,0,0,0,0,0,0,0,0,0,0,0,0,0,0,0,0,0,0,0,0,0,0,0,0,0,0,0,0,0,0,0,0,0,0,0,0,0,0,0,0,0,0,0,0,0,0,0,0,0,0,0,0,0,0,0,0,0,0,0,0,0,0,0,0,5,0,0,0,0,0,3,0,0,0,0,0,0,0,0,0,0,0,0,0,0,0,0,0,0,0,0,0,0,1,0,0,0,0,0,0,0,0,0,0,0,0,1,0,0,0,0,0,0,0,0,0,0,0,0,0,0,0,0,0,0,0,0,0,0,0,0,0,0,0,0,0,0,0,0,0,0,0,0,0,0,0,0,0,0,0,0,0,0,0,0,0,0,0,0,0,0,0,0,0,0,0,0,0,0,0,0,0,0,0,0,0,0,0
1480,0,0,0,0,0,0,0,2,0,0,0,0,0,0,0,0,1,1,1,1,7,0,0,0,0,0,0,0,0,0,0,0,0,0,0,0,0,0,0,0,0,0,0,0,0,0,0,2,0,0,0,0,0,0,0,0,0,0,0,0,0,0,0,0,0,0,0,0,0,0,0,0,0,0,0,0,0,0,0,0,0,0,0,0,0,0,0,1,2,0,0,0,0,0,3,0,0,1,0,0,0,0,0,0,0,0,0,0,0,0,0,0,0,0,0,0,0,0,0,0,0,0,0,0,0,0,0,0,0,0,1,0,0,0,0,0,1,0,0,0,0,0,0,0,0,0,1,0,0,0,0,0,0,0,0,0,0,0,0,0,0,0,0,0,0,0,0,0,0,0,0,0,0,0,0,0,0,0,0,0,0,0,0,0,1,0,0,0,0,0,0,0,0,0,0,0,0,0,0,0,0,0
1481,0,0,0,0,0,0,0,2,0,0,1,0,0,0,1,0,1,1,0,3,12,0,0,0,0,0,0,0,0,0,1,0,0,0,0,0,0,0,0,0,0,0,0,0,0,0,0,2,0,0,0,0,0,0,0,0,0,0,0,0,0,0,0,0,0,0,0,0,0,0,0,0,0,0,0,0,0,0,0,0,0,0,0,0,0,0,0,0,7,0,0,0,0,0,3,0,0,0,0,0,0,0,0,0,0,0,0,0,0,0,0,0,0,0,0,0,0,3,0,0,0,0,0,0,0,0,0,0,0,0,2,0,0,0,1,0,0,0,0,0,0,0,0,0,0,0,1,0,0,0,0,0,0,0,0,0,0,0,0,0,0,0,0,0,0,0,0,0,0,0,0,0,0,0,0,0,0,0,0,0,0,0,0,0,0,0,0,0,0,0,0,0,0,0,0,0,0,0,0,0,0,0
1482,0,0,0,0,0,0,0,1,0,0,0,0,2,0,0,0,2,4,0,1,3,0,0,0,0,0,0,0,0,0,0,0,0,0,0,0,0,0,0,0,0,0,0,0,0,0,0,0,0,0,0,0,0,0,0,0,0,0,0,0,0,0,1,0,0,0,0,0,0,0,0,0,0,0,0,0,0,0,0,0,0,0,0,0,0,0,0,0,8,0,0,0,0,0,1,0,0,1,0,0,0,0,0,0,0,0,0,0,0,0,0,0,0,0,0,0,0,4,0,0,0,0,0,0,0,0,0,0,0,0,0,0,0,0,0,0,1,0,0,0,0,0,0,0,0,0,0,0,0,0,0,0,0,0,0,0,0,0,0,0,0,0,0,0,0,0,0,0,0,0,0,0,0,0,0,0,0,0,0,0,0,0,0,0,0,0,0,0,0,0,0,0,0,0,0,0,0,0,0,0,0,0
1483,0,2,0,0,0,0,0,1,0,0,0,0,0,0,0,0,2,3,0,1,7,0,0,0,0,0,0,0,0,0,0,0,0,0,0,0,0,0,0,0,0,0,0,0,0,0,0,0,0,0,0,0,0,0,0,0,0,0,0,0,0,0,0,0,0,0,0,0,0,0,0,0,0,0,0,0,0,0,0,0,0,0,0,0,0,0,0,0,8,0,0,0,0,0,7,0,0,2,0,0,0,0,0,0,0,0,0,0,0,0,0,0,0,0,0,0,0,3,0,0,0,0,0,0,0,0,0,0,0,0,0,0,0,0,0,0,0,0,0,0,0,0,0,0,0,0,0,0,0,0,0,0,0,0,0,0,0,0,0,0,0,0,0,0,0,0,0,0,0,0,0,0,0,0,0,0,0,0,0,0,0,0,0,0,0,0,0,0,0,0,0,0,0,0,0,0,0,0,0,0,0,0
1484,0,0,0,0,0,0,0,0,0,0,0,0,0,0,0,0,0,0,0,0,8,0,0,0,0,0,0,0,0,0,0,0,0,0,0,0,0,0,0,0,0,0,0,0,0,0,0,0,0,0,0,0,0,0,0,0,0,0,0,0,0,0,0,0,0,0,0,0,0,0,0,0,0,0,0,0,0,0,0,0,0,0,0,0,0,0,0,1,8,0,0,0,0,0,1,0,0,0,0,0,0,0,0,0,0,0,0,0,0,0,0,0,0,0,0,0,0,0,0,0,0,0,0,0,0,0,0,0,0,0,0,0,0,0,0,0,0,0,0,0,0,2,0,0,0,0,0,0,0,0,0,0,0,0,0,0,0,0,0,0,0,0,0,0,0,0,0,0,0,0,0,0,0,0,0,0,0,0,0,0,0,0,0,0,0,0,0,0,0,0,0,0,0,0,0,0,0,0,0,0,0,0
1485,0,0,0,0,0,0,0,1,0,0,0,0,0,0,0,0,2,4,2,1,8,1,0,0,1,0,0,0,0,0,1,0,0,0,0,0,0,0,1,0,0,0,0,0,0,0,0,0,0,0,0,0,0,0,0,0,0,0,0,0,0,0,0,0,0,0,0,0,0,0,0,0,0,0,0,0,0,0,0,0,0,0,0,0,0,0,0,0,6,0,0,0,0,0,3,0,0,2,0,0,0,0,0,0,0,0,0,0,0,0,0,0,0,0,0,0,0,4,0,0,0,0,0,0,0,0,0,0,0,0,0,0,0,0,0,0,2,0,0,0,0,1,0,0,0,0,0,0,0,0,0,0,0,0,0,0,0,0,0,0,0,0,0,0,0,0,0,0,0,0,0,0,0,0,0,0,0,0,0,0,0,0,0,0,0,0,0,0,0,0,0,0,0,0,0,0,0,0,0,0,0,0
1486,0,0,0,0,0,0,0,0,0,0,0,0,0,0,0,0,1,4,0,1,3,0,0,0,0,0,0,0,0,0,0,0,0,0,0,0,0,0,0,0,0,0,0,0,0,0,0,2,0,0,0,0,0,0,0,0,0,0,0,0,0,0,0,0,0,0,0,0,0,0,0,0,0,0,0,0,0,0,0,0,0,0,0,0,0,0,0,0,6,0,0,0,0,0,2,0,0,3,0,0,0,0,0,0,0,0,0,0,0,0,0,0,0,0,0,0,0,6,0,0,0,0,0,0,0,0,0,0,0,0,0,0,0,0,0,0,0,0,0,0,0,0,0,0,0,0,0,1,0,0,0,0,0,0,0,0,0,0,0,0,0,0,0,0,0,0,0,0,0,0,0,0,0,0,0,0,0,0,0,0,0,0,0,0,0,0,0,0,0,0,0,0,0,0,0,0,0,0,0,0,0,0
1487,0,0,0,0,0,0,0,0,0,0,0,0,0,0,0,0,4,2,1,2,4,0,0,0,0,0,0,0,0,0,0,0,0,0,0,0,0,0,0,0,0,0,0,0,1,0,0,0,0,0,0,0,0,0,0,0,0,0,0,0,0,0,0,0,0,0,0,0,0,0,0,0,0,0,0,0,0,0,0,0,0,0,0,0,0,0,0,0,3,0,0,0,0,0,4,0,0,1,0,0,0,0,0,0,0,0,0,0,0,0,0,0,0,0,0,0,0,5,0,0,0,0,0,0,0,0,0,0,0,0,0,0,0,0,0,0,0,0,0,0,0,0,0,0,0,0,0,0,0,0,0,0,0,0,0,0,0,0,0,0,0,0,0,0,0,0,0,0,0,0,0,0,0,0,0,0,0,0,0,0,0,0,0,0,1,0,0,0,0,0,0,0,0,0,0,0,0,0,0,0,0,0
1488,0,1,0,0,0,0,0,0,1,0,0,0,0,0,0,0,0,0,1,3,2,0,0,0,0,0,0,0,0,0,0,0,0,0,0,0,0,1,0,0,0,0,0,0,0,0,0,0,0,0,0,0,0,0,0,0,0,0,0,0,0,0,0,0,0,0,0,0,0,0,0,0,0,0,0,0,0,0,0,0,0,0,0,0,0,0,0,2,7,0,0,0,0,0,5,0,0,0,0,0,0,0,0,0,0,0,1,0,0,0,0,0,0,0,0,0,0,9,0,0,0,0,0,0,0,0,0,1,0,0,0,0,0,0,0,0,0,0,0,0,0,0,0,0,0,0,0,0,0,0,0,0,0,0,0,0,0,0,0,0,0,0,0,0,0,0,0,0,0,0,0,0,0,0,0,0,0,0,0,0,0,0,0,0,0,0,0,0,0,0,0,0,0,0,0,0,0,0,0,0,0,0
1489,0,0,0,0,0,0,0,2,0,0,0,0,0,0,1,0,2,1,1,2,4,0,0,0,0,0,0,0,0,0,1,0,0,1,0,0,0,0,0,0,0,0,0,0,0,0,0,0,0,0,0,0,0,0,0,0,0,0,0,0,0,0,0,0,0,0,0,0,0,0,0,0,0,0,0,0,0,0,0,0,0,0,0,0,0,0,0,0,10,0,0,0,0,0,0,0,0,0,0,0,0,0,0,0,0,0,0,0,0,0,0,0,0,0,0,0,0,5,0,0,0,0,0,0,0,0,0,0,0,0,0,0,0,0,1,0,0,0,0,0,0,0,0,0,0,0,0,0,0,0,0,0,0,0,0,0,0,0,0,0,0,0,0,0,0,0,0,0,0,0,0,0,0,0,0,0,0,0,0,0,0,0,0,0,0,0,0,0,0,0,0,0,0,0,0,0,0,0,0,0,0,0
1490,0,0,0,0,0,0,0,1,0,0,1,0,0,1,0,0,2,2,0,2,3,0,0,0,0,0,0,0,0,0,3,0,0,0,0,0,0,0,0,0,0,0,0,0,0,0,0,0,0,0,0,0,0,0,0,0,0,0,0,0,0,0,0,0,0,0,0,0,0,0,0,0,0,0,0,0,0,0,0,0,0,0,0,0,0,0,0,0,8,0,0,0,0,0,9,0,0,1,1,0,0,0,0,0,0,0,2,1,0,0,0,0,0,0,0,0,0,7,0,0,0,0,0,0,0,0,0,1,0,0,2,0,0,0,0,0,0,1,0,0,0,0,0,0,0,0,0,1,0,0,0,0,0,0,0,0,0,0,0,0,0,0,0,0,0,0,0,0,0,0,0,0,0,0,0,0,0,0,0,0,0,0,0,0,1,0,0,0,0,0,0,0,0,0,0,0,0,0,0,0,0,0
1491,0,2,0,0,0,0,0,3,0,0,0,0,0,0,0,0,0,0,4,3,1,0,0,0,0,0,0,0,0,0,1,0,0,0,0,0,0,0,0,0,0,0,0,0,0,0,0,0,0,0,0,0,0,0,0,0,0,0,0,0,0,0,0,0,0,0,0,0,0,0,0,0,0,0,0,0,0,0,0,0,0,0,0,0,0,0,0,0,7,0,0,0,0,0,0,0,0,1,0,0,0,0,0,0,0,0,2,0,0,0,0,0,0,0,0,0,0,6,0,0,0,0,0,0,0,0,0,0,0,0,1,0,0,0,0,0,0,0,0,0,0,0,0,0,0,0,0,0,0,0,0,0,0,0,0,0,0,0,0,0,0,0,0,0,0,0,0,0,0,0,0,0,0,0,0,0,0,0,0,0,0,0,0,0,0,0,0,0,0,0,0,0,0,0,0,0,0,0,0,0,0,0
1492,0,0,0,0,0,0,0,2,0,0,0,0,0,0,0,0,3,0,1,2,5,0,0,0,0,0,0,0,0,0,1,0,0,0,0,0,0,0,2,0,0,0,0,0,0,0,0,0,0,0,0,0,0,1,0,0,0,0,0,0,0,0,0,0,0,0,0,0,0,0,0,0,0,0,0,0,0,0,1,0,0,0,0,0,0,0,0,0,4,0,0,0,0,0,3,0,0,0,0,0,0,0,0,0,0,0,0,0,0,0,0,0,0,0,0,0,0,0,0,0,0,0,0,0,0,0,0,0,0,0,2,0,0,0,0,0,0,0,0,0,0,0,0,0,0,0,0,0,0,0,0,0,0,0,0,0,0,0,0,0,0,0,0,0,0,0,0,0,0,0,0,0,0,0,0,0,0,0,0,0,0,0,0,0,0,0,0,0,0,0,0,0,0,0,0,0,0,0,0,0,0,0
1493,0,1,0,0,0,0,0,1,0,0,1,0,1,0,0,0,1,4,4,2,6,0,0,0,0,0,0,0,0,0,0,0,0,0,0,0,0,0,1,0,0,0,0,0,0,0,0,1,0,0,0,0,0,0,0,0,0,0,0,0,0,0,0,0,0,0,0,0,0,0,0,0,0,0,0,0,0,0,0,0,0,0,0,0,0,0,0,0,12,0,0,0,0,0,8,0,0,1,1,0,0,0,0,0,0,0,2,0,0,0,0,0,0,0,0,0,0,5,0,2,0,0,0,0,0,0,0,0,0,0,0,0,0,0,0,0,0,0,0,0,0,0,0,0,0,0,0,0,0,0,0,0,0,0,0,0,0,0,0,0,0,0,0,0,0,0,0,0,0,0,0,0,0,0,0,0,0,0,0,0,0,0,0,0,0,0,0,0,0,0,0,0,0,0,0,0,0,0,0,0,0,0
1494,0,0,0,0,0,0,0,2,0,0,1,0,0,0,0,0,1,4,1,1,6,0,0,0,0,0,0,0,0,0,0,0,0,0,0,0,0,0,1,0,0,0,0,0,0,0,0,0,0,0,0,0,0,0,0,0,0,0,0,0,0,0,0,0,0,0,0,0,0,0,0,0,0,0,0,0,0,0,0,0,0,0,0,0,0,0,0,0,4,0,0,0,0,0,7,0,0,2,0,0,0,0,0,0,0,0,0,0,0,0,0,0,0,0,0,0,0,6,0,0,0,0,0,0,0,0,0,0,0,0,0,0,0,0,0,0,0,0,0,0,0,0,0,0,0,0,0,0,0,0,0,0,0,0,0,0,0,0,0,0,0,0,0,0,0,0,0,0,0,0,0,0,0,0,0,0,1,0,0,0,0,0,0,0,0,0,0,0,0,0,0,0,0,0,0,0,0,0,0,0,0,0
1495,0,0,0,0,0,0,0,3,0,1,0,0,0,0,0,0,2,1,4,3,12,0,0,0,0,0,0,0,0,0,1,0,0,0,0,0,0,0,0,0,0,0,0,0,0,0,0,0,0,0,0,0,0,0,0,0,0,0,0,0,0,1,0,0,0,0,0,0,0,0,0,0,0,0,0,0,0,0,0,0,0,0,0,0,0,0,0,1,5,0,0,0,0,0,5,0,0,2,0,0,0,0,0,0,0,0,0,0,0,0,0,0,0,0,0,0,0,5,0,0,0,0,0,0,0,0,0,0,0,0,1,0,0,0,0,0,1,0,0,0,0,0,0,0,0,0,0,0,0,0,0,0,0,0,0,0,0,0,0,0,0,0,0,0,0,0,0,0,0,0,0,0,0,0,0,0,0,0,0,0,0,0,0,0,0,0,0,0,0,0,0,0,0,0,0,0,0,0,0,0,0,0
1496,0,0,0,0,0,0,0,1,0,0,0,0,0,0,0,0,4,3,2,0,6,0,0,0,0,0,0,0,0,0,0,0,0,0,0,0,0,0,0,0,0,0,0,0,0,0,0,0,0,0,0,0,0,0,0,0,0,0,0,0,0,0,0,0,0,0,0,0,0,0,0,0,0,0,0,0,0,0,0,0,0,0,0,0,0,0,0,0,3,0,0,0,0,0,3,0,0,1,0,0,0,0,0,0,0,0,1,0,0,0,0,0,0,0,0,0,0,4,0,0,0,0,0,0,0,0,0,0,0,0,0,0,0,0,0,0,0,0,0,0,0,0,0,0,1,0,1,0,0,0,0,0,0,0,0,0,0,0,0,0,0,0,0,0,0,0,0,0,0,0,0,0,0,0,0,0,0,0,0,0,0,0,0,0,0,0,0,0,0,0,0,0,0,0,0,0,0,0,0,0,0,0
1497,0,0,0,0,0,0,0,2,0,0,0,0,0,0,0,0,0,1,4,6,9,0,0,0,0,0,0,0,0,0,0,0,0,0,0,0,0,0,0,0,0,0,0,0,0,0,0,0,0,0,0,0,0,0,0,0,0,0,0,0,0,0,0,0,0,0,0,0,0,0,0,0,0,0,0,0,0,0,0,0,0,0,0,0,0,0,0,0,2,0,0,0,0,0,7,0,0,0,0,0,0,0,0,0,0,0,0,0,0,0,0,0,0,0,0,0,1,4,0,0,0,0,0,0,0,0,0,0,0,0,0,0,0,3,0,0,0,0,0,0,0,0,0,0,0,0,5,0,0,0,1,0,0,0,0,0,0,0,1,0,0,0,0,0,0,0,0,0,0,0,0,0,0,0,0,0,0,0,0,0,0,0,0,0,0,0,0,0,0,0,0,0,0,0,0,0,0,0,0,0,0,0
1498,0,0,0,0,0,0,0,4,0,0,0,0,0,0,0,0,0,1,2,0,4,0,0,0,0,0,0,0,0,0,0,0,0,0,0,0,0,0,0,0,0,0,0,0,0,0,0,1,0,0,0,0,0,0,0,0,0,0,0,0,0,0,0,0,0,0,0,0,0,0,0,0,0,0,0,0,0,0,0,0,0,0,0,0,0,0,0,0,7,0,0,0,0,0,4,0,0,0,1,0,0,0,0,0,0,0,1,0,0,0,0,0,0,0,0,0,0,5,0,0,0,0,0,0,0,0,0,0,0,0,1,0,0,2,0,0,0,0,0,0,0,0,0,0,0,0,3,0,0,0,0,0,0,0,0,0,0,0,0,0,0,0,0,0,0,0,0,0,0,0,0,0,0,0,0,0,0,0,0,0,0,0,0,0,0,0,0,0,0,0,0,0,0,0,0,0,0,0,0,0,0,0
1499,0,0,0,0,0,0,0,2,0,0,0,0,0,0,0,0,0,0,0,3,14,0,0,0,0,0,0,0,0,0,0,0,0,0,0,0,0,0,0,0,0,0,0,0,0,0,0,0,0,0,0,0,0,1,0,0,0,0,0,0,0,0,0,0,0,0,0,0,0,0,0,0,0,0,0,0,0,0,0,0,0,0,0,0,0,0,0,1,8,0,0,0,0,0,7,0,0,2,0,0,0,0,0,0,0,0,0,0,0,0,0,0,0,0,0,0,0,9,0,0,0,0,0,0,0,0,0,0,0,0,1,0,0,0,0,0,0,0,0,0,0,0,0,0,0,0,0,0,0,0,0,0,0,0,0,0,0,0,0,0,0,0,0,0,0,0,0,0,0,0,0,0,0,0,0,0,0,0,0,0,0,0,0,0,1,0,0,0,0,0,0,0,0,0,0,0,0,0,1,0,0,0
1500,0,0,0,0,0,0,0,3,0,0,0,0,0,0,0,1,1,1,2,0,17,0,0,0,0,0,0,0,0,0,0,0,0,0,0,0,0,0,1,0,0,0,0,0,0,0,1,0,0,0,0,0,0,2,0,0,0,0,0,0,0,0,0,0,0,0,0,1,0,0,0,0,0,0,0,0,0,0,0,0,0,0,0,0,0,0,0,1,8,0,0,0,0,0,6,0,0,3,0,0,0,0,0,0,0,0,0,0,0,0,0,0,0,0,0,0,0,5,0,0,0,0,0,0,0,0,0,0,0,0,3,0,0,0,0,0,0,0,0,0,0,0,0,0,0,0,1,3,0,0,0,0,0,0,0,0,0,0,0,0,0,0,0,0,0,0,0,0,0,0,0,0,0,0,0,0,0,0,0,0,0,0,0,0,4,0,0,0,0,0,0,0,0,0,0,0,0,0,0,0,0,0
1501,0,0,0,0,0,0,0,1,0,0,0,0,0,0,0,0,0,0,4,2,3,0,0,0,0,0,0,0,0,0,0,0,0,0,0,0,0,0,0,0,0,0,0,0,0,0,0,0,0,0,0,0,0,0,0,0,0,0,0,0,0,0,0,0,0,0,0,0,0,0,0,0,0,0,0,0,0,0,0,0,0,0,0,0,0,0,0,1,2,1,0,0,0,0,2,0,0,2,0,0,0,0,0,0,0,0,1,0,0,0,0,0,0,0,1,0,0,6,0,0,0,0,0,0,0,0,0,0,0,0,1,0,0,1,0,0,1,0,0,0,0,0,0,0,0,0,1,0,0,0,0,0,0,0,0,0,0,0,0,0,0,0,0,0,0,0,0,0,0,0,0,0,0,0,0,0,0,0,0,0,0,0,0,0,0,0,0,0,0,0,0,0,0,0,0,0,0,0,0,0,0,0
1502,0,0,0,0,0,0,0,1,0,0,0,0,0,0,0,0,0,1,2,0,2,0,0,0,0,0,0,0,0,0,0,0,0,0,0,0,0,0,0,0,0,0,0,0,0,0,0,0,0,0,0,0,0,0,0,0,0,0,0,0,0,0,0,0,0,0,0,0,0,0,0,0,0,0,0,0,0,0,0,0,0,0,0,0,0,0,0,0,1,5,0,0,0,0,1,0,0,0,0,0,0,0,0,0,0,0,3,1,0,0,0,0,0,0,0,0,0,4,0,0,0,0,0,0,0,0,0,0,0,0,1,0,0,0,0,0,3,0,0,0,0,0,0,0,0,0,0,0,0,0,0,0,0,0,0,0,0,0,0,0,0,0,0,0,0,0,0,0,0,0,0,0,0,0,0,0,0,0,0,0,0,0,0,0,0,0,0,0,0,0,0,0,0,0,0,0,0,0,0,0,0,0
1503,0,0,0,0,0,0,0,0,0,0,0,0,0,0,0,0,2,0,0,0,1,0,0,0,0,0,0,0,0,0,1,1,0,0,0,0,0,0,0,0,0,0,0,0,1,0,0,0,0,0,0,0,0,0,0,0,0,0,0,0,0,0,0,0,0,0,0,0,0,0,0,0,0,0,0,0,0,0,0,0,0,0,0,0,0,0,0,0,3,2,0,0,0,0,3,0,0,1,0,0,0,0,0,0,0,0,1,0,0,0,0,0,0,0,0,0,0,6,0,0,0,0,0,0,0,0,0,0,0,0,2,0,0,0,0,0,0,0,0,0,0,0,0,0,0,0,0,0,0,0,0,0,0,0,0,0,0,0,0,0,0,0,0,0,0,0,0,0,0,0,0,0,0,0,0,0,0,0,0,0,0,0,0,0,1,0,0,0,0,0,0,0,0,0,0,0,0,0,0,0,0,0
1504,0,1,0,0,0,0,0,0,0,0,0,0,0,0,0,0,0,0,0,0,3,0,0,0,0,0,0,0,0,0,0,0,0,0,0,0,0,0,0,0,0,0,0,0,0,0,0,1,0,0,0,0,0,0,0,0,0,0,0,0,0,0,0,0,0,0,0,0,0,0,0,0,0,0,0,0,0,0,0,0,0,0,0,0,0,0,0,0,4,0,0,0,0,0,2,0,0,2,0,0,0,0,0,0,0,0,2,0,0,0,0,0,0,0,0,0,0,1,0,0,0,0,0,0,0,0,0,0,0,0,0,0,0,0,0,0,0,0,0,0,0,0,0,0,0,0,0,0,0,0,0,0,0,0,0,0,0,0,0,0,0,0,0,0,0,0,0,0,0,0,0,0,0,0,0,0,1,0,0,0,0,0,0,0,0,0,0,0,0,0,0,0,0,0,0,0,0,0,0,0,0,0
1505,0,0,0,0,0,0,0,0,0,0,0,0,1,0,0,0,1,0,1,0,3,0,0,0,0,0,0,0,0,0,0,0,0,0,0,0,0,0,1,0,0,0,0,0,0,0,0,0,0,0,0,0,0,0,0,0,0,0,0,0,0,1,1,0,0,0,0,0,0,0,0,0,0,0,0,0,0,0,0,0,0,0,0,0,0,0,0,0,2,0,0,0,0,0,4,0,0,3,0,0,0,0,0,0,0,0,1,0,0,0,0,0,0,0,0,0,0,3,0,0,0,0,0,0,0,0,0,0,0,0,0,0,0,0,0,0,0,0,0,0,0,0,0,0,0,0,0,0,0,0,0,0,0,0,0,0,0,0,0,0,0,0,0,0,0,0,0,0,0,0,0,0,0,0,0,0,4,0,0,0,0,0,0,0,0,0,0,0,0,0,0,0,0,0,0,0,0,0,0,0,0,0
1506,0,1,0,0,0,0,0,0,0,0,0,0,0,0,0,0,1,0,1,0,2,0,0,0,0,0,0,0,0,0,1,0,0,0,0,0,0,0,0,0,0,0,0,0,0,0,0,0,0,0,0,0,0,0,0,0,0,0,0,0,0,0,0,0,0,0,0,0,0,0,0,0,0,0,0,0,0,0,0,0,0,0,0,0,0,0,0,0,2,1,0,0,0,0,0,0,0,2,0,0,0,0,0,0,0,0,3,0,0,0,0,0,0,0,0,0,0,2,0,0,0,0,0,0,0,0,0,0,0,0,0,0,0,1,0,0,1,0,0,0,0,0,0,0,0,0,0,0,0,0,0,0,0,0,0,0,0,0,0,0,0,0,0,0,0,0,0,0,0,0,0,0,0,0,0,0,0,0,0,0,0,0,0,0,0,0,0,0,0,0,0,0,0,0,0,0,0,0,0,0,0,0
1507,0,0,0,0,0,0,0,0,0,0,0,0,0,0,0,0,0,0,0,1,2,0,0,0,0,0,0,0,0,0,0,0,0,0,0,0,0,0,0,0,0,0,0,0,0,0,0,0,0,0,0,0,0,0,0,0,0,0,0,0,0,0,0,0,0,0,0,0,0,0,0,0,0,0,0,0,0,0,0,0,0,0,0,0,0,0,0,0,1,0,0,0,0,0,2,0,0,0,0,0,0,0,0,0,0,0,0,1,0,0,0,0,0,0,0,0,0,3,0,0,0,0,0,0,0,0,0,0,0,0,1,0,0,0,0,0,0,0,0,0,0,0,0,0,0,0,0,0,0,0,0,0,0,0,0,0,0,0,0,0,0,0,0,0,0,0,0,0,0,0,0,0,0,0,0,0,0,0,0,0,0,0,0,0,1,0,0,0,0,0,0,0,0,0,0,0,0,0,0,0,0,0
1508,0,0,0,0,0,0,0,0,0,0,0,0,0,0,1,0,2,0,0,0,1,0,0,0,0,0,0,0,0,0,0,0,0,0,0,0,0,0,1,0,0,0,0,0,0,0,0,0,0,0,0,0,0,1,0,0,0,0,0,0,0,0,0,0,0,0,0,0,0,0,0,0,0,0,0,0,0,0,0,0,0,0,0,0,0,0,0,1,1,2,0,0,0,0,5,0,0,1,0,0,0,0,0,0,0,0,0,0,0,0,0,0,0,0,0,0,0,5,0,0,0,0,0,0,0,0,0,0,0,0,0,0,0,0,0,0,0,0,0,0,0,0,0,0,0,0,0,0,0,0,0,0,0,0,0,0,0,0,0,0,0,0,0,0,0,0,0,0,0,0,0,0,0,0,0,0,0,0,0,0,0,0,0,0,1,0,0,0,0,0,0,0,0,0,0,0,0,0,0,0,0,0
1509,0,1,0,0,0,0,0,0,0,0,0,0,0,0,0,0,0,1,1,1,1,0,0,0,0,0,0,0,0,0,0,0,0,0,0,0,0,0,0,0,0,0,0,0,0,0,0,1,0,0,0,0,0,0,0,0,0,0,0,0,0,0,0,0,0,0,0,0,0,0,0,0,0,0,0,0,0,0,0,0,0,0,0,0,0,0,0,1,1,1,0,0,0,0,4,0,0,0,0,0,0,0,0,0,0,0,1,0,0,0,0,1,0,0,0,0,0,6,0,0,0,0,0,0,0,0,0,0,0,0,0,0,0,2,0,0,1,0,0,0,0,0,0,0,0,0,0,0,0,0,0,0,0,0,0,0,0,0,0,0,0,0,0,0,0,0,0,0,0,0,0,0,0,0,0,0,1,0,0,0,0,0,0,0,0,0,0,0,0,0,0,0,0,0,0,0,0,0,0,0,0,0
1510,0,0,0,0,0,0,0,0,0,0,0,0,0,0,1,0,1,0,0,1,3,0,0,0,0,0,0,0,0,0,0,0,0,0,0,0,0,0,2,0,0,0,0,0,0,0,0,0,0,0,0,0,0,0,0,0,0,0,0,0,0,0,0,0,0,0,0,0,0,0,0,0,0,0,0,0,0,0,0,0,0,0,0,0,0,0,0,0,1,6,0,0,0,0,3,0,0,1,0,0,0,0,0,0,0,0,0,1,0,0,0,0,0,0,0,0,0,2,0,0,0,0,0,0,0,0,0,0,0,0,1,0,0,0,0,0,0,0,0,0,0,0,0,0,0,0,1,0,0,0,0,0,0,0,0,0,0,0,0,0,0,0,0,0,0,0,0,0,0,0,0,0,0,0,0,0,2,0,0,0,0,0,0,0,0,0,0,0,0,0,0,0,0,0,0,0,0,0,0,0,0,0
1511,0,0,0,0,0,0,0,0,0,0,0,0,0,0,0,0,0,0,0,0,2,0,0,0,0,0,0,0,0,0,0,0,0,0,0,0,0,0,1,0,0,0,0,0,0,0,0,0,0,0,0,0,0,0,0,0,0,0,0,0,0,0,0,0,0,0,0,0,0,0,0,0,0,0,0,0,0,0,0,0,0,0,0,0,0,0,0,0,3,0,0,0,0,0,4,0,0,5,0,0,0,0,0,0,0,0,1,0,0,0,0,0,0,0,0,0,0,3,0,0,0,0,0,0,0,0,0,0,0,0,1,0,0,0,0,0,1,0,0,0,0,0,0,0,0,0,0,0,0,0,0,0,0,0,0,0,0,0,0,0,0,0,0,0,0,0,0,0,0,0,0,0,0,0,0,0,1,0,0,0,0,0,0,0,0,0,0,0,0,0,0,0,0,0,0,0,0,0,0,0,0,0
1512,0,2,0,0,0,0,0,0,0,0,0,0,0,0,0,0,0,0,0,0,3,0,0,0,0,0,0,0,0,0,1,0,0,0,0,0,0,0,2,0,0,0,0,0,0,0,0,0,0,0,0,0,0,0,0,0,0,0,0,0,0,0,0,0,0,0,0,0,0,0,0,0,0,0,0,0,0,0,0,0,0,0,0,0,0,0,0,1,3,0,0,0,0,0,4,0,0,0,0,0,0,0,0,0,0,0,1,1,0,0,0,0,0,0,0,0,0,2,0,0,0,0,0,0,0,0,0,0,0,0,1,0,0,0,0,0,0,0,0,0,0,0,0,0,0,0,0,0,0,0,0,0,0,0,0,0,0,0,1,0,0,0,0,0,0,0,0,0,0,0,0,0,0,0,0,0,0,0,0,0,0,0,0,0,0,0,0,0,0,0,1,0,0,0,0,0,0,0,0,0,0,0
1513,0,0,0,0,0,0,0,0,0,0,0,0,0,0,1,0,0,0,0,0,4,0,0,0,0,0,0,0,0,0,1,0,0,0,0,0,0,0,0,0,0,0,0,0,0,0,0,0,0,0,0,0,0,1,0,0,0,0,0,0,0,0,0,0,0,0,0,0,0,1,0,0,0,0,0,0,0,0,0,0,0,1,0,0,0,0,0,0,0,0,0,0,0,0,5,0,0,1,0,0,0,0,0,0,0,0,2,0,0,0,0,0,0,0,0,0,0,3,0,0,0,0,0,0,0,1,0,0,0,0,0,0,0,0,0,0,0,0,0,0,0,0,0,0,0,0,0,0,0,0,0,0,0,0,0,0,0,0,0,0,0,0,0,0,0,0,0,0,0,0,0,0,0,0,0,0,0,0,0,0,0,0,0,0,0,0,0,0,0,0,0,0,0,0,0,0,0,0,0,0,0,0
1514,0,0,0,0,0,0,0,1,0,0,0,0,0,0,0,0,1,2,0,0,1,0,0,0,0,0,0,0,0,0,0,0,0,0,0,0,0,0,0,0,0,0,0,0,0,0,0,0,0,0,0,0,0,1,0,0,0,0,0,0,0,0,0,0,0,0,0,0,0,0,0,0,0,0,0,0,0,0,0,0,0,0,0,0,0,0,0,1,7,2,0,0,0,0,3,0,0,1,0,0,0,0,0,0,0,0,2,0,0,0,0,0,0,0,0,0,0,5,0,0,0,0,0,0,0,0,0,0,0,0,1,0,0,0,0,0,0,0,0,0,0,0,0,0,0,0,2,1,0,0,0,0,0,0,0,0,0,0,0,0,0,0,0,0,0,0,0,0,0,0,0,0,0,0,0,0,1,0,0,0,0,0,0,0,0,0,0,0,0,0,0,0,0,0,0,0,0,0,0,0,0,0
1515,0,0,0,0,0,0,0,0,0,0,2,0,0,0,2,0,0,0,0,0,4,0,0,0,0,0,0,0,0,0,0,0,0,0,0,0,0,0,0,0,0,0,0,0,0,0,0,0,0,0,0,0,0,0,0,1,0,0,0,0,0,0,0,0,0,0,0,0,0,0,0,0,0,0,0,0,0,0,0,0,0,0,0,0,0,0,0,0,1,0,0,0,0,0,2,0,0,4,0,0,0,0,0,0,0,0,4,1,0,0,0,0,0,0,0,0,0,2,0,0,0,0,0,0,0,0,0,0,0,0,0,0,0,0,0,0,0,0,0,0,0,0,0,0,0,0,1,0,0,0,0,0,0,0,0,0,0,0,0,0,0,0,0,0,0,0,0,0,0,0,0,0,0,0,0,0,0,0,0,0,0,0,0,0,1,0,0,0,0,0,0,0,0,0,0,0,0,0,0,0,0,0
1516,0,0,0,0,0,0,0,0,0,0,0,0,0,0,2,0,1,1,0,0,6,0,0,0,0,0,0,0,0,0,0,0,0,0,0,0,0,0,0,0,0,0,0,0,0,0,0,0,0,0,0,0,0,1,0,0,0,0,0,0,0,0,0,0,0,0,0,1,0,0,0,0,0,0,0,0,0,0,0,0,0,0,0,0,0,0,0,1,1,2,0,0,0,0,3,0,0,1,1,0,0,0,0,0,0,0,1,1,0,0,0,0,0,0,0,0,0,6,0,1,0,0,0,0,0,0,0,0,0,0,0,0,0,1,0,0,0,0,0,0,0,0,0,0,0,0,0,0,0,0,0,0,0,0,0,0,0,0,0,0,0,0,0,0,0,0,0,0,0,0,0,0,0,0,0,0,0,0,0,0,0,0,0,0,1,0,0,0,0,0,0,0,0,0,0,0,0,0,0,0,0,0
1517,0,0,0,0,0,0,0,0,0,0,0,0,0,0,0,0,0,1,0,0,2,0,0,0,0,0,0,0,0,0,0,0,0,0,0,0,0,0,0,0,0,0,0,0,0,0,0,0,0,0,0,0,0,0,0,0,0,0,0,0,0,0,0,0,0,0,0,1,0,0,0,0,0,0,0,0,0,0,0,0,0,0,0,0,0,0,0,2,3,2,0,0,0,0,4,0,0,0,0,0,0,0,0,0,0,0,1,0,0,1,0,0,0,0,0,0,0,4,0,0,0,0,0,0,0,0,0,0,0,0,0,0,0,1,0,0,2,0,0,0,0,0,0,0,0,0,1,0,0,0,0,0,0,0,0,0,0,0,1,0,0,0,0,0,0,0,0,0,0,0,0,0,0,0,0,0,1,0,0,0,0,0,0,0,3,0,0,0,0,0,0,0,0,0,0,0,0,0,0,0,0,0
1518,0,0,0,0,0,0,0,1,0,0,0,0,0,0,0,0,3,2,0,0,2,0,0,0,1,0,0,0,0,0,1,0,0,0,0,1,0,0,0,0,0,0,0,0,0,0,0,0,0,0,0,0,0,0,0,0,0,0,0,0,0,0,0,0,0,0,0,0,0,0,0,0,0,0,0,0,0,0,0,0,0,0,0,0,0,0,0,1,4,2,0,0,0,0,6,0,0,0,0,0,0,0,0,0,0,0,0,1,0,0,0,0,0,0,0,0,0,8,0,0,0,0,0,0,0,1,0,0,0,0,1,0,0,0,0,0,1,0,0,0,0,0,0,0,0,0,1,0,0,0,0,0,0,0,0,0,0,0,0,0,0,0,0,0,0,0,0,0,0,0,0,0,0,0,0,0,0,0,0,0,0,0,0,0,0,0,0,0,0,0,0,0,0,0,0,0,0,0,0,0,1,0
1519,0,0,0,0,0,0,0,0,0,0,0,0,0,0,1,0,7,1,0,2,3,0,0,0,0,0,0,0,0,0,0,0,0,0,0,3,0,0,0,0,0,0,0,0,0,0,0,1,0,0,0,0,0,0,0,0,0,0,0,0,0,0,0,0,1,0,0,0,0,0,0,0,0,0,0,0,0,0,0,0,0,0,0,0,0,0,0,1,2,2,0,0,0,0,3,0,0,2,0,0,0,0,0,0,0,0,0,0,0,0,0,0,0,0,0,0,0,5,0,0,0,0,0,0,0,1,0,0,0,0,0,0,0,0,0,0,1,0,0,0,0,0,0,0,0,0,0,0,0,0,0,0,0,0,0,0,0,0,0,0,0,0,0,0,0,0,0,0,0,0,0,0,0,0,0,0,0,0,0,0,0,0,0,0,0,0,0,0,0,0,0,0,0,0,0,0,0,0,0,0,0,0
1520,0,0,0,0,0,0,0,0,0,0,0,0,0,0,0,1,21,2,2,8,5,0,0,0,0,0,2,0,0,0,0,0,0,0,0,0,0,0,0,0,0,0,0,0,0,0,0,1,0,0,0,0,0,1,0,0,0,0,0,0,0,1,0,0,0,0,0,0,0,0,0,0,0,0,0,0,0,0,1,0,0,0,0,0,0,0,0,1,4,0,0,0,0,0,7,0,0,4,0,0,0,0,0,0,0,0,0,0,0,0,0,0,0,0,0,0,0,1,0,0,0,0,0,0,0,0,0,0,0,0,0,0,0,0,0,0,0,0,0,0,0,0,1,0,0,0,0,0,0,0,0,0,0,0,0,0,0,0,0,0,0,0,0,0,0,0,0,0,0,0,0,0,0,0,0,0,0,0,0,0,0,0,0,0,0,0,0,0,0,0,0,0,0,0,0,0,0,0,0,0,0,0
1521,0,0,0,0,0,0,0,0,0,0,0,0,0,0,2,0,14,1,2,2,6,0,0,0,0,0,0,1,0,0,0,1,0,0,0,0,0,0,0,0,0,0,0,0,0,0,0,0,0,0,0,0,0,0,0,0,0,0,0,0,0,0,0,0,0,0,0,0,0,0,0,0,0,0,0,0,0,0,0,0,0,0,0,0,0,0,0,1,0,1,0,0,0,0,6,0,0,1,0,0,0,0,0,0,0,0,5,1,0,0,0,0,0,1,0,0,0,5,0,0,0,0,0,0,0,0,0,0,0,1,1,0,0,0,0,0,0,0,0,0,0,0,0,0,0,0,1,0,0,0,0,0,0,0,0,0,0,0,0,0,0,0,0,0,0,0,0,0,0,0,0,0,0,0,0,0,0,0,0,0,0,0,0,0,1,0,0,0,0,0,0,0,0,0,0,0,0,0,0,0,0,0
1522,0,0,0,0,0,0,0,0,0,0,0,0,0,0,1,0,18,1,0,1,5,0,0,0,0,0,0,0,0,0,0,0,0,0,0,0,0,0,0,0,0,0,0,0,0,0,0,0,0,0,0,0,0,0,0,0,0,0,0,0,0,0,0,0,0,0,0,0,0,0,0,0,0,1,0,0,0,0,1,0,0,1,0,0,0,0,0,2,3,1,0,0,0,0,6,0,0,1,0,0,0,0,0,0,0,0,14,0,0,0,0,0,0,0,0,0,0,4,0,0,0,0,0,0,0,0,0,1,0,0,0,0,0,2,0,0,0,0,0,0,0,0,0,0,0,0,0,0,0,0,0,0,0,0,0,0,0,0,0,0,0,0,0,0,0,0,0,0,0,0,0,0,0,0,0,0,0,0,0,0,0,0,0,0,0,0,0,0,0,0,0,0,0,0,0,0,0,0,0,0,1,0
1523,0,0,0,0,0,0,0,0,0,0,1,0,0,0,3,0,20,5,2,3,4,0,0,0,0,0,0,0,0,0,1,0,0,0,0,0,0,0,0,0,0,0,0,0,0,0,0,0,0,0,0,0,0,1,0,0,0,0,0,0,0,0,0,0,0,0,0,0,0,0,0,0,0,0,0,0,0,0,0,0,0,0,0,0,0,0,0,1,2,0,0,0,0,0,5,0,0,1,0,0,0,0,0,0,0,0,1,0,0,0,0,0,0,0,0,0,0,3,0,0,0,0,0,0,0,0,0,0,0,0,0,0,0,1,0,0,0,0,0,0,0,0,0,0,0,0,0,0,0,0,0,0,0,0,0,0,0,0,0,0,0,0,0,0,0,0,0,0,0,0,0,0,0,0,0,0,0,0,0,0,0,0,0,0,0,0,0,0,0,0,0,0,0,0,0,0,0,0,0,0,1,0
1524,0,0,0,0,0,0,0,0,0,0,0,0,0,0,0,0,11,2,0,0,4,0,0,0,0,0,0,0,0,0,1,0,0,0,0,1,0,0,1,0,0,0,0,0,0,0,0,0,0,0,0,0,0,0,1,0,0,0,0,0,0,0,0,0,0,0,0,0,1,0,0,0,0,1,0,0,0,0,0,0,0,0,0,0,0,0,0,1,6,1,0,0,0,0,2,0,0,1,0,0,0,0,0,0,0,0,2,0,0,0,0,0,0,0,0,0,0,1,0,0,0,0,0,0,0,0,0,0,0,0,1,0,0,1,0,0,0,0,0,0,0,0,0,0,0,0,0,0,0,0,0,0,0,0,0,0,0,0,0,0,0,0,0,0,0,0,0,0,0,0,0,0,0,0,0,0,2,0,0,0,0,0,0,0,0,0,0,0,0,0,0,0,0,0,0,0,0,0,0,0,0,0
1525,0,0,0,0,0,0,0,1,0,0,0,0,1,0,0,0,8,0,0,3,1,0,0,0,0,0,0,0,0,0,0,1,0,0,0,3,0,0,0,0,0,0,0,0,0,0,0,1,0,0,0,0,0,0,0,0,0,0,0,0,0,0,1,0,0,0,0,0,0,0,0,0,0,0,0,0,0,0,0,0,0,0,0,0,0,0,0,0,2,6,0,0,0,0,6,0,0,0,0,0,0,0,0,0,0,0,3,0,0,0,0,0,0,0,0,0,0,0,0,0,0,0,0,0,0,1,0,0,0,0,0,0,0,0,0,0,1,0,0,0,0,0,0,0,0,0,1,0,0,0,0,0,0,0,0,0,0,0,0,0,0,0,0,0,0,0,0,0,0,0,0,0,0,0,0,0,1,0,0,0,0,0,0,0,0,0,0,0,0,0,0,0,0,0,0,0,0,0,0,0,0,0
1526,0,0,0,0,0,0,0,0,0,0,0,0,0,0,2,0,1,4,0,0,3,0,0,0,0,0,0,0,0,0,0,0,0,0,0,0,0,0,2,0,0,0,0,0,0,0,1,0,0,0,0,0,0,0,0,0,0,0,0,0,0,1,0,0,0,0,0,0,0,0,0,0,0,0,0,0,0,0,0,0,0,0,0,0,0,0,0,2,2,5,0,0,0,0,4,0,0,2,0,0,0,0,0,0,0,0,1,0,0,0,0,0,0,0,0,0,0,0,0,0,0,0,0,0,0,0,0,0,0,0,0,0,0,0,0,0,0,0,0,0,0,0,0,0,0,0,0,0,0,0,0,0,0,0,0,0,0,0,0,0,0,0,0,0,0,0,0,0,0,0,0,0,0,0,0,0,0,0,0,0,0,0,0,0,0,0,0,0,0,0,0,0,0,0,0,0,0,0,0,0,1,0
1527,1,0,0,0,0,0,0,0,0,0,0,0,0,0,0,0,4,1,0,2,5,0,0,0,1,0,0,0,0,0,2,1,0,0,0,1,0,0,1,0,0,0,0,0,0,0,0,0,0,0,0,0,0,0,0,0,0,0,0,0,0,0,0,0,0,0,0,0,0,0,0,0,0,0,0,0,0,0,0,0,0,0,0,0,0,0,0,0,3,2,0,0,0,0,6,0,0,0,0,0,0,0,0,0,0,0,1,0,0,0,0,0,0,0,0,0,0,3,0,0,0,0,0,0,0,0,0,0,0,0,1,0,0,1,0,0,0,0,0,0,0,0,0,0,0,0,3,0,0,0,0,0,0,0,0,0,0,0,0,0,0,0,0,0,0,0,0,0,0,0,0,0,0,0,0,0,0,0,0,0,0,0,0,0,0,0,0,0,0,0,0,0,0,0,0,0,0,0,0,0,0,0
1528,0,0,0,0,0,0,0,0,0,0,0,0,0,0,0,0,8,3,0,1,3,0,0,0,0,0,0,0,0,0,0,1,0,0,0,2,0,0,0,0,0,0,0,0,0,0,0,0,0,0,0,0,0,0,0,0,0,0,0,0,0,0,0,0,0,0,0,0,0,0,0,0,0,0,0,0,0,0,0,0,0,0,0,0,0,0,0,1,0,3,0,0,0,0,2,0,0,0,0,0,0,0,0,0,0,0,0,0,0,0,0,0,0,0,0,0,0,2,0,0,0,0,1,0,0,0,0,0,0,0,0,0,0,0,0,0,0,0,0,0,0,0,0,0,0,0,2,0,0,0,0,0,0,0,0,0,0,0,0,0,0,0,0,0,0,0,0,0,0,0,0,0,0,0,0,0,0,0,0,0,0,0,0,0,1,0,0,0,0,0,0,0,0,0,0,0,0,0,0,0,0,0
1529,0,0,0,0,0,0,0,0,0,0,0,0,0,0,0,0,4,0,0,0,1,0,0,0,0,0,0,0,0,0,0,1,0,0,0,1,0,0,0,0,0,0,0,0,0,0,1,0,0,0,0,0,0,0,0,0,0,0,0,0,0,0,0,0,0,0,0,1,0,1,0,0,0,0,0,0,0,0,0,0,0,0,0,0,0,0,0,0,2,2,0,0,0,0,2,0,0,2,0,0,0,0,0,0,0,0,7,0,0,0,0,0,0,0,1,0,0,4,0,0,0,0,0,0,0,0,0,0,0,0,1,0,0,0,0,0,0,0,0,0,0,0,0,0,0,0,0,0,0,0,0,0,0,0,0,0,0,0,0,0,0,0,0,0,0,0,0,0,0,0,0,0,0,0,0,0,0,0,0,0,0,0,0,0,1,0,0,0,0,0,0,0,0,0,0,0,0,0,0,0,0,0
1530,0,0,0,0,0,0,0,0,0,0,0,0,1,0,0,0,3,4,0,0,0,0,0,0,0,0,0,0,0,0,1,0,0,0,0,1,0,0,0,0,0,0,0,0,0,0,0,0,0,0,0,0,0,0,0,0,0,0,0,0,0,0,0,0,0,0,0,0,0,0,0,0,0,1,0,0,0,0,0,0,0,1,0,0,0,0,0,0,4,5,0,0,0,0,6,0,0,0,1,0,0,0,0,0,0,0,0,0,0,0,0,0,0,1,0,0,0,4,0,1,0,0,0,0,0,0,0,0,0,0,0,0,0,1,0,0,0,0,0,0,0,0,1,0,0,0,0,0,0,0,0,0,0,0,0,0,0,0,1,0,0,0,0,0,0,0,0,0,0,0,0,0,0,0,0,0,2,0,0,0,0,0,0,0,2,0,0,0,0,0,0,0,0,0,0,0,0,0,0,0,0,0
1531,0,0,0,0,0,0,0,0,0,0,0,0,0,0,0,0,5,3,1,0,2,0,0,0,0,0,0,0,0,0,0,0,0,0,0,1,0,0,0,0,0,0,0,0,0,0,1,0,0,0,0,0,0,0,0,0,0,0,0,0,0,0,0,0,0,0,0,0,0,0,0,0,0,0,0,0,2,0,0,0,0,0,0,0,0,0,0,1,2,6,0,0,0,0,1,0,0,1,0,0,0,0,0,0,0,0,2,1,0,0,0,0,0,0,0,0,0,6,0,0,0,0,0,0,0,1,0,0,0,0,0,0,0,0,0,0,1,0,0,0,0,0,0,0,0,0,1,0,0,0,0,0,0,0,0,0,0,0,0,0,0,0,0,0,0,0,0,0,0,0,0,0,0,0,0,0,0,0,0,0,0,0,0,0,0,0,0,0,0,0,0,0,0,0,0,0,0,0,0,0,0,0
1532,0,0,2,0,0,0,0,1,0,0,0,0,1,0,0,0,7,1,0,1,1,0,0,0,0,0,0,0,0,0,0,0,0,0,0,0,1,0,0,0,0,0,0,0,0,0,0,0,0,0,0,0,0,0,0,0,0,0,0,0,0,0,0,0,0,0,0,0,0,0,0,0,0,0,0,0,0,0,0,0,0,0,0,0,0,0,0,0,1,2,0,0,0,0,6,0,0,0,0,0,0,0,0,0,0,0,0,3,0,0,0,0,0,0,0,0,0,4,0,0,0,0,0,0,0,0,0,0,0,0,1,0,0,0,0,1,0,0,0,0,0,1,0,0,0,0,0,0,0,0,0,0,0,0,0,0,0,0,0,0,0,0,0,0,0,0,0,0,0,0,0,0,0,0,0,0,1,0,0,0,0,0,0,0,1,0,0,0,0,0,0,0,0,0,0,0,0,0,0,0,0,0
1533,0,0,0,0,0,0,0,0,0,0,1,0,0,0,0,0,3,1,0,0,8,0,0,0,0,0,0,0,0,0,2,1,0,0,0,0,0,0,1,0,0,0,0,0,0,0,0,0,0,0,0,0,0,0,2,0,0,0,0,0,0,0,0,0,0,0,0,0,0,0,0,0,0,0,0,0,0,0,0,0,0,0,0,0,0,0,0,0,1,8,0,0,0,0,8,0,0,0,1,0,0,0,0,0,0,0,1,2,0,0,0,0,0,0,0,0,0,7,0,0,0,0,0,0,0,0,0,0,0,0,0,0,0,0,0,2,1,1,0,0,0,0,0,0,0,0,2,0,0,0,0,0,0,0,0,0,0,0,0,0,0,0,0,0,0,0,0,0,0,0,0,0,0,0,0,0,1,0,0,0,0,0,0,0,0,0,0,0,0,0,0,0,0,0,0,0,0,0,0,0,0,0
1534,0,0,0,0,0,0,0,0,0,0,0,0,0,0,0,0,7,1,1,0,1,0,0,0,0,0,0,0,0,0,1,0,0,0,0,0,0,0,1,0,0,0,0,0,0,0,0,0,0,0,0,0,0,1,1,0,0,0,0,0,0,0,0,0,0,0,0,0,0,0,0,0,0,0,0,0,0,0,0,0,0,0,0,0,0,0,0,0,2,1,0,0,0,0,11,0,0,1,0,0,0,0,0,0,0,0,2,0,0,0,0,0,0,0,0,0,0,8,0,0,0,0,0,0,0,0,0,1,0,0,1,0,0,0,0,1,0,0,0,0,0,0,0,0,0,0,1,0,0,1,0,0,0,0,0,0,0,0,0,0,0,0,0,0,0,0,0,0,0,0,0,0,0,0,0,0,0,0,0,0,0,0,0,0,2,0,0,0,0,0,0,0,0,0,0,0,0,0,0,0,0,0
1535,0,0,0,0,0,0,0,0,0,0,0,0,0,0,1,0,3,0,0,0,2,0,0,0,0,0,0,0,0,0,1,1,0,0,0,2,0,0,3,0,0,0,0,0,0,0,0,0,0,0,0,0,0,1,1,0,0,0,0,0,0,0,0,0,0,0,0,0,0,0,0,0,0,0,0,0,0,0,0,0,0,0,0,0,0,0,0,3,3,1,0,0,0,0,11,0,0,1,0,0,0,0,0,0,0,0,4,1,1,0,0,0,0,0,0,0,0,3,0,0,0,0,0,0,0,0,0,0,0,0,0,0,0,1,0,0,2,1,0,0,0,0,0,0,0,0,0,0,0,0,1,0,0,0,0,0,0,0,0,0,0,0,0,0,0,0,0,0,0,0,0,0,0,0,0,0,0,0,0,0,0,0,0,0,0,0,0,0,0,0,0,0,0,0,0,0,0,0,0,0,1,0
1536,0,0,0,0,0,0,0,0,0,0,0,0,1,0,0,0,1,1,1,0,7,1,0,0,0,0,0,0,0,0,0,0,0,0,0,0,0,0,1,0,0,0,0,0,1,0,0,1,0,0,0,0,0,0,0,0,0,0,0,0,0,3,0,0,0,0,0,0,0,0,0,0,0,0,0,0,0,0,0,0,0,0,0,0,0,0,0,1,3,1,0,0,0,0,18,0,0,0,0,0,0,0,0,0,0,0,3,0,0,0,0,0,0,0,0,0,0,8,0,0,0,0,0,0,0,1,0,0,0,0,2,0,0,0,0,0,0,0,0,0,0,0,0,0,0,0,0,0,0,0,0,0,0,0,0,0,0,0,0,0,0,0,0,1,0,0,0,0,0,0,1,0,0,0,0,0,0,0,0,0,0,1,0,0,0,0,0,0,0,0,0,0,0,0,0,0,0,0,0,0,0,0
1537,0,0,0,0,0,0,0,0,0,0,0,0,0,0,1,0,3,2,2,0,3,0,0,0,0,0,0,0,0,0,0,0,0,0,0,1,0,0,2,0,0,0,0,0,0,0,1,0,0,0,0,0,0,0,1,0,0,0,0,0,0,1,0,0,0,0,0,0,0,0,0,0,0,0,0,0,0,0,0,0,0,0,0,0,0,0,0,2,2,0,0,0,0,0,12,0,0,0,0,0,0,0,0,0,0,0,8,0,0,0,0,0,0,0,0,0,0,7,0,0,0,0,0,0,0,0,0,1,0,0,0,0,0,1,0,0,1,0,0,0,0,0,0,0,0,0,2,0,0,0,0,0,0,0,0,0,0,0,0,0,0,0,0,0,0,0,0,0,0,0,0,0,0,0,0,0,1,0,0,0,0,0,0,0,0,0,0,0,0,0,0,0,0,0,0,0,0,0,0,1,0,0
1538,0,0,0,0,0,0,0,1,0,0,0,0,0,0,0,0,8,1,3,0,4,0,0,0,0,0,0,0,0,0,0,1,0,0,0,0,0,0,0,0,0,0,0,0,0,0,0,0,0,0,0,0,0,1,0,0,0,0,0,0,0,0,0,0,0,0,0,0,0,0,0,0,0,0,0,0,0,0,0,0,0,0,0,0,0,0,0,1,3,4,0,0,0,0,14,0,1,1,0,0,0,0,0,0,0,0,4,0,0,0,0,1,0,0,0,0,0,9,0,1,0,0,0,0,0,0,0,0,0,0,1,0,0,0,0,0,0,0,0,0,0,0,0,0,0,0,0,0,0,0,0,0,0,0,0,0,0,0,0,0,0,0,0,1,0,0,0,0,0,0,0,0,0,0,0,0,1,0,0,0,0,0,0,0,0,0,0,0,0,0,0,0,0,0,0,0,0,0,0,0,0,0
1539,0,0,0,0,0,0,0,2,0,0,0,0,0,0,0,0,6,5,5,0,2,0,0,0,0,0,0,0,0,0,0,0,0,0,0,1,0,1,0,0,0,0,0,0,0,0,0,0,0,0,0,0,0,0,0,0,0,0,0,0,0,0,0,0,0,0,0,0,0,0,0,0,0,0,0,0,0,0,0,0,0,0,0,0,0,0,0,2,1,3,0,0,0,0,12,0,0,4,0,0,0,0,0,0,0,0,0,1,0,0,0,0,0,0,0,0,0,6,0,0,0,0,0,0,0,1,0,1,0,1,0,0,0,0,0,0,1,0,0,0,1,0,0,0,0,0,2,1,0,0,0,0,0,0,0,0,0,0,0,0,0,0,0,0,0,0,0,0,0,0,0,0,0,0,0,0,0,0,0,0,0,0,0,0,0,0,0,0,0,0,0,0,0,0,0,0,0,0,0,0,0,0
1540,0,0,0,0,0,0,0,1,0,0,0,0,0,0,1,0,0,3,1,0,1,0,0,0,0,0,0,0,0,0,0,0,0,0,0,0,0,0,0,0,0,0,0,0,0,0,0,0,0,0,0,0,0,1,0,0,0,0,0,0,0,0,0,0,1,0,0,0,0,0,0,0,0,0,0,0,0,0,0,0,0,0,0,0,0,0,0,0,2,4,0,0,0,0,13,0,0,1,0,0,0,0,0,0,0,0,6,0,0,0,0,0,0,1,0,0,0,12,0,0,0,0,0,0,0,0,0,0,0,1,0,0,0,0,0,0,1,0,0,0,0,0,0,0,0,0,1,0,0,0,0,0,0,0,0,0,0,0,0,0,0,0,0,0,0,0,0,0,0,0,0,0,0,0,0,0,1,0,0,0,1,0,0,0,0,0,0,0,0,0,0,0,0,0,0,0,0,0,0,0,0,0
1541,0,0,0,0,0,0,0,2,0,0,0,0,0,0,0,0,4,2,2,0,1,0,0,0,1,0,0,0,0,0,0,0,0,0,0,0,0,0,1,0,0,0,0,0,0,0,1,0,0,0,0,0,0,1,0,0,0,0,0,0,0,0,0,0,0,0,0,0,0,1,0,0,0,0,0,0,0,0,3,0,0,1,0,0,0,0,0,3,2,7,0,0,0,0,20,0,0,0,0,0,0,0,0,0,0,0,6,0,0,0,0,0,0,0,0,0,0,9,0,0,0,0,0,0,0,1,0,0,0,0,0,0,0,0,0,0,0,0,0,0,0,0,0,0,0,0,1,1,0,0,0,0,0,0,0,0,0,0,0,0,0,0,0,0,0,0,0,0,0,0,0,0,0,0,0,0,0,0,0,0,0,0,0,0,2,0,0,0,0,0,0,0,0,0,0,0,0,0,0,0,0,0
1542,0,0,0,0,0,0,0,2,0,0,0,0,0,1,0,1,3,6,1,0,1,0,0,0,0,0,0,0,0,0,0,0,0,0,0,0,0,0,1,0,0,0,0,0,0,0,0,0,0,0,0,0,0,1,0,0,0,0,0,0,0,0,0,0,0,0,0,0,0,0,0,0,0,0,0,0,0,0,0,0,0,0,0,0,0,0,0,2,3,2,0,0,0,0,23,0,0,1,0,0,0,0,0,0,0,0,4,0,0,0,0,0,0,0,0,0,0,7,0,0,0,0,0,0,0,3,0,0,0,0,1,1,0,0,0,1,0,0,0,0,0,1,0,0,0,0,4,0,0,0,0,0,0,0,0,0,0,0,0,0,0,0,0,0,0,0,0,0,0,0,0,0,0,0,0,0,0,0,0,0,0,0,0,0,0,0,0,0,0,0,0,0,0,0,0,0,0,0,0,0,0,0
1543,0,0,0,0,0,0,0,0,0,0,0,0,0,0,0,0,3,2,1,2,2,0,0,0,0,0,0,0,0,0,0,0,0,0,0,0,0,1,0,0,0,0,0,0,0,0,0,0,0,0,0,0,0,1,0,0,0,0,0,0,0,0,0,0,0,0,0,0,0,0,0,0,0,0,0,0,0,0,1,0,0,0,0,0,0,0,0,1,3,3,0,0,0,0,16,0,0,1,0,0,0,0,0,0,0,0,1,0,0,0,0,0,0,1,0,0,0,7,0,1,0,0,0,0,0,0,0,0,0,0,0,0,0,0,0,0,1,0,0,0,0,0,0,3,0,0,0,0,0,0,0,0,0,0,0,0,0,0,0,0,0,0,0,0,0,0,0,0,0,0,0,0,0,0,0,0,0,0,0,0,0,0,0,0,0,0,0,0,0,0,0,0,0,0,0,0,0,0,0,0,0,0
1544,1,0,0,0,0,0,0,0,0,0,0,0,0,0,3,0,4,2,0,0,0,0,0,0,0,0,0,0,0,0,1,0,0,0,0,0,0,0,4,0,0,0,0,0,0,0,0,1,0,0,0,0,0,0,1,0,0,0,0,0,0,0,0,0,0,0,0,1,0,0,0,0,0,0,0,0,0,0,1,0,0,0,0,0,0,0,0,3,7,2,0,0,0,0,14,0,0,1,0,0,0,0,0,0,0,0,1,0,0,0,0,0,0,0,0,0,0,4,0,0,0,0,0,0,0,0,0,0,0,0,1,0,0,0,1,1,0,0,0,0,0,0,0,0,0,0,0,0,0,0,1,0,0,0,0,0,0,0,0,0,0,0,0,0,0,0,0,0,0,0,0,0,0,0,0,0,1,0,0,0,0,0,0,0,0,0,0,0,0,0,0,0,0,0,0,0,0,0,0,0,0,0
1545,0,0,0,0,0,0,0,0,0,0,0,0,0,1,6,0,1,0,0,0,5,0,0,0,0,0,0,0,0,0,1,0,0,0,0,0,0,0,0,0,0,0,0,0,0,0,0,0,0,0,0,0,0,1,0,0,0,0,0,0,0,0,0,0,0,0,0,1,0,0,0,0,0,0,0,0,0,0,0,0,0,0,0,0,0,0,0,3,4,4,0,0,0,0,16,0,0,0,0,0,0,0,0,0,0,0,2,0,0,0,0,0,0,2,0,0,0,4,0,0,0,0,0,0,0,0,0,0,0,1,1,1,0,0,0,1,1,0,0,0,0,0,0,2,0,0,1,0,0,0,0,0,0,1,0,0,0,0,1,0,0,0,0,0,0,0,0,0,0,0,0,0,0,0,0,0,0,0,0,0,0,0,0,0,2,0,0,0,0,0,0,0,0,0,0,0,0,0,0,0,2,0
1546,0,0,0,0,0,0,0,2,0,0,1,0,0,0,6,0,15,3,3,2,1,1,0,0,0,0,0,0,0,0,0,0,0,0,1,1,0,0,0,0,0,0,0,0,0,0,1,0,0,0,0,0,0,1,0,0,0,0,0,0,0,0,0,0,0,0,0,0,0,0,0,0,0,0,0,0,0,0,0,0,0,0,0,0,0,0,0,1,3,8,0,1,0,0,22,0,0,1,0,0,0,0,0,0,0,0,4,0,0,0,0,0,0,0,0,0,0,7,0,0,0,0,0,0,0,0,0,0,0,0,3,0,0,0,0,0,0,0,0,0,0,0,0,1,0,0,0,0,0,0,0,0,0,0,0,0,0,0,0,0,0,0,0,0,0,0,0,0,0,0,0,0,0,0,0,0,0,0,0,0,0,0,0,0,0,0,0,0,0,0,0,0,0,0,0,0,0,0,0,0,0,0
1547,0,0,0,0,0,0,0,1,0,0,0,0,0,0,1,0,4,4,1,0,1,0,0,0,0,0,0,0,0,0,0,0,0,0,0,2,0,0,0,0,0,0,0,0,0,0,0,0,0,0,0,0,0,0,0,0,0,0,0,0,0,0,0,0,0,0,0,0,0,0,0,0,0,0,0,0,0,0,1,0,0,0,0,0,0,0,0,0,2,4,0,0,0,0,11,0,0,1,0,0,0,0,0,0,0,0,1,0,0,0,0,0,0,0,0,0,0,9,0,0,0,0,0,0,0,0,0,0,0,0,0,0,0,0,1,0,0,0,0,0,0,1,0,0,0,0,0,0,0,0,1,0,0,0,0,0,0,0,0,0,0,0,0,0,0,0,0,0,0,0,0,0,0,0,0,0,1,0,0,0,0,0,0,0,0,0,0,0,0,0,0,0,0,0,0,0,0,0,0,0,0,0
1548,0,0,0,0,0,0,0,0,0,0,1,0,0,0,0,0,2,1,0,0,4,0,0,0,0,0,0,0,0,0,0,2,0,0,0,0,0,0,1,0,0,0,0,0,0,1,0,0,0,0,0,0,0,1,1,0,0,0,0,0,0,0,0,0,0,0,0,0,0,0,0,0,0,1,0,0,0,0,0,0,0,0,0,0,0,0,0,1,1,1,0,0,0,0,25,0,0,4,0,0,0,0,0,0,0,0,6,0,0,0,0,0,0,0,0,0,0,14,0,1,0,0,0,0,0,0,0,0,0,2,1,0,0,0,0,0,1,1,1,0,0,0,0,0,0,0,0,0,0,0,0,0,0,0,0,0,0,0,0,0,0,0,0,1,0,0,0,0,0,0,0,0,0,0,0,0,0,0,0,0,0,0,0,0,0,0,0,0,0,0,0,0,0,0,0,0,0,0,0,0,2,0
1549,0,0,0,0,0,0,0,1,0,0,0,0,0,0,0,0,5,3,0,2,2,0,0,0,0,0,0,0,0,0,1,0,0,0,1,0,0,0,4,0,0,0,0,0,0,0,0,1,0,0,0,0,0,1,0,0,0,0,0,0,0,0,0,0,0,0,0,0,0,0,0,0,0,0,0,0,0,0,1,0,0,0,0,0,0,0,0,5,3,0,0,0,0,0,13,0,0,1,0,0,0,0,0,0,0,0,1,0,0,0,0,0,0,0,0,0,0,5,0,1,0,0,0,0,0,0,0,0,0,1,3,0,0,0,0,0,1,0,0,0,0,0,0,0,0,0,3,0,0,0,0,0,0,0,0,0,0,0,0,0,0,0,0,0,0,0,0,0,0,0,0,0,0,0,0,0,0,0,0,0,0,0,0,0,1,0,0,0,0,0,0,0,0,0,0,0,0,0,1,0,1,0
1550,0,0,0,0,0,0,0,2,0,0,0,0,0,0,2,1,4,5,0,3,3,0,0,0,0,0,0,0,0,0,1,1,0,0,0,0,0,1,1,0,0,0,1,0,0,0,0,0,0,0,0,0,0,1,0,0,0,0,0,0,0,0,0,0,0,0,0,3,1,1,0,0,1,0,0,0,0,0,1,0,0,0,0,0,0,0,0,1,3,2,0,0,0,0,24,0,0,4,0,0,0,0,0,0,0,0,8,1,0,0,0,0,0,1,0,0,0,7,0,0,0,0,0,0,0,0,0,0,0,0,0,1,0,0,0,0,0,2,0,0,0,0,0,0,0,0,2,1,0,0,0,0,0,0,0,0,0,0,0,0,0,0,0,0,0,0,0,0,0,0,0,0,0,0,0,0,2,0,0,0,0,0,0,0,0,0,0,0,0,0,0,0,0,0,0,0,0,0,0,0,2,0
1551,0,0,0,0,0,0,0,2,0,0,0,0,0,0,0,0,2,4,1,1,3,0,0,0,0,0,0,0,0,0,1,0,0,0,0,0,0,0,1,0,0,0,0,0,0,0,0,0,0,0,0,0,0,0,2,0,0,0,0,0,0,0,0,0,0,0,0,1,0,1,0,0,0,1,0,0,0,0,1,0,0,1,0,0,0,0,0,3,3,2,0,0,0,0,32,0,0,3,0,0,0,0,0,0,0,0,4,1,1,0,0,0,0,1,0,0,0,16,0,2,0,0,0,0,0,0,0,0,0,0,2,0,0,0,0,3,0,0,0,0,0,1,0,0,0,0,0,1,0,0,0,0,0,1,0,0,0,0,0,0,0,0,0,0,0,0,0,0,0,0,0,0,0,0,0,0,0,0,0,0,0,0,0,0,0,0,0,0,0,0,0,0,0,0,0,0,0,0,0,0,0,0
1552,0,1,0,0,0,0,0,0,0,1,0,0,0,0,1,0,4,3,0,0,3,0,0,0,0,0,0,0,0,1,1,0,0,0,0,1,0,0,2,0,0,0,0,0,1,0,0,0,0,0,0,0,0,1,0,0,0,0,0,0,0,0,0,0,0,0,0,0,0,0,0,0,0,0,0,0,1,0,0,0,0,0,0,0,0,0,0,0,1,2,0,0,0,0,21,0,0,3,0,0,0,0,0,0,0,0,6,1,2,0,0,0,0,1,0,0,0,4,0,0,0,0,0,0,0,0,0,0,0,0,4,0,0,0,0,0,0,0,0,0,0,0,0,0,0,0,2,0,0,1,0,0,0,0,0,0,0,0,0,0,0,0,0,0,0,0,0,0,0,0,0,0,0,0,0,0,0,0,0,0,0,0,0,0,0,0,0,0,0,0,0,0,0,0,0,0,0,0,0,0,0,0
1553,0,0,0,0,0,0,0,0,0,0,0,0,0,0,1,0,1,3,0,0,2,0,0,0,0,2,0,1,0,0,0,0,0,0,0,0,0,1,1,0,0,0,1,0,0,0,0,0,0,0,0,0,0,0,0,0,0,0,0,0,0,0,0,0,0,0,0,1,0,0,0,0,0,0,0,0,0,0,0,0,0,0,0,0,0,0,0,1,5,2,0,0,0,0,9,0,0,4,0,0,0,0,0,0,0,0,2,0,0,0,0,0,0,0,0,0,0,8,0,0,0,0,0,0,0,0,0,0,0,0,0,0,0,1,0,1,3,0,0,0,0,0,0,0,0,0,4,1,0,0,0,0,0,0,0,0,0,0,0,0,0,0,0,0,0,0,0,0,0,0,0,0,0,0,0,0,0,0,0,0,0,0,0,0,0,0,0,0,0,0,0,0,0,0,0,0,0,0,0,0,0,0
1554,0,0,0,0,0,0,0,0,0,0,0,0,0,0,1,0,0,0,0,2,5,0,0,0,0,0,0,0,0,0,1,0,0,0,1,0,0,0,1,0,0,0,0,0,0,0,0,1,0,0,0,0,0,1,0,1,0,0,0,0,0,0,0,0,0,0,0,0,0,0,0,0,0,1,0,0,0,0,1,0,0,0,0,0,0,0,0,2,7,1,0,0,0,0,11,0,0,1,0,0,0,0,0,0,0,0,1,0,0,0,0,0,0,1,0,0,0,10,0,0,0,0,0,0,0,0,0,0,0,0,7,0,0,0,0,0,1,0,0,0,0,0,1,0,0,0,0,1,0,0,0,0,0,0,0,0,0,0,0,0,0,0,0,0,0,0,0,0,0,0,0,0,0,0,0,0,0,0,0,0,0,0,0,0,0,0,0,0,0,0,0,0,0,0,0,0,0,0,1,0,0,0
1555,0,0,0,0,0,0,0,1,0,0,0,0,0,0,2,0,3,1,0,0,4,0,0,0,0,0,0,0,0,0,0,0,0,0,2,0,1,0,1,0,0,0,0,0,0,0,0,0,0,0,0,0,0,0,0,0,0,0,0,0,0,0,0,0,0,0,0,1,0,0,0,0,0,0,0,0,1,0,0,0,0,0,0,0,0,0,0,1,3,3,0,0,0,0,18,0,0,2,0,0,0,0,0,0,0,0,2,0,0,0,0,0,0,1,0,0,0,8,0,0,0,0,0,0,0,0,0,0,0,0,1,1,0,0,0,0,0,0,0,0,0,0,0,0,0,0,0,0,0,0,0,0,0,0,0,0,0,1,0,0,0,0,0,0,0,0,0,0,0,0,0,0,0,0,0,0,0,0,0,0,0,0,0,0,0,0,0,0,0,0,0,0,0,0,0,0,0,0,0,0,1,0
1556,0,0,0,0,0,0,0,1,0,0,0,0,0,0,3,0,2,0,0,0,4,0,0,0,0,0,0,1,0,0,0,0,0,0,0,0,0,0,1,0,0,0,0,0,0,0,0,3,0,0,0,0,0,1,1,0,0,0,0,0,0,2,0,0,0,0,0,1,0,0,0,0,0,0,0,0,0,0,1,0,0,0,0,0,0,0,0,1,2,6,0,0,0,0,19,0,1,2,0,0,0,0,0,0,0,0,4,0,1,0,0,1,0,1,0,0,0,9,0,2,0,0,0,0,0,1,0,0,0,1,0,0,0,0,0,1,1,0,0,0,0,0,0,0,0,0,1,0,0,0,0,0,0,0,0,0,0,0,0,0,0,0,0,0,0,0,0,0,0,0,0,0,0,0,0,0,0,0,0,0,0,0,0,0,0,0,0,0,0,0,0,0,0,0,0,0,0,0,0,0,0,0
1557,0,0,0,0,0,0,0,1,0,0,0,0,1,0,2,0,2,1,2,0,1,0,0,0,0,1,0,0,0,0,0,0,0,0,0,0,0,0,0,0,0,0,0,0,0,0,0,2,0,0,0,0,0,0,0,0,0,0,0,0,1,0,0,0,0,0,0,0,0,0,0,0,0,0,0,0,0,0,1,0,0,0,0,0,0,0,0,3,4,4,0,0,0,0,23,0,0,1,0,0,0,0,0,0,0,0,1,0,0,1,0,0,0,0,0,0,0,5,0,1,0,0,0,0,0,1,0,0,0,0,1,2,0,0,1,1,0,2,0,0,0,0,0,0,0,0,1,1,0,0,0,0,0,0,0,0,0,0,0,0,0,0,0,0,0,0,0,0,0,0,0,0,0,0,0,0,0,0,0,0,0,0,0,0,0,0,0,0,0,0,0,0,0,0,0,0,0,0,0,0,1,0
1558,0,0,0,0,0,0,0,0,0,0,0,0,0,0,4,0,0,4,0,0,2,0,0,0,0,0,0,0,0,0,0,0,0,0,0,0,0,1,0,0,0,0,0,0,0,0,0,1,0,0,0,0,0,0,0,0,0,0,0,0,0,1,0,0,0,0,0,0,0,0,0,0,0,0,0,0,0,0,1,0,0,1,0,0,0,0,0,1,3,0,0,0,0,0,18,0,0,0,0,0,0,0,1,0,0,0,0,0,0,1,0,0,0,0,0,0,0,5,0,0,0,0,0,0,0,1,0,0,0,1,4,0,0,0,0,1,0,0,0,0,0,0,0,0,0,0,1,1,0,0,0,0,0,0,0,0,0,0,0,0,0,0,0,0,0,0,0,0,0,0,0,0,0,0,0,0,0,0,0,0,0,0,0,0,1,0,0,0,0,0,0,0,0,0,0,0,0,0,0,0,0,0
1559,0,0,0,0,0,0,0,0,0,0,0,0,1,1,5,0,1,4,0,0,6,0,0,0,0,0,0,1,0,0,1,1,0,0,0,0,0,0,2,0,0,0,0,0,0,0,0,0,0,0,0,0,0,0,1,0,0,0,0,0,0,0,0,0,0,0,0,0,0,0,0,0,0,0,0,0,0,0,1,0,0,0,0,0,0,0,0,2,5,4,0,0,0,0,11,0,0,1,0,0,0,0,0,0,0,0,0,0,0,0,0,0,0,0,0,0,0,8,0,0,0,0,0,0,0,0,0,0,0,1,0,0,0,0,0,1,0,0,0,0,0,0,0,0,0,0,0,0,0,0,0,0,0,0,0,0,0,0,1,0,0,0,0,0,0,0,0,0,0,0,0,0,0,0,0,0,0,0,0,0,0,0,0,0,0,0,0,0,0,0,0,0,0,0,0,0,0,0,0,0,0,0
1560,0,0,0,0,0,0,0,0,0,0,0,0,2,0,1,0,0,4,1,0,5,0,0,0,0,0,0,0,0,0,0,0,0,0,0,1,0,0,0,0,0,0,0,0,1,0,0,0,0,0,0,0,0,0,0,0,0,0,0,0,0,0,0,0,0,0,0,0,0,0,0,0,0,1,0,0,0,0,0,0,0,0,0,0,0,0,0,2,5,5,0,0,0,0,18,0,0,1,0,0,0,0,0,0,0,0,3,0,0,1,0,1,0,0,0,0,0,4,0,0,0,0,0,0,0,0,0,0,0,2,0,0,0,0,0,0,1,0,0,0,0,0,0,0,0,0,0,0,0,0,0,0,0,0,0,0,0,0,1,0,0,0,0,0,0,0,0,0,0,0,0,0,0,0,0,0,0,0,0,0,0,0,0,0,2,0,0,0,0,0,0,0,0,0,0,0,0,0,0,0,0,0
1561,0,1,0,0,0,0,0,1,0,0,0,0,1,0,1,0,1,1,1,1,4,0,0,0,0,0,0,0,0,0,2,2,0,0,0,0,0,0,1,0,0,0,1,0,0,0,0,0,0,0,0,0,0,1,0,0,0,0,0,0,0,0,0,0,0,0,0,0,0,0,0,0,0,0,0,0,0,0,3,0,0,0,0,0,0,0,0,3,2,1,0,0,0,0,9,0,0,2,0,0,0,0,0,0,0,0,1,0,0,0,0,0,0,0,0,0,0,4,0,0,0,0,0,0,0,0,0,0,0,1,0,0,0,0,0,1,0,0,0,0,0,1,0,0,0,0,0,0,0,0,0,0,0,0,0,0,0,0,0,0,0,0,0,0,0,0,0,0,0,0,0,0,0,0,0,0,1,0,0,0,0,0,0,0,0,0,0,0,0,0,0,0,0,0,0,0,0,0,0,0,1,0
1562,0,0,0,0,0,0,0,0,0,0,0,0,1,0,1,0,3,0,0,0,0,0,0,0,0,0,0,0,0,0,1,0,0,0,0,0,0,1,3,0,0,0,0,0,0,0,0,2,0,0,0,0,0,1,0,0,0,0,0,0,0,0,0,0,0,0,0,0,0,0,0,0,0,0,0,0,0,0,0,0,0,0,0,0,0,0,0,1,2,0,0,0,0,0,18,0,0,3,0,0,0,0,1,0,0,0,4,1,0,0,0,0,0,0,0,0,0,1,0,1,0,0,0,0,0,0,0,0,0,0,2,0,0,0,0,0,0,0,1,0,0,1,0,0,0,0,0,0,0,1,0,0,0,0,0,0,0,0,2,0,0,0,0,0,0,0,0,0,0,0,0,0,0,0,0,0,0,0,0,0,0,0,0,0,1,0,0,0,0,0,0,0,0,0,0,0,0,0,0,0,0,0
1563,0,0,0,0,0,0,0,0,0,0,0,0,0,1,0,0,1,2,0,0,4,0,0,0,0,0,0,0,0,0,0,1,0,0,1,0,0,0,1,0,0,0,0,0,0,0,0,1,0,0,0,0,0,0,0,0,0,0,0,0,0,0,0,0,0,0,0,0,0,0,0,0,0,0,0,0,0,0,1,0,0,0,0,0,0,1,0,2,3,0,0,0,0,0,11,0,0,1,0,0,0,0,0,0,0,0,1,2,0,0,0,0,0,0,0,0,0,3,0,0,0,0,0,0,0,1,0,0,0,2,5,0,0,0,0,0,1,0,0,0,0,0,0,0,0,0,0,0,0,0,0,0,0,0,0,0,0,0,0,0,0,0,0,0,1,0,0,0,0,0,0,0,0,0,0,0,0,0,0,0,1,0,0,0,0,0,0,0,0,0,0,0,0,0,0,0,0,0,0,0,1,0
1564,1,0,0,0,0,0,0,0,0,1,0,0,0,0,2,0,2,1,0,0,5,0,0,0,0,0,0,0,0,0,1,0,0,0,0,0,0,1,1,0,0,0,0,0,0,0,0,0,0,0,0,0,0,1,1,0,0,0,0,0,0,1,0,0,0,0,0,0,0,0,0,0,0,2,0,0,0,0,1,0,0,0,0,0,0,0,0,5,3,1,0,0,0,0,16,0,0,8,0,0,0,0,0,0,0,0,2,1,0,0,0,0,0,0,0,0,0,8,0,0,0,0,0,0,0,1,0,0,0,1,4,0,0,0,1,0,0,0,0,0,1,0,0,1,0,0,0,0,0,1,0,0,0,0,0,0,0,0,2,0,0,0,0,0,1,0,0,0,0,0,1,0,0,0,0,0,0,0,0,0,0,0,0,0,0,0,0,0,0,0,0,0,0,0,0,0,0,0,0,0,1,0
1565,0,0,0,0,0,0,0,1,0,0,0,0,0,0,5,0,2,0,1,0,6,0,0,0,0,0,0,1,1,0,1,0,0,0,0,1,0,0,2,0,0,0,0,0,0,0,0,1,0,0,0,0,0,1,0,0,0,0,0,0,0,0,0,0,0,0,0,0,0,0,0,0,0,0,0,0,0,0,0,0,0,0,0,0,0,0,0,3,2,2,0,0,0,0,11,0,0,3,0,0,0,0,0,0,0,0,3,1,0,0,0,0,0,0,0,0,1,2,0,1,0,0,0,0,0,0,0,0,0,1,4,0,0,0,0,1,0,1,0,0,0,0,0,0,0,0,2,0,0,0,0,0,0,1,0,0,0,0,0,0,0,0,0,0,0,0,1,0,0,0,1,0,0,0,0,0,0,0,0,0,0,0,0,1,0,0,0,0,0,0,0,0,0,0,0,0,0,0,0,0,0,0
1566,0,0,0,0,0,0,0,0,0,0,0,0,0,0,3,0,1,2,2,0,2,0,0,0,0,0,0,1,0,0,2,1,0,1,1,0,0,0,2,1,0,0,0,0,1,0,0,2,0,0,0,0,0,0,0,0,0,0,0,0,0,1,0,0,0,0,0,1,0,0,0,0,0,0,0,0,0,0,0,0,0,1,0,0,0,0,0,3,7,2,0,0,0,0,19,0,0,3,0,0,0,0,0,0,0,0,2,0,0,0,0,0,0,0,0,0,0,4,0,0,0,0,0,0,0,0,0,0,0,0,5,0,0,0,1,0,3,0,0,0,0,0,0,0,0,0,1,0,0,0,1,0,0,0,0,0,0,0,1,0,0,0,0,0,0,0,0,0,0,0,0,0,0,0,0,0,0,0,0,0,0,0,0,0,0,0,0,0,0,0,0,0,0,0,0,0,0,0,0,0,0,0
1567,0,0,0,0,0,0,0,1,0,0,1,0,2,0,1,0,2,0,0,0,5,0,0,0,0,0,0,0,0,0,0,0,0,0,0,1,0,0,0,0,0,0,0,1,0,0,0,1,0,0,0,0,0,0,0,0,0,0,0,0,0,0,0,0,0,0,0,0,0,0,0,0,0,0,0,0,0,0,0,0,0,0,0,0,0,0,0,6,5,9,0,0,0,0,18,0,0,1,0,0,0,0,0,0,0,0,3,0,0,0,0,0,0,0,0,0,0,3,0,0,0,0,0,0,0,0,0,0,0,3,2,0,0,0,0,0,0,0,2,0,0,0,0,0,0,0,0,0,0,0,0,0,0,0,0,0,0,0,0,0,0,0,0,0,0,0,0,0,0,0,0,0,0,0,0,0,0,0,0,0,0,0,0,0,0,0,0,0,0,0,0,0,0,0,0,0,0,0,0,0,0,0
1568,0,0,0,0,0,0,0,1,0,0,0,0,0,0,0,0,2,0,0,1,3,0,0,0,0,0,0,0,0,0,0,1,0,0,0,0,0,1,1,0,0,0,0,0,0,0,0,1,0,0,0,0,0,0,0,0,0,0,0,0,0,0,0,0,0,0,0,0,0,0,0,0,0,0,0,0,0,0,1,0,0,0,0,0,0,0,0,2,3,2,0,0,0,0,14,0,0,3,0,0,0,0,1,0,0,0,0,0,0,0,0,0,0,0,0,0,0,3,0,0,0,1,0,0,0,0,0,0,0,0,2,0,0,0,0,0,0,0,0,0,0,1,0,0,0,0,0,0,0,0,0,0,0,0,0,0,0,1,2,0,0,0,0,0,0,0,0,0,0,0,0,0,0,0,0,0,0,0,0,0,0,0,0,0,0,0,0,0,0,1,0,0,0,0,0,0,0,0,0,0,0,0
1569,0,0,0,0,0,0,0,1,0,0,0,0,0,0,1,0,1,0,0,0,3,0,0,0,0,0,0,0,0,0,0,1,0,0,0,0,0,0,0,0,0,0,0,0,0,0,0,1,0,0,0,0,0,0,0,0,0,0,0,0,0,0,0,0,0,0,0,1,1,0,0,0,0,0,0,0,0,0,0,0,0,0,0,0,0,0,0,4,4,5,0,0,0,0,15,0,0,3,0,0,0,0,0,0,0,0,0,0,0,0,0,0,0,0,0,0,0,2,0,0,0,0,0,0,0,1,0,0,0,0,1,1,0,0,0,0,1,0,0,0,0,0,0,0,0,0,0,0,0,0,0,0,0,0,0,0,0,1,1,0,0,0,0,0,0,0,0,0,0,0,0,0,0,0,0,0,0,0,0,0,1,0,0,0,0,0,0,0,0,0,0,0,0,0,0,0,0,0,0,0,0,0
1570,0,0,0,0,0,0,0,0,0,0,0,0,0,0,0,0,2,3,0,0,4,0,0,0,0,0,0,0,0,0,0,1,0,0,0,0,0,0,1,0,0,0,0,0,0,0,0,0,0,0,0,0,0,0,1,0,0,0,0,0,0,0,1,0,0,0,0,0,0,0,0,0,0,0,0,0,0,0,0,0,0,0,0,0,0,0,0,13,8,0,0,0,0,0,24,0,0,7,0,0,0,0,0,0,0,0,2,0,0,0,0,0,0,1,0,0,0,6,0,0,0,0,0,0,0,0,0,0,0,0,1,0,0,1,0,2,0,0,0,0,0,0,0,0,0,0,1,0,0,0,0,0,0,0,0,0,0,0,0,0,0,0,0,1,0,0,0,0,0,0,0,0,0,0,0,0,0,0,0,0,0,0,0,0,0,0,0,0,0,0,0,0,0,0,0,0,0,0,0,0,3,0
1571,0,0,0,0,0,0,0,0,0,0,1,0,0,0,1,0,3,3,0,1,5,0,0,0,0,0,0,0,0,0,0,3,0,0,0,0,0,0,0,0,0,0,0,0,1,0,1,0,0,0,0,0,0,0,0,0,0,0,0,0,0,0,0,0,0,0,0,0,0,0,0,0,0,0,0,0,0,0,0,0,0,0,0,0,0,0,0,3,3,1,0,0,0,0,23,0,0,4,0,0,0,0,0,0,0,0,3,0,0,0,0,0,0,0,0,0,0,5,0,0,0,0,0,0,0,0,0,0,2,0,0,0,0,0,0,0,1,0,0,0,0,1,0,0,0,0,1,1,0,0,0,0,0,0,0,0,0,0,0,0,0,0,0,0,0,0,0,0,0,0,0,0,0,0,0,0,2,0,0,0,0,0,0,0,0,0,0,0,0,0,0,0,0,0,0,0,0,0,0,0,2,0
1572,0,0,0,0,0,0,0,0,0,0,0,0,0,0,0,0,1,2,0,1,4,0,0,0,0,1,0,0,0,2,1,0,0,0,0,0,0,0,0,0,0,0,0,0,0,0,0,2,0,0,0,0,0,1,0,0,0,0,0,0,0,0,0,0,0,0,0,0,0,0,0,0,0,0,0,0,1,0,1,0,0,0,0,0,0,0,0,12,8,3,0,0,0,0,32,0,0,8,0,0,0,0,0,0,0,0,4,0,0,0,0,0,0,0,0,0,0,4,0,0,0,0,0,0,0,0,0,0,0,0,6,0,0,0,0,0,0,0,0,0,0,0,0,0,0,0,0,1,0,0,0,0,0,0,0,0,0,0,1,0,0,0,0,1,0,0,0,0,0,0,0,0,0,0,0,0,0,0,0,0,0,0,0,0,0,0,0,0,0,0,0,0,0,0,0,0,0,0,0,0,0,0
1573,1,0,0,0,0,0,0,0,0,0,1,0,0,0,1,0,1,1,1,0,5,0,0,0,0,0,0,0,0,1,0,2,0,0,2,1,0,0,0,1,0,0,1,0,0,0,1,0,0,0,0,0,0,0,0,0,0,0,0,0,0,0,0,0,0,0,0,0,0,0,0,0,0,0,0,0,0,0,0,0,0,0,0,0,0,0,0,17,7,3,0,0,0,0,34,0,0,7,0,0,0,0,0,0,0,0,32,0,0,0,0,0,0,1,0,0,0,4,0,0,0,0,1,0,0,0,0,2,0,0,1,0,0,0,0,0,2,1,0,0,0,0,0,0,0,0,0,0,0,0,0,0,0,0,0,0,0,0,0,0,0,0,0,0,0,0,0,0,0,0,0,0,0,0,0,0,0,0,0,0,1,0,0,0,0,0,0,0,0,0,0,0,0,0,0,0,0,0,0,0,0,0
1574,0,0,0,0,0,0,0,0,0,0,0,0,0,0,0,0,0,3,0,2,8,0,0,0,0,0,0,0,1,0,0,1,0,0,1,0,0,0,2,0,0,0,0,0,1,0,1,2,0,0,0,0,0,1,1,0,0,0,0,0,0,0,0,0,0,0,0,1,0,0,1,0,0,0,0,0,0,0,1,0,0,0,0,0,0,0,0,9,8,4,0,0,0,0,31,0,0,3,0,0,0,0,3,0,0,0,3,0,0,1,0,0,0,0,0,0,0,7,0,0,0,0,0,0,0,0,0,0,0,0,3,0,0,0,0,1,0,0,0,0,0,0,0,0,0,0,0,1,0,0,0,0,0,0,0,0,0,0,0,0,0,0,0,0,0,0,0,0,0,0,0,0,0,0,0,0,0,0,0,0,0,0,0,0,0,0,0,0,0,0,0,0,0,0,0,0,0,0,1,0,3,0
1575,0,0,0,0,0,0,0,1,0,0,0,0,2,0,1,0,1,1,0,0,2,0,0,0,0,0,0,0,0,1,2,0,0,0,1,0,0,0,0,0,0,0,0,0,0,0,0,1,0,0,0,0,0,0,1,0,0,0,0,0,0,0,0,0,0,0,0,0,0,0,0,0,0,0,0,0,0,0,0,0,0,0,0,0,0,0,0,12,7,3,0,0,0,0,23,0,0,6,0,0,0,0,0,0,0,0,2,0,0,0,0,0,0,0,0,0,0,9,0,0,0,0,0,0,0,0,0,0,0,1,3,1,0,0,1,0,0,0,0,0,0,0,0,0,0,0,1,2,0,0,0,0,0,0,0,0,0,0,1,0,0,0,0,0,0,0,0,0,0,0,0,0,0,0,0,0,0,0,0,0,0,0,0,0,0,0,0,0,0,0,0,0,0,0,0,0,0,0,1,0,1,0
1576,0,0,0,0,0,0,0,2,0,0,2,0,0,0,2,0,2,2,0,0,2,0,0,0,0,0,0,0,0,0,0,1,0,0,1,0,0,0,0,0,0,0,0,1,0,0,0,0,0,0,0,0,0,1,0,0,0,0,0,0,0,0,0,0,0,0,0,0,0,0,1,0,0,0,0,0,0,0,1,0,0,0,0,0,0,0,0,9,3,4,0,0,0,0,29,0,0,3,0,0,0,0,0,0,0,0,3,0,0,0,0,1,0,0,0,0,0,4,0,0,0,0,0,0,0,0,0,0,0,1,1,1,0,0,0,0,0,0,0,0,0,1,0,0,0,0,2,0,0,1,0,0,0,0,0,0,0,0,0,0,0,0,0,0,1,0,0,0,0,0,0,0,0,0,0,0,0,0,0,0,0,0,0,0,1,0,0,0,0,0,0,0,0,0,0,0,0,0,0,0,0,0
1577,0,0,0,0,0,0,0,0,0,0,0,0,0,0,0,0,1,1,0,0,3,0,0,0,0,0,0,0,0,2,0,1,0,0,0,0,0,0,2,0,0,0,0,0,2,0,0,0,0,0,0,0,0,1,0,0,0,0,0,0,0,0,0,0,0,0,0,1,0,0,0,0,0,0,0,0,0,0,0,0,0,0,0,0,0,0,0,11,1,3,0,0,0,0,15,0,0,9,0,0,0,0,0,0,0,0,1,0,0,0,0,0,0,0,0,0,0,6,0,0,0,0,0,0,0,0,0,0,0,0,1,0,0,0,0,1,1,0,0,0,0,0,0,0,0,0,1,1,0,0,0,0,0,0,0,0,0,0,0,0,0,0,0,0,0,0,0,0,0,0,0,0,0,0,0,0,0,0,0,0,0,0,0,0,0,0,0,0,0,0,0,0,0,0,0,0,0,0,1,0,0,0
1578,0,0,0,0,0,0,0,1,0,0,0,0,1,0,0,0,1,2,0,1,7,0,0,0,1,1,0,0,0,1,0,0,0,0,1,0,0,0,1,0,0,0,1,0,1,0,1,0,0,0,0,0,0,2,0,0,0,0,0,0,0,0,0,0,0,0,0,0,0,0,0,0,0,0,0,0,0,0,2,0,0,0,0,0,0,0,0,8,5,3,0,0,0,0,24,0,0,3,0,0,0,0,0,0,0,0,0,0,0,0,0,0,0,0,0,0,1,4,0,1,0,0,0,0,0,2,0,0,0,0,1,1,0,0,1,0,0,0,0,0,0,1,0,0,0,0,1,0,0,0,0,0,0,0,0,0,0,0,0,0,0,0,0,0,0,0,0,0,0,0,0,0,0,0,0,0,1,0,0,0,0,0,0,0,1,0,0,0,0,0,0,0,0,0,0,0,0,0,0,0,0,0
1579,0,0,0,0,0,0,0,0,0,0,0,0,1,0,1,0,1,0,0,3,1,0,0,0,0,0,0,0,0,0,1,1,0,0,0,0,1,0,0,0,0,0,0,0,0,0,0,0,0,0,0,0,0,0,0,0,0,0,0,0,0,0,1,0,0,0,0,0,0,0,0,0,0,0,0,0,0,0,0,0,0,0,0,0,0,0,0,6,6,7,0,0,0,0,14,0,0,5,0,0,0,0,0,0,0,0,7,0,0,0,0,0,0,0,0,0,0,6,0,0,0,0,0,0,0,0,0,0,0,0,2,0,0,0,0,1,1,0,0,0,0,0,0,0,0,0,0,0,0,0,0,0,0,0,1,0,0,0,0,0,0,0,0,0,1,0,0,0,0,0,0,0,0,0,0,0,0,0,0,0,0,0,0,0,2,0,0,0,0,1,0,0,0,0,0,0,0,0,1,0,0,0
1580,1,0,2,0,0,0,0,0,0,0,1,0,0,0,1,0,0,3,0,1,4,0,0,0,0,0,0,0,0,0,0,1,0,0,0,0,0,0,0,0,0,0,0,0,0,0,1,1,0,0,0,0,0,2,0,0,0,0,0,0,0,0,0,0,0,0,0,0,0,0,0,0,0,0,0,0,0,0,0,0,0,0,0,0,0,0,0,7,5,6,0,0,0,0,35,0,0,1,0,0,0,0,0,0,0,0,0,1,0,0,0,0,0,0,0,0,0,5,0,0,0,0,0,0,0,0,0,0,0,0,1,1,0,0,1,0,0,0,0,0,0,0,0,0,0,0,0,0,0,0,0,0,0,0,0,0,0,0,0,0,0,0,0,0,0,0,0,0,0,0,0,0,0,0,0,0,0,0,0,0,1,0,0,0,1,0,0,0,0,0,0,0,0,0,0,0,0,0,0,0,0,0
1581,1,0,0,0,0,0,0,0,0,0,1,0,1,1,0,0,5,1,0,0,2,0,0,0,0,0,0,0,0,0,1,1,0,1,1,0,0,0,1,1,0,0,0,0,1,0,0,0,0,0,0,0,0,0,1,0,0,0,0,0,0,1,0,0,0,1,0,0,0,0,1,0,0,0,0,0,0,0,2,0,0,0,0,0,0,0,0,1,5,6,0,0,0,0,27,0,0,4,1,0,0,0,0,0,0,0,0,0,2,0,0,0,0,0,0,0,0,6,0,0,0,0,0,0,0,0,0,0,0,1,0,0,0,0,0,0,1,0,0,0,0,2,0,0,0,0,1,1,0,0,0,0,0,0,0,0,0,0,0,0,0,0,0,0,0,0,0,0,0,0,0,0,0,0,0,0,0,0,0,0,0,0,0,0,3,0,0,0,0,0,0,0,0,0,0,0,0,0,0,0,1,0
1582,0,0,0,0,0,0,0,1,0,0,0,0,1,0,2,0,2,3,0,1,1,0,0,0,1,0,0,0,0,0,0,1,0,0,0,0,0,0,1,0,0,0,0,0,0,0,0,2,0,0,0,0,0,2,0,0,0,0,0,0,0,0,0,0,0,0,0,0,0,0,0,0,0,0,0,0,0,0,3,0,0,1,0,0,0,0,0,10,2,0,0,0,0,0,23,0,0,4,0,0,0,0,0,0,0,0,1,0,0,0,0,0,0,0,0,0,0,3,0,1,0,0,0,0,0,0,0,0,0,0,5,0,0,0,1,0,0,2,0,0,0,0,0,0,0,0,0,0,0,0,0,0,0,0,0,0,0,0,0,0,0,0,0,0,0,0,0,0,0,0,0,0,0,0,0,0,0,0,0,0,0,0,0,0,0,0,0,0,0,0,0,0,0,0,0,0,0,0,0,0,0,0
1583,0,0,0,0,0,0,0,1,0,0,1,0,0,0,0,0,1,4,0,0,4,0,0,0,3,0,0,0,0,0,0,3,0,0,0,0,0,0,1,2,0,0,0,0,1,0,0,0,0,0,0,0,0,1,0,0,0,0,0,0,0,0,0,0,0,0,0,0,0,0,0,0,0,1,0,0,0,0,2,0,0,0,0,0,0,0,0,5,5,5,0,0,0,0,17,0,0,2,0,0,0,0,0,0,0,0,1,0,0,0,0,0,0,0,0,0,0,4,0,0,0,0,0,0,0,0,0,0,0,1,3,0,0,0,0,1,0,0,0,0,0,1,0,0,0,0,1,0,0,0,0,0,0,0,0,0,0,0,0,0,0,0,0,0,0,0,0,0,0,0,0,0,0,0,0,0,0,1,0,0,0,0,0,0,1,0,0,0,0,0,0,0,0,0,0,0,0,0,0,0,2,0
1584,0,0,0,0,0,0,0,1,0,0,1,0,0,0,0,0,1,1,2,1,8,0,0,0,0,0,0,0,0,0,0,5,0,0,0,1,0,0,2,0,0,0,0,0,1,0,0,1,0,0,0,0,0,1,0,0,0,0,0,0,0,0,1,0,1,0,0,0,0,0,0,0,0,0,0,0,0,0,0,0,0,1,0,1,0,0,0,4,7,7,0,0,0,0,18,0,0,9,0,0,0,0,0,0,0,0,2,0,0,1,0,0,0,0,0,0,0,3,0,1,0,0,0,0,0,0,0,0,0,0,2,0,0,0,0,0,0,0,0,0,0,0,0,0,0,0,0,0,0,0,0,0,0,0,0,0,0,0,0,0,0,0,0,0,0,0,0,0,0,0,0,0,0,0,0,0,0,0,0,0,0,0,0,0,0,0,0,0,0,0,0,0,0,0,0,0,0,0,1,0,1,0
1585,0,0,0,0,0,0,0,0,0,0,2,0,0,0,3,0,2,1,0,1,7,0,0,0,1,1,0,0,0,0,1,0,0,0,0,0,0,0,2,0,0,0,1,0,0,0,0,1,0,0,0,0,0,0,0,0,0,0,0,0,0,0,0,0,0,0,0,0,0,0,0,0,0,0,0,0,0,0,0,0,0,0,0,0,0,1,0,4,4,6,0,0,0,0,19,0,0,8,0,0,0,0,0,0,0,0,1,0,0,0,0,0,0,0,0,0,0,4,0,0,0,0,0,0,0,1,0,0,0,3,10,0,0,0,0,0,1,0,0,0,0,0,0,0,0,0,1,0,0,0,0,0,0,1,0,0,0,0,1,0,0,0,0,0,0,0,0,0,0,0,0,0,0,0,0,0,0,0,0,0,0,0,0,0,0,0,0,0,0,0,0,0,0,0,0,0,0,0,0,0,1,0
1586,0,0,0,0,0,0,0,0,0,0,4,0,3,0,1,0,0,2,1,2,4,0,0,0,0,0,0,1,0,0,1,2,0,0,1,0,0,0,2,1,0,0,0,0,1,0,0,1,1,0,0,0,0,0,0,0,0,0,0,0,0,0,0,0,1,0,0,0,0,0,0,0,0,0,0,0,1,0,0,0,0,0,0,0,0,0,0,5,6,2,0,0,0,0,21,0,0,2,0,0,0,0,0,0,0,0,0,1,0,0,0,0,1,1,0,0,0,2,0,0,0,0,0,0,0,0,0,0,1,2,5,1,0,0,0,0,0,0,0,0,0,0,0,0,0,0,1,2,0,1,0,0,0,0,0,0,0,0,0,0,0,0,0,0,0,0,0,0,0,0,1,0,0,0,0,0,0,0,0,0,0,0,0,0,1,0,0,0,0,0,0,0,0,0,0,0,0,0,0,0,1,0
1587,1,0,0,0,0,0,0,0,0,0,1,0,1,0,0,0,0,1,0,0,6,0,0,0,0,0,0,0,0,0,0,3,0,1,0,0,0,1,1,0,0,0,0,0,1,0,0,0,0,0,0,0,0,1,0,0,0,0,0,0,0,0,0,0,1,0,0,0,1,0,0,0,0,0,0,0,0,0,2,0,0,0,0,0,0,0,0,3,1,3,0,0,0,0,13,0,0,6,0,0,0,0,0,0,0,0,2,0,0,0,0,0,0,0,0,0,0,10,0,0,0,0,0,0,0,0,0,1,0,0,4,2,0,0,0,1,0,0,0,0,1,0,0,0,0,0,1,0,0,0,0,0,0,0,0,0,0,0,0,0,0,0,0,0,0,0,0,0,0,0,0,0,0,0,0,0,0,0,0,0,0,0,0,0,0,0,0,0,0,0,0,0,0,0,0,0,0,0,2,0,2,0
1588,1,0,0,0,0,0,0,0,0,0,1,0,1,0,1,0,1,2,0,0,10,0,0,0,0,0,0,0,0,0,0,4,0,0,3,0,0,0,1,3,1,0,0,0,0,0,0,0,1,0,0,0,0,1,0,0,0,0,0,0,0,1,0,0,0,0,0,0,0,0,0,0,0,0,0,0,0,0,2,0,0,0,0,0,0,0,0,9,4,4,0,0,0,0,17,0,0,1,0,0,0,0,0,0,0,0,2,0,1,0,0,0,0,0,0,0,0,7,0,0,0,0,0,0,0,0,0,0,0,0,4,0,0,0,0,1,0,0,0,0,0,0,1,0,0,0,1,0,0,0,0,0,0,0,0,0,0,0,0,0,0,0,0,0,0,0,1,0,0,0,0,0,0,0,0,0,0,1,0,0,0,0,0,0,1,0,0,0,0,0,0,0,0,0,0,0,0,0,0,0,0,0
1589,0,0,0,0,0,0,0,0,0,0,0,0,0,0,1,0,3,0,0,0,2,0,0,0,0,0,0,0,0,1,0,4,0,0,3,0,0,0,1,0,0,0,0,0,0,0,0,3,0,0,0,0,0,2,0,0,0,0,0,0,0,0,1,0,0,0,0,0,0,0,0,0,0,0,0,0,0,0,2,0,0,1,0,0,0,0,0,4,2,0,0,0,0,0,17,0,0,4,0,0,0,0,0,0,0,0,0,0,0,0,0,0,0,0,0,0,0,5,0,0,0,0,0,0,0,0,0,1,0,1,5,1,0,0,0,2,1,0,0,0,1,0,0,0,0,0,0,0,0,0,0,0,0,0,0,0,0,0,0,0,0,0,0,0,0,0,0,0,0,0,0,0,0,0,0,0,0,0,0,0,0,0,0,0,0,0,0,0,0,0,0,0,0,0,0,0,0,0,1,0,0,0
1590,1,0,0,0,0,0,0,0,0,0,0,0,0,0,0,0,0,2,1,3,9,0,0,0,0,0,0,0,0,0,1,3,0,0,2,0,0,0,1,0,0,0,0,0,0,0,0,2,0,0,0,0,0,2,0,0,0,0,0,0,0,1,0,0,0,0,0,0,0,0,0,0,0,0,0,0,0,0,0,0,0,0,0,0,0,0,0,8,6,2,0,0,0,0,28,0,0,1,0,0,0,0,0,0,0,0,0,0,0,0,0,0,0,0,0,0,0,8,0,0,0,0,0,0,0,0,0,0,0,0,2,0,0,0,0,1,1,1,0,0,0,0,0,1,0,0,0,0,0,1,0,0,0,0,0,0,0,0,0,0,0,0,0,0,0,0,0,0,0,0,0,0,0,0,0,0,0,0,0,0,0,0,0,0,0,0,0,0,0,0,0,0,0,0,0,0,0,0,0,0,0,0
1591,3,0,0,0,0,0,0,1,0,0,0,0,0,0,1,0,1,2,2,0,6,0,0,0,0,1,0,1,0,0,0,0,0,0,1,0,0,0,2,1,0,0,0,0,0,0,0,0,0,0,0,0,0,2,0,0,0,0,0,0,0,0,0,0,0,0,1,0,1,0,0,0,0,0,0,0,0,0,0,0,0,0,0,0,0,0,0,7,4,4,0,0,0,0,19,0,0,3,0,0,0,0,0,0,0,0,1,0,0,0,0,1,0,0,0,0,0,1,0,2,0,0,0,0,0,0,0,0,0,0,3,0,0,0,0,2,0,0,1,0,0,0,0,1,0,0,3,0,0,0,0,0,0,0,0,0,0,0,0,0,0,0,0,0,0,0,0,0,0,0,0,0,0,0,0,0,0,0,0,0,0,0,0,0,0,0,0,0,0,0,0,0,0,0,0,0,0,0,0,0,2,0
1592,2,0,0,0,0,0,0,0,0,0,1,0,0,0,0,0,1,3,1,0,6,0,0,0,0,1,0,1,1,0,1,2,0,0,2,0,0,0,1,0,0,0,0,0,0,0,0,0,0,0,0,0,0,0,0,0,0,0,0,0,0,0,0,0,0,0,0,1,0,0,0,0,0,0,0,0,0,0,1,0,0,0,0,0,0,0,0,4,1,5,0,0,0,0,23,0,0,4,0,0,0,0,0,0,0,0,0,0,0,0,0,0,0,0,0,0,0,3,0,1,0,0,0,0,0,0,0,0,0,0,1,1,0,0,0,1,1,1,0,0,0,1,0,0,0,0,1,1,0,0,0,0,0,0,0,0,0,0,0,0,0,0,0,0,2,0,0,0,0,0,0,0,0,0,0,0,0,0,0,0,0,0,0,0,0,0,0,0,0,0,0,0,0,0,0,0,0,0,0,0,0,0
1593,0,0,0,0,0,0,0,0,0,0,2,0,2,0,1,0,3,2,1,0,5,0,0,0,0,0,0,0,0,0,1,1,0,0,0,0,0,0,0,0,0,0,0,0,0,0,0,1,0,0,0,0,0,1,0,0,0,0,0,0,0,0,0,0,0,0,0,0,0,0,0,0,0,0,0,0,0,0,1,0,0,0,0,0,0,0,0,2,3,6,0,0,0,0,20,0,0,3,0,0,0,0,0,0,0,0,0,0,0,0,0,0,0,0,0,0,0,5,0,0,0,0,0,0,0,1,0,1,0,1,2,0,0,0,0,0,1,0,1,0,0,0,0,0,0,0,1,0,0,0,0,0,0,0,0,0,0,0,0,0,0,0,0,0,0,0,0,0,1,0,0,0,0,0,0,0,0,0,0,0,0,0,0,0,2,0,0,0,0,0,0,0,0,0,0,0,0,0,0,0,0,0
1594,0,0,0,0,0,0,0,0,0,0,0,0,2,0,1,0,0,1,1,0,1,1,0,0,0,0,0,0,0,0,0,0,0,0,1,0,0,1,0,0,0,0,1,0,2,0,1,0,0,0,0,0,0,3,0,0,0,0,0,0,0,0,1,0,0,0,0,0,0,0,0,0,0,0,0,0,0,0,3,0,0,1,0,0,0,0,0,1,4,7,0,0,0,0,17,0,1,3,0,0,0,0,0,0,0,0,3,0,0,0,0,1,0,0,0,0,0,1,0,0,0,0,0,0,0,0,0,0,0,0,2,0,0,0,0,2,1,0,0,0,0,0,0,0,0,0,0,0,0,0,0,0,0,0,0,0,0,0,0,0,0,0,0,0,0,0,0,0,0,1,1,0,0,0,0,0,0,0,0,0,0,0,0,0,0,0,0,0,0,0,0,0,0,0,0,0,0,0,0,0,0,0
1595,0,0,0,0,0,0,0,0,0,0,0,0,0,0,1,1,0,3,1,5,3,0,0,0,0,0,0,0,0,0,0,1,0,0,0,0,0,0,2,0,0,0,0,1,0,0,4,1,0,0,0,0,0,3,0,0,0,0,0,0,0,0,0,0,1,0,0,0,0,0,0,0,0,1,0,0,0,0,1,0,0,0,0,0,0,0,0,3,3,4,0,0,0,0,21,0,0,3,0,0,0,0,0,0,0,0,1,0,0,0,0,0,0,0,0,0,0,3,0,0,0,0,0,0,0,0,0,0,0,0,1,3,0,0,0,0,0,0,0,0,0,0,0,0,0,0,1,0,0,0,0,0,0,0,0,0,0,0,0,0,0,0,0,0,0,0,0,0,1,0,0,0,0,0,0,0,0,0,0,0,0,0,0,0,0,0,0,0,0,0,0,0,0,0,0,0,0,0,0,0,1,0
1596,0,0,0,0,0,0,0,0,0,0,0,0,0,0,0,0,0,0,0,0,4,0,0,0,0,0,0,0,2,0,0,1,0,0,1,0,0,0,3,0,0,0,0,0,0,0,1,1,0,0,0,0,0,3,0,0,0,0,0,0,0,0,0,0,0,0,0,0,0,0,0,0,0,0,0,0,0,0,3,0,0,0,0,0,0,0,0,4,1,1,0,0,0,0,24,0,0,1,0,0,0,0,0,0,0,0,1,1,0,0,0,0,0,0,0,0,0,2,0,0,0,0,0,0,0,0,0,0,0,1,1,3,0,0,0,0,1,0,0,0,0,0,1,0,0,0,1,0,0,0,0,0,0,0,0,0,0,0,1,0,0,0,0,0,0,0,0,0,0,0,0,0,0,0,0,0,0,0,0,0,0,0,0,0,1,0,0,0,0,0,0,0,0,0,0,0,0,0,1,0,0,0
1597,0,0,0,0,0,0,0,1,0,0,1,0,0,1,5,0,1,2,0,1,8,0,0,0,0,0,0,1,0,1,2,0,0,0,0,0,0,0,3,0,0,0,0,0,1,0,0,1,0,0,0,0,0,3,0,0,0,0,0,0,0,0,0,0,0,0,0,0,0,0,0,0,0,0,0,0,0,0,1,0,0,0,0,0,0,0,0,8,4,5,0,0,0,0,21,0,1,4,0,0,0,0,1,0,0,0,3,0,0,0,0,0,0,0,0,0,0,4,0,0,0,0,0,0,0,0,0,0,0,0,2,1,0,0,0,0,1,0,0,0,0,1,0,0,1,0,2,1,0,0,0,0,0,0,0,0,0,0,0,0,0,0,0,0,0,0,0,0,0,0,0,0,0,0,0,0,0,0,0,0,0,1,0,0,0,0,0,0,0,0,0,0,0,0,0,0,0,0,0,0,0,0
1598,0,0,0,0,0,0,0,1,0,0,0,0,3,0,4,0,1,1,0,0,4,1,0,0,0,0,0,0,1,0,0,0,0,0,0,0,0,0,3,0,0,0,0,0,1,0,0,3,0,0,0,0,0,3,0,0,0,0,0,0,0,1,0,0,0,0,0,0,0,0,0,0,0,0,0,0,1,0,1,0,0,0,0,0,0,0,0,2,1,5,0,0,0,0,27,0,1,1,0,0,0,0,0,0,0,0,3,1,0,0,0,0,0,1,0,0,0,3,0,1,0,0,0,0,0,2,0,1,0,0,1,4,0,0,0,0,0,0,0,0,0,0,0,0,0,0,1,0,0,0,0,0,0,1,0,0,0,0,1,0,0,0,0,0,0,0,1,0,0,0,0,0,0,0,0,0,1,0,0,0,0,0,0,0,2,0,0,0,0,0,1,0,0,0,0,0,0,0,0,0,0,0
1599,0,0,0,0,0,0,0,0,0,0,0,0,0,0,5,0,0,2,1,0,10,0,0,0,0,0,0,0,1,0,0,3,0,0,0,0,0,0,1,0,0,0,0,0,0,0,0,0,0,0,0,0,0,9,1,0,0,0,0,0,0,0,0,0,0,0,0,0,0,0,0,0,0,0,0,0,0,0,2,0,0,1,0,0,0,1,0,7,4,3,0,0,1,0,19,0,0,6,0,0,0,0,0,0,0,0,1,0,0,0,0,0,0,0,0,0,0,3,0,2,0,0,0,0,0,0,0,0,0,1,0,4,0,0,0,1,0,1,0,0,0,0,1,0,0,0,0,0,0,0,0,0,0,0,0,0,0,0,0,0,0,0,0,0,0,0,0,0,0,0,0,0,0,0,0,0,0,0,0,0,0,0,0,0,0,0,0,0,0,0,0,0,0,0,0,0,0,0,1,0,0,0
1600,0,0,0,0,0,0,0,1,0,0,0,0,1,0,5,0,0,2,2,0,8,0,0,0,0,0,0,0,0,0,0,1,0,1,0,0,0,0,2,0,0,0,1,0,3,0,0,1,1,0,0,0,0,2,0,0,0,0,0,0,0,0,1,1,0,0,1,0,0,0,0,0,0,0,0,1,0,0,2,0,0,0,0,0,0,0,0,9,6,7,0,0,2,0,26,0,0,7,0,0,0,0,0,0,0,0,4,6,1,0,0,0,0,0,0,0,1,3,0,0,0,0,0,0,0,0,0,1,0,1,6,1,0,0,0,0,1,1,1,0,0,0,0,1,0,0,3,0,0,0,0,1,0,0,0,0,0,0,0,0,0,0,0,1,0,0,0,0,0,0,0,0,0,0,0,0,0,0,0,0,0,0,0,0,5,0,0,0,0,0,0,0,0,0,0,0,0,0,0,0,1,0
1601,0,0,0,0,0,0,0,0,0,0,0,0,1,0,2,0,0,2,0,0,6,0,0,0,0,0,0,0,0,0,1,3,0,0,1,0,0,0,1,0,0,0,0,0,0,0,0,0,0,0,0,0,0,3,0,0,0,0,0,0,0,0,0,0,0,0,0,0,1,0,0,0,0,0,0,0,0,0,3,0,0,0,0,0,0,0,0,9,5,3,0,0,0,0,14,0,0,2,0,0,0,0,0,0,0,0,0,0,0,0,0,0,0,0,0,0,0,6,0,0,0,0,0,0,0,0,0,0,0,0,1,2,0,0,0,0,1,0,0,0,1,1,1,0,0,0,2,0,0,1,0,0,0,1,0,0,0,0,0,0,0,0,0,1,1,0,0,0,0,0,0,0,0,0,0,0,0,1,0,0,0,0,0,0,1,0,0,0,0,0,0,0,0,0,0,0,0,0,0,0,0,0
1602,0,0,0,0,0,0,0,1,0,0,0,0,0,0,0,0,1,2,3,1,3,0,0,0,0,1,0,1,0,0,0,0,0,0,2,1,0,1,0,2,0,0,0,0,0,0,0,1,0,0,0,0,0,2,0,0,0,0,0,0,0,0,0,0,0,0,0,0,0,0,2,0,0,0,0,0,0,0,2,0,0,0,0,0,0,1,0,6,1,6,0,0,0,0,13,0,0,4,0,0,0,0,0,0,0,0,0,0,0,0,0,0,0,0,0,0,0,5,0,0,0,0,0,0,0,0,0,0,0,0,1,3,0,0,0,0,3,0,0,0,0,0,0,0,0,0,0,0,0,1,0,0,0,0,0,0,0,0,0,0,0,0,0,0,0,0,0,0,0,0,0,0,0,0,0,0,0,0,0,0,0,0,0,0,0,0,0,0,0,0,0,0,0,0,0,0,0,0,0,0,2,0
1603,0,0,0,0,0,0,0,0,0,0,1,0,2,0,1,0,1,0,6,1,5,0,0,0,0,0,0,0,1,0,0,2,0,0,0,1,2,0,1,0,0,0,0,0,1,0,0,1,0,0,0,0,0,3,0,0,0,0,0,0,0,0,0,0,0,0,0,0,1,0,0,0,0,0,0,0,0,0,2,0,0,1,0,0,0,1,0,6,1,0,0,0,0,0,17,0,0,2,0,0,0,0,0,0,0,0,1,0,0,0,0,0,0,0,0,0,0,2,0,0,0,0,0,0,0,0,0,0,0,0,2,2,0,0,0,0,2,2,0,0,0,0,0,0,0,0,0,0,0,0,0,0,0,0,0,0,0,0,0,0,0,0,0,0,0,0,0,0,0,0,0,0,0,0,0,0,0,0,0,0,0,0,0,0,0,0,0,0,0,0,0,0,0,0,0,0,0,0,0,0,0,0
1604,0,1,0,0,0,0,0,0,0,0,1,0,1,0,1,0,1,2,1,1,7,0,0,0,0,0,0,0,0,0,0,2,0,0,0,2,0,0,1,0,0,0,0,0,2,0,0,0,1,0,0,0,0,1,0,0,0,0,0,0,0,1,1,1,0,0,0,0,0,0,1,0,0,0,0,0,0,0,0,0,0,0,0,0,0,0,0,3,1,9,0,0,0,0,14,0,2,1,0,0,0,0,0,0,0,0,3,0,0,0,0,0,0,0,0,0,0,5,0,0,0,0,0,0,0,1,0,0,0,0,0,1,0,0,0,0,0,0,0,0,0,0,0,0,1,0,1,0,0,0,0,0,0,0,0,0,0,1,0,0,0,0,0,0,0,0,0,0,0,0,0,0,0,0,0,0,0,0,0,0,0,0,0,0,0,0,0,0,0,0,0,0,0,0,0,0,0,0,0,0,1,0
1605,0,0,0,0,0,0,0,1,0,0,1,0,0,0,2,0,0,3,1,2,12,0,0,0,0,0,0,0,0,0,1,4,0,1,11,1,0,1,1,0,0,0,1,0,0,0,0,0,0,0,0,0,0,1,0,0,0,0,0,0,0,0,0,0,0,0,0,0,0,0,0,0,0,0,0,0,0,0,1,0,0,0,0,0,0,0,0,1,5,4,0,0,0,0,17,0,0,4,0,0,0,0,0,0,0,0,3,1,0,0,0,2,1,0,0,0,0,4,0,0,0,0,0,0,0,0,0,1,0,0,4,7,0,0,0,0,1,0,0,0,0,1,0,1,0,0,0,0,0,0,0,0,0,0,0,0,0,0,0,0,0,0,0,1,0,0,0,0,0,0,0,0,0,0,0,0,0,0,0,0,0,0,0,0,1,0,0,0,0,0,0,0,0,0,0,0,0,0,0,0,1,0
1606,0,0,0,0,0,0,0,0,0,0,2,0,1,0,1,0,0,4,0,3,11,0,0,0,0,0,0,0,0,0,0,1,0,0,0,0,0,0,1,0,0,0,0,0,0,0,0,2,0,0,0,0,0,2,0,0,0,0,0,0,0,0,1,0,0,0,0,0,0,0,0,0,0,0,0,1,0,0,2,0,0,0,0,0,0,0,0,5,2,5,0,0,0,0,22,0,0,0,0,0,0,0,0,0,0,0,0,0,0,0,0,0,0,0,0,0,0,1,0,0,0,0,0,0,0,0,0,0,0,0,1,4,0,0,0,1,0,0,0,0,0,0,1,0,0,0,3,1,0,0,0,0,0,0,0,0,0,1,0,0,0,0,0,0,0,0,0,0,0,0,0,0,0,0,0,0,1,0,0,0,0,0,0,0,0,0,0,0,0,0,0,0,0,0,0,0,0,0,1,0,4,0
1607,0,0,0,0,0,0,0,0,0,1,0,0,0,0,1,0,0,1,1,1,5,0,0,0,0,0,0,0,0,0,0,2,0,0,0,0,0,0,0,0,0,0,0,0,0,0,0,0,0,0,0,0,0,1,0,0,0,0,0,0,0,0,0,0,0,0,0,0,0,0,0,0,0,0,0,0,0,0,1,0,0,0,0,0,0,0,0,4,3,13,0,0,0,0,12,0,0,3,0,0,0,0,0,0,0,0,2,0,0,1,0,0,0,0,0,0,0,2,0,0,0,0,0,0,0,0,0,0,1,0,3,7,0,0,0,2,1,0,0,0,0,0,1,0,0,0,1,0,0,0,0,0,0,0,0,0,0,0,0,0,0,0,0,0,0,0,0,0,0,0,0,0,0,0,0,0,0,0,0,0,0,0,0,0,1,0,0,0,0,0,0,0,0,0,0,0,0,0,1,0,1,0
1608,1,0,0,0,0,0,0,1,0,0,0,0,3,0,0,0,2,2,1,1,5,0,0,0,0,0,0,1,1,0,1,0,0,0,0,0,0,0,1,0,1,0,1,0,1,0,0,2,0,0,0,0,0,0,0,0,0,0,0,0,0,0,0,0,0,0,0,0,0,0,0,0,0,0,0,0,0,0,1,0,0,1,0,0,0,0,0,4,1,4,0,0,0,0,14,0,0,2,0,0,0,0,0,0,0,0,1,1,0,4,0,1,0,0,0,0,0,2,0,1,0,0,0,0,0,0,0,0,0,1,3,2,0,0,0,0,0,0,0,0,0,1,0,0,0,0,0,0,0,1,0,0,0,0,0,0,0,0,0,0,0,0,0,0,2,0,0,0,0,0,0,0,0,0,0,0,0,0,0,0,1,0,0,0,0,0,0,0,0,0,0,0,0,0,0,0,0,0,0,0,1,0
1609,0,0,0,0,0,0,0,2,0,0,0,0,0,2,1,0,0,1,1,1,9,0,0,0,0,0,0,1,0,0,2,2,0,0,0,0,0,0,4,0,2,0,0,0,0,0,0,1,1,0,0,0,0,2,0,0,0,0,0,0,0,0,0,0,0,0,0,0,0,0,0,0,0,1,0,0,1,0,1,0,0,2,0,0,0,1,0,4,3,7,0,0,0,0,15,0,0,5,0,0,0,0,1,0,0,0,0,1,0,0,0,0,0,0,1,0,0,6,0,0,0,0,0,0,0,0,0,0,0,1,2,4,0,0,0,2,0,0,0,0,0,0,0,0,0,0,0,0,0,0,0,0,0,0,0,0,0,0,0,0,0,0,0,0,0,0,1,0,0,0,0,0,0,0,0,0,0,0,0,0,0,0,0,0,0,0,0,0,0,0,1,0,0,0,0,0,0,0,1,0,1,0
1610,1,0,0,0,0,0,0,1,0,0,0,0,0,0,0,0,2,1,1,1,7,0,0,0,0,0,0,1,1,0,0,1,0,0,2,0,0,0,0,1,0,0,0,0,1,0,0,2,0,0,0,0,0,3,0,0,0,0,0,0,0,0,0,0,0,0,1,0,1,0,1,0,0,0,0,0,0,0,2,0,0,0,0,0,0,0,0,6,5,4,0,0,0,0,13,0,0,2,0,0,0,0,0,0,0,0,1,0,0,0,0,0,0,0,0,0,0,2,0,0,0,0,0,0,0,0,0,0,0,1,3,2,0,0,0,0,1,0,0,0,0,0,0,0,1,0,0,0,1,0,0,0,0,0,0,0,0,0,0,0,0,0,0,0,0,0,0,0,0,0,2,0,0,0,0,0,0,0,0,0,0,0,0,0,1,0,0,0,0,0,0,0,0,0,0,0,0,0,1,0,1,0
1611,0,0,0,0,0,0,0,1,0,0,1,0,0,0,0,0,1,4,0,1,8,0,0,0,1,0,0,0,1,0,4,1,0,0,0,1,0,0,0,0,1,1,2,0,0,0,0,1,0,0,0,0,0,1,0,0,0,0,0,0,0,1,0,0,1,0,0,0,0,0,0,0,0,0,0,0,0,0,0,0,0,0,0,0,0,0,0,1,2,3,0,0,0,0,9,0,0,3,0,0,0,0,0,0,0,0,1,0,0,1,0,1,0,0,0,0,0,5,0,3,0,0,0,0,0,0,0,0,0,0,4,4,0,0,0,0,0,1,0,1,1,2,0,0,0,0,0,0,0,1,0,0,0,0,0,0,0,0,0,0,0,0,0,0,1,0,0,0,2,0,1,0,0,0,0,0,1,0,0,0,0,0,0,0,0,0,0,0,0,0,0,1,0,0,0,0,0,0,0,0,0,0
1612,1,0,0,0,0,0,0,0,0,0,2,0,0,0,1,0,1,2,2,0,7,0,1,0,0,0,0,1,0,0,1,0,0,0,2,1,0,0,1,1,0,0,0,0,1,0,0,2,0,0,0,0,0,1,0,0,0,0,0,0,0,0,0,0,0,0,4,0,0,0,3,0,0,0,0,0,0,0,0,0,0,2,0,0,0,0,0,6,7,5,0,0,0,0,19,0,0,3,0,0,0,0,0,0,0,0,3,0,0,0,0,0,0,3,0,0,0,4,0,1,0,0,0,0,0,1,0,1,0,3,2,7,0,0,1,2,0,0,1,0,0,0,0,0,0,0,0,0,0,0,0,0,0,0,0,0,0,0,1,0,0,0,0,0,0,0,0,0,0,0,0,0,0,0,0,0,0,0,0,0,0,0,0,0,0,0,0,0,0,0,0,0,0,0,0,0,0,0,0,0,0,0
1613,1,0,0,0,0,0,0,0,0,0,2,0,0,0,0,0,1,2,1,4,5,0,0,0,0,0,0,1,0,0,1,0,0,0,0,0,0,0,1,0,0,0,0,0,0,0,0,1,0,0,0,0,0,4,0,0,0,0,0,0,0,0,0,0,0,0,0,0,0,0,0,0,0,0,0,0,0,0,0,0,0,0,0,0,0,1,0,6,2,5,0,0,0,0,12,0,0,2,0,0,0,0,1,0,0,0,1,0,1,0,0,0,0,1,0,0,0,3,0,0,0,0,0,0,0,0,0,0,0,0,2,2,0,0,0,1,4,2,0,0,0,0,1,0,0,0,0,0,0,2,0,0,0,0,0,0,0,0,0,0,0,0,0,0,0,1,0,0,0,0,0,0,0,0,0,0,0,0,0,0,0,0,0,0,0,0,0,0,0,0,0,0,0,0,0,0,0,0,0,0,1,0
1614,0,0,0,0,0,0,0,1,0,0,1,0,2,0,0,0,1,3,0,2,3,0,0,0,0,1,0,1,0,0,1,1,0,0,2,0,0,0,1,0,0,0,1,0,1,0,0,1,0,0,0,0,0,1,0,0,0,0,0,0,0,0,0,0,0,0,0,0,0,0,1,0,0,0,0,0,0,0,0,0,0,0,0,0,0,0,0,3,3,7,0,0,0,0,13,0,0,1,0,0,0,0,1,0,0,0,1,0,1,0,0,0,0,0,0,0,1,1,0,0,0,0,0,0,0,0,0,0,0,0,0,3,0,0,0,1,1,1,0,0,0,0,0,1,0,0,1,0,0,0,0,0,0,0,0,0,0,0,0,0,0,0,0,1,0,0,0,0,0,0,1,0,0,0,0,0,0,0,0,0,0,0,0,0,0,0,0,0,0,1,0,0,0,0,0,0,0,0,0,0,0,0
1615,1,0,0,0,0,0,0,1,0,1,2,0,0,0,1,1,1,2,2,0,9,1,0,0,0,0,0,0,0,0,2,3,0,0,2,0,0,0,1,0,0,0,0,0,0,0,0,6,1,0,0,0,0,0,0,0,0,0,0,0,0,0,0,0,0,0,0,0,2,0,0,0,0,0,0,0,0,0,1,0,0,1,0,0,0,0,0,14,6,3,0,0,0,0,17,0,0,4,0,0,0,0,0,0,0,0,2,0,0,0,0,0,0,0,0,0,0,1,0,0,0,0,0,0,0,0,0,0,0,1,1,4,0,0,0,0,2,0,1,0,0,0,0,0,0,0,0,0,0,0,0,0,0,0,0,0,0,0,0,0,0,0,0,0,1,0,0,0,0,0,0,0,0,0,0,0,0,1,0,0,0,0,0,0,0,0,0,1,0,0,0,0,0,0,0,0,0,0,0,0,1,0
1616,0,0,0,0,0,0,0,0,0,0,2,0,0,0,0,0,1,2,2,3,4,0,0,0,0,0,0,0,0,0,0,3,0,0,0,1,0,1,0,0,0,0,0,0,0,0,0,1,0,0,0,0,0,0,0,0,0,0,0,0,0,0,1,0,0,0,0,0,1,0,0,0,0,0,0,0,0,0,1,0,0,0,0,0,0,1,0,8,2,5,0,0,0,0,16,0,0,1,0,0,0,0,0,0,0,0,1,0,0,0,0,0,0,0,0,0,1,2,0,0,0,0,0,0,0,0,0,0,0,0,2,5,0,0,0,0,0,0,0,0,0,0,0,0,0,0,1,0,0,0,0,0,0,0,0,0,0,0,0,0,0,0,0,1,0,0,0,0,0,0,1,0,0,0,0,0,0,0,0,0,0,0,0,0,0,0,0,0,0,0,0,0,0,0,0,0,0,0,0,0,0,0
1617,0,0,0,0,0,0,0,2,0,1,0,0,0,0,0,0,1,5,1,2,2,0,0,0,0,0,0,0,0,0,3,1,0,0,1,1,0,1,1,0,0,0,0,1,0,0,0,0,0,1,0,0,0,4,0,0,0,0,0,0,0,1,0,0,0,0,0,0,0,0,0,0,0,0,0,0,0,0,2,0,0,0,0,0,0,0,0,7,3,3,0,0,0,0,9,0,0,2,0,0,0,0,0,0,0,0,4,2,0,0,0,0,0,0,0,0,0,2,0,0,0,2,0,0,0,0,0,1,0,1,2,3,0,0,0,1,1,1,0,0,0,0,1,0,0,0,1,1,0,0,0,0,0,0,0,0,0,0,0,0,0,0,0,0,0,0,0,0,0,0,0,0,0,0,0,0,1,0,0,0,0,0,0,0,1,0,0,0,0,0,0,0,0,0,0,0,0,0,0,0,1,0
1618,0,0,0,0,0,0,0,0,0,0,1,0,1,0,1,0,0,2,1,4,4,0,0,0,0,0,0,0,0,0,0,4,0,0,0,0,0,0,1,1,4,0,0,0,0,0,0,0,0,0,0,0,0,2,0,0,0,0,0,0,0,0,1,0,0,0,0,0,0,0,0,0,0,0,0,0,0,0,0,0,0,1,0,0,0,0,0,5,6,9,0,0,0,0,10,0,1,2,0,0,0,0,0,0,0,0,2,0,0,0,0,0,0,0,0,0,0,4,0,0,0,0,0,0,0,1,1,2,0,0,2,2,0,1,1,0,1,0,1,0,1,0,0,1,0,0,0,0,0,1,0,0,0,0,0,0,0,0,0,0,0,0,0,0,0,0,0,0,1,0,0,0,0,0,0,0,0,0,0,0,0,0,0,0,0,0,0,0,0,0,0,0,0,0,0,0,0,0,0,0,2,0
1619,2,0,0,0,0,0,0,2,0,0,1,0,0,0,0,0,0,1,1,1,3,0,0,0,0,0,0,0,0,0,0,1,0,0,2,0,0,1,0,1,0,0,0,0,2,0,1,1,0,0,0,0,0,4,0,0,0,0,0,0,0,0,0,0,0,0,0,0,0,0,0,0,0,1,0,0,0,0,1,0,0,1,0,0,0,0,0,9,2,4,0,0,0,0,13,0,0,0,0,0,0,0,0,0,0,0,2,0,0,0,0,0,0,0,2,0,0,3,0,0,0,0,0,0,0,0,0,0,1,2,2,3,0,0,0,1,1,0,0,0,0,1,0,0,1,0,1,0,0,0,0,0,0,0,0,0,0,0,0,0,0,0,0,0,0,0,0,0,0,0,0,0,0,0,0,0,0,0,0,0,0,0,0,0,0,0,0,0,0,0,0,0,0,0,0,0,0,0,0,0,0,0
1620,2,0,1,0,0,0,0,1,1,0,2,0,2,0,1,0,3,2,1,2,5,0,0,0,0,0,0,0,0,1,1,0,0,0,0,0,0,0,1,1,1,0,0,0,1,0,0,3,0,0,0,0,0,2,0,0,0,0,0,0,0,1,0,0,0,0,0,0,0,0,0,0,0,1,0,0,0,0,0,0,0,0,0,0,0,1,0,8,2,2,0,0,1,0,14,0,0,1,0,0,0,0,0,0,0,0,4,0,0,0,0,0,0,0,0,0,0,1,0,0,0,0,0,0,0,0,0,0,0,1,4,3,0,0,0,0,0,0,0,0,0,0,0,0,0,0,2,0,0,0,0,0,0,0,0,0,0,0,0,0,0,0,0,0,0,0,0,0,0,0,0,0,0,0,0,0,0,1,0,0,0,0,0,0,0,0,0,0,0,1,0,0,0,0,0,0,0,0,0,0,2,0
1621,0,0,0,0,0,0,0,0,0,1,2,0,0,0,0,0,2,0,2,3,5,0,0,0,2,0,0,0,0,0,0,2,0,1,2,0,0,0,0,1,0,0,1,0,0,0,1,1,1,0,0,0,0,2,0,0,0,0,0,0,0,0,0,0,0,0,0,0,1,1,0,0,0,0,0,0,2,0,0,0,0,2,0,0,0,0,0,7,1,4,0,0,0,0,7,0,0,4,0,0,0,0,0,0,0,0,8,0,0,0,0,0,0,0,0,0,0,3,0,0,0,0,0,0,0,0,0,0,0,1,2,5,0,2,0,2,0,0,0,0,0,0,0,0,0,0,0,0,0,0,0,0,0,0,0,0,0,0,0,0,0,0,0,0,0,0,0,0,0,0,0,0,0,0,0,0,0,0,0,0,1,0,0,0,0,0,0,0,0,0,0,0,0,0,0,0,0,0,0,0,3,0
1622,1,0,0,0,0,0,0,0,0,0,0,0,0,0,0,0,0,4,4,1,4,0,0,0,0,0,0,0,3,0,1,3,0,0,0,0,0,1,0,0,0,0,0,0,0,0,0,1,0,0,0,0,0,0,0,0,0,0,0,0,0,0,0,0,0,0,0,0,2,0,0,0,0,0,0,0,1,0,0,0,0,0,0,0,0,0,0,6,4,7,0,0,0,0,8,0,0,4,0,0,0,0,0,0,0,0,3,0,1,0,0,0,0,1,0,0,1,2,0,0,0,0,0,0,0,0,0,0,0,2,2,5,0,1,0,0,1,1,0,0,0,0,0,0,0,0,0,0,0,0,0,0,0,0,0,0,0,1,0,0,0,0,0,0,0,0,0,0,0,0,0,0,0,0,0,0,1,0,0,0,0,0,0,0,0,0,0,0,0,0,0,0,0,0,0,0,0,0,0,0,1,0
1623,0,0,0,0,0,0,0,3,0,0,1,0,0,0,0,0,0,2,1,1,11,0,0,0,0,0,0,1,0,0,1,2,0,2,3,1,0,2,1,2,0,0,0,0,0,0,0,0,1,0,0,0,0,2,0,0,0,0,0,0,0,0,1,0,0,0,0,0,2,0,0,0,0,0,0,1,0,0,0,0,0,0,0,0,0,0,0,8,3,5,0,0,0,0,11,0,0,1,0,0,0,0,0,0,0,0,1,1,0,0,0,0,0,0,0,0,0,3,0,1,0,0,0,0,0,0,0,0,0,0,0,7,0,0,0,0,1,0,0,0,0,0,0,0,0,0,0,0,0,0,0,0,0,0,0,0,0,0,1,0,0,0,0,0,0,0,0,0,0,0,0,0,0,0,0,0,0,0,0,0,0,0,0,0,0,0,0,0,0,0,0,0,0,0,0,0,0,0,0,0,0,0
1624,0,0,0,0,0,0,0,3,0,0,0,0,0,1,1,0,1,0,3,1,10,0,0,0,0,0,0,0,0,0,2,7,0,2,2,0,0,0,1,0,0,0,0,0,2,0,0,1,0,0,0,0,0,3,0,0,0,0,0,0,0,0,0,0,0,0,2,0,0,0,0,0,0,1,0,0,0,0,2,0,0,0,0,0,0,0,0,3,3,2,0,0,0,0,7,0,0,2,0,0,0,0,0,0,0,0,2,0,0,0,0,0,0,1,0,0,0,3,0,0,0,0,0,0,0,0,0,0,0,1,3,2,1,0,0,1,0,0,2,0,1,0,0,0,0,0,3,0,0,0,0,0,0,0,1,0,0,0,0,0,0,0,0,0,0,0,0,0,0,0,0,0,0,0,0,0,0,0,0,0,0,0,0,0,0,0,0,0,0,1,0,0,0,0,0,0,0,0,0,0,1,0
1625,1,0,0,0,0,0,0,0,0,0,0,0,0,0,0,0,0,2,2,0,5,0,0,0,0,1,0,0,0,0,0,1,0,0,0,0,0,0,2,0,0,0,0,0,4,0,0,1,0,0,0,0,0,5,0,0,0,0,0,0,0,0,0,0,0,0,1,0,1,0,0,0,0,0,0,0,0,0,1,0,0,0,0,0,0,0,0,3,1,2,0,0,0,0,8,0,1,1,0,0,0,0,0,0,0,0,1,1,0,0,0,1,0,0,0,0,0,2,0,0,0,0,0,0,0,0,0,0,0,1,1,2,0,1,0,1,0,0,1,0,0,0,0,0,0,0,0,0,0,0,0,0,0,0,0,0,0,0,0,0,0,0,0,0,0,0,0,0,0,0,0,0,0,0,0,0,0,0,0,0,0,0,0,0,0,0,0,0,0,0,0,0,0,0,0,0,0,0,0,0,1,0
1626,1,0,0,0,0,0,0,0,1,0,0,0,0,0,2,0,0,1,0,1,8,0,0,0,0,0,0,0,0,0,0,2,0,0,0,0,0,1,0,1,0,0,0,0,0,0,0,0,0,0,0,0,0,2,0,0,0,0,0,0,0,1,0,0,0,0,1,0,0,1,0,0,0,0,0,0,0,0,1,0,0,2,0,0,0,0,0,9,1,0,0,0,0,0,5,0,0,3,0,0,0,0,0,0,0,0,1,0,0,0,0,0,0,0,0,0,0,4,0,0,0,0,0,0,0,0,0,0,0,1,1,2,0,0,0,0,2,0,0,0,0,0,0,0,0,0,2,1,0,0,0,0,0,0,0,0,0,0,0,0,0,0,0,0,0,0,0,0,0,0,0,0,0,0,0,0,0,0,0,0,0,0,0,0,0,0,0,0,0,0,0,0,0,0,0,0,0,0,0,0,1,0
1627,0,0,0,0,0,0,0,1,0,0,0,0,0,0,0,0,2,2,2,2,8,0,0,0,0,1,0,0,0,0,1,4,0,0,0,0,0,0,1,1,1,0,0,0,1,1,0,0,0,0,0,0,0,2,0,0,0,0,0,0,0,0,0,0,0,0,2,0,0,0,0,0,0,0,0,1,1,0,0,0,0,0,0,0,0,0,0,3,2,3,0,0,0,0,0,0,0,3,0,1,0,0,0,0,0,0,0,0,0,0,0,0,1,0,0,0,0,3,0,0,0,1,0,0,0,0,0,1,0,0,3,3,0,1,2,2,0,0,0,0,0,0,0,0,0,0,2,1,0,0,0,0,0,0,0,0,0,1,0,0,0,0,0,0,0,0,0,0,0,0,0,0,0,0,0,0,0,0,0,0,0,0,0,0,4,0,0,0,1,0,0,0,0,0,0,0,0,0,0,0,1,0
1628,0,0,0,0,0,0,0,2,0,0,0,0,0,0,1,0,1,4,1,2,5,0,0,0,0,0,0,0,0,0,1,6,0,0,2,0,0,0,2,1,0,0,0,0,2,0,0,1,0,0,0,0,0,1,1,0,0,0,0,0,0,1,0,0,0,0,0,0,0,0,0,0,0,0,0,0,0,0,0,0,0,3,0,0,0,0,0,6,1,4,0,0,0,0,10,1,0,1,0,0,0,0,0,0,0,0,16,1,0,0,0,0,0,0,0,0,0,3,0,0,0,0,0,0,0,0,0,0,0,0,0,4,0,0,0,0,0,1,0,0,0,0,0,0,0,0,3,0,0,0,0,0,0,0,0,0,0,0,0,0,0,0,0,0,0,0,0,0,0,0,0,0,0,0,0,0,0,0,0,0,0,0,0,0,0,0,0,0,0,0,0,0,0,0,0,0,0,0,0,0,0,0
1629,0,0,0,0,0,0,0,3,0,0,0,0,0,0,0,0,1,1,0,2,7,0,0,0,0,0,0,0,0,0,1,4,0,1,2,0,0,1,3,0,0,0,0,1,2,0,0,0,0,0,0,0,0,0,0,0,0,0,0,0,0,0,0,0,0,0,1,0,0,0,0,0,0,0,0,0,0,0,1,0,0,0,0,0,0,0,0,6,4,4,0,0,0,0,8,0,0,1,0,0,0,0,0,0,0,0,2,0,0,0,0,0,0,0,0,0,0,2,0,0,0,0,0,0,0,1,3,0,0,1,1,6,0,0,2,0,0,1,0,0,0,0,0,0,0,0,0,0,0,0,0,0,0,0,0,0,0,0,0,0,0,0,0,1,1,0,1,0,0,0,0,0,0,0,0,0,0,1,0,0,0,0,0,0,1,0,0,0,0,0,0,0,0,0,0,0,0,0,0,0,0,0
1630,0,0,0,0,0,0,0,0,0,0,0,0,1,1,1,0,1,2,2,1,8,0,0,0,0,0,0,0,0,0,2,7,0,0,1,0,0,0,0,1,2,0,1,0,1,0,0,0,0,0,0,0,0,1,0,0,0,0,0,0,0,0,0,0,0,0,2,0,0,0,0,0,0,0,0,0,1,0,0,0,0,0,0,0,0,0,0,3,1,7,0,0,0,0,11,0,0,2,0,0,0,0,0,0,0,0,3,0,1,0,0,0,0,0,0,0,0,5,0,0,0,0,0,0,0,0,0,0,0,0,0,12,0,0,0,2,1,0,0,0,0,0,0,0,0,0,1,0,0,0,0,0,0,0,0,0,0,0,0,0,0,0,0,1,0,0,0,1,0,0,0,0,0,0,0,0,0,0,0,0,0,0,0,0,0,0,0,0,0,0,0,0,0,0,0,0,0,0,0,0,0,0
1631,0,0,1,0,0,0,0,2,0,0,0,0,2,0,0,0,8,3,6,3,7,0,0,1,0,0,0,2,1,0,1,2,0,0,3,1,0,0,0,0,0,0,0,1,1,0,1,1,0,0,0,0,0,3,0,0,0,0,0,0,0,0,0,0,0,0,0,0,0,0,1,0,0,0,0,0,0,0,0,0,0,0,0,0,0,1,0,6,1,2,0,0,0,0,8,0,0,1,0,0,0,0,0,0,0,0,4,0,0,0,1,0,0,0,0,0,0,3,0,0,0,0,0,0,0,0,0,2,0,0,2,10,0,0,3,1,0,0,0,0,1,0,0,0,0,0,0,0,0,0,0,0,0,0,0,0,0,0,0,0,0,0,0,0,0,0,0,0,0,0,0,0,0,0,0,0,0,1,0,0,0,0,0,0,0,0,0,0,0,0,0,0,0,0,0,0,0,0,0,0,0,0
1632,0,0,0,0,0,0,0,2,0,0,0,0,0,0,0,0,0,4,5,2,5,0,0,0,0,0,0,0,0,0,0,2,0,0,1,0,0,0,6,1,1,0,1,1,0,0,0,0,0,0,0,0,0,1,0,0,0,0,0,0,0,0,0,0,0,0,0,0,1,0,0,0,0,0,0,0,0,0,1,0,0,0,0,0,0,0,0,8,2,1,0,0,0,0,1,0,2,1,0,0,0,0,0,0,0,0,0,1,0,0,0,0,0,0,1,0,0,7,1,0,0,1,0,0,0,0,0,2,0,0,3,11,0,1,1,1,1,0,0,0,1,0,0,0,0,0,0,0,0,0,0,0,0,0,0,0,0,0,0,0,0,0,0,0,0,0,0,0,0,0,0,0,0,0,0,0,1,0,0,0,0,0,0,0,0,0,0,0,0,0,0,0,0,0,0,0,0,0,0,0,1,0
1633,0,0,0,0,0,0,0,4,0,0,1,0,2,0,0,0,1,8,5,2,10,0,0,0,0,0,0,0,0,0,3,3,0,0,1,0,0,0,1,1,0,0,3,2,1,0,0,4,0,0,0,0,0,4,0,0,0,0,0,0,0,0,0,0,0,0,0,0,0,0,0,0,0,0,0,0,0,0,0,0,0,2,0,0,0,0,0,11,2,2,0,0,0,0,6,0,2,3,0,0,0,0,0,0,0,0,1,0,0,0,0,0,0,1,0,0,0,5,0,0,0,1,0,0,0,0,0,1,0,0,2,19,0,1,2,1,0,0,0,0,0,1,0,0,0,0,2,0,0,0,1,0,0,0,0,0,0,0,1,0,0,0,0,0,0,0,1,0,0,0,0,0,0,0,0,0,0,0,0,0,0,0,0,0,1,0,0,0,0,0,0,0,0,0,0,0,0,0,0,0,3,0
1634,0,0,0,0,0,0,0,1,0,0,0,0,5,0,2,0,2,0,2,2,11,0,0,0,0,0,0,0,0,0,1,1,0,0,0,1,0,0,0,1,0,0,3,0,0,0,0,1,0,0,0,0,0,1,0,0,0,0,0,0,0,0,1,0,0,0,0,0,1,0,0,0,0,0,0,0,0,0,1,0,0,1,0,0,0,0,0,4,2,3,0,0,0,0,2,0,0,1,0,1,0,0,0,0,0,0,0,1,0,1,0,0,0,0,0,0,0,2,0,0,0,0,0,0,0,1,0,0,0,0,3,8,0,0,1,1,0,1,0,0,1,0,2,0,0,0,1,1,0,0,0,0,0,0,0,0,0,0,0,0,0,0,0,0,0,0,1,0,0,0,0,0,0,0,0,0,0,0,0,0,0,0,0,0,0,0,0,0,0,0,0,0,0,0,0,0,0,0,0,0,0,0
1635,0,0,2,0,0,0,0,3,0,0,0,0,1,0,0,0,3,1,2,4,10,0,0,0,0,0,0,1,1,0,1,1,0,0,1,0,0,0,1,1,0,0,0,0,1,0,0,0,0,0,0,0,0,3,0,0,0,0,0,0,0,0,1,0,0,0,0,0,0,0,0,0,0,0,0,0,1,0,0,0,0,0,0,0,0,0,0,1,1,11,0,0,0,0,2,0,2,1,0,0,0,0,0,0,0,0,1,1,0,0,0,0,0,0,0,0,1,7,0,0,0,1,0,0,0,0,0,1,0,2,1,9,0,0,3,0,2,0,0,0,2,0,0,2,0,0,0,0,0,0,0,0,0,0,0,0,0,0,0,0,0,0,0,1,0,0,0,0,0,0,0,0,0,0,0,0,0,0,0,0,0,0,0,0,0,0,0,0,0,0,0,0,0,0,0,0,0,0,0,0,0,0
1636,1,0,1,0,0,0,0,1,0,0,0,0,0,1,3,0,2,2,1,3,7,0,0,0,0,0,0,0,0,0,0,5,0,0,1,1,0,0,1,0,0,0,0,0,1,0,0,0,0,0,0,0,0,2,1,0,0,0,0,0,0,0,0,0,0,0,0,0,0,0,0,0,0,0,0,0,0,0,1,0,0,0,0,0,0,0,0,3,1,7,0,0,0,0,6,0,4,2,0,0,0,0,0,0,0,0,1,0,0,0,0,0,0,0,1,0,1,3,0,0,0,0,0,0,0,1,0,1,0,1,2,6,0,1,1,1,2,0,0,1,0,1,0,0,0,0,0,1,0,0,0,0,0,0,0,0,0,0,0,0,0,0,0,1,0,0,0,0,0,0,0,0,0,0,0,0,0,0,0,0,0,0,0,0,0,0,0,0,0,0,0,0,0,0,0,0,0,0,1,0,0,0
1637,0,0,0,0,0,0,0,1,0,0,1,0,0,0,0,0,0,0,0,4,6,0,0,0,0,0,0,0,0,0,2,1,0,0,1,0,0,0,0,2,0,0,0,0,0,0,0,0,1,0,0,0,0,0,0,0,0,0,0,0,0,0,0,0,0,0,0,0,0,0,0,0,0,0,0,0,0,0,0,0,0,0,0,0,0,0,0,3,3,6,0,0,0,0,3,0,0,0,0,0,0,0,0,0,0,0,1,2,0,0,0,0,0,0,0,0,0,1,0,0,0,0,0,0,0,0,0,0,0,0,2,8,0,0,1,0,0,0,0,0,0,0,0,0,0,0,0,0,1,0,1,0,0,0,0,0,0,0,0,0,0,0,0,0,0,0,1,0,0,0,0,0,0,0,0,0,0,0,0,0,0,0,0,0,0,0,0,0,0,0,0,0,0,0,0,0,0,0,0,1,2,0
1638,0,0,0,0,0,0,0,3,0,1,0,0,1,0,1,0,0,0,4,1,3,0,0,0,0,0,0,0,0,1,1,0,0,0,0,0,0,0,1,0,0,0,1,0,1,0,1,1,0,0,0,0,0,0,0,0,0,0,0,0,0,1,0,0,1,0,0,0,1,0,0,0,0,1,0,0,0,0,0,0,0,0,0,0,0,0,0,2,4,4,0,0,0,0,7,0,0,0,0,0,0,0,0,0,0,0,2,0,0,1,2,0,1,0,0,0,0,5,0,1,0,0,0,0,0,1,0,0,0,3,2,17,0,0,0,1,3,1,0,0,0,0,0,0,1,0,0,1,0,0,0,0,0,0,0,0,0,1,0,0,0,0,0,0,0,0,0,0,0,0,0,0,0,0,0,0,0,0,0,0,0,0,0,0,1,0,0,0,0,0,0,0,0,0,0,0,0,0,0,0,0,0
1639,1,0,0,0,0,0,0,0,0,0,1,0,1,0,1,0,1,2,3,1,6,0,0,0,0,0,0,0,0,1,0,1,0,0,2,0,0,0,0,0,0,0,0,0,0,0,0,1,0,0,0,0,0,1,1,0,0,0,0,0,0,1,0,0,1,0,0,0,0,0,0,0,0,0,0,0,0,0,0,0,0,0,0,0,0,0,0,3,2,4,0,0,0,0,4,0,0,1,0,0,0,0,0,0,0,0,1,4,0,1,0,0,0,2,0,0,1,3,0,0,0,0,0,0,0,2,0,0,0,2,2,17,0,0,2,0,1,0,0,0,0,0,0,0,0,0,1,0,0,0,0,0,0,0,0,0,0,0,0,0,0,0,0,1,0,0,1,0,0,0,0,0,0,0,0,0,0,0,0,0,0,0,0,0,0,0,0,0,0,0,1,0,0,0,0,0,0,0,0,0,1,0
1640,2,0,0,0,0,0,0,2,0,0,0,0,1,0,0,0,2,4,2,4,10,0,0,0,0,0,0,0,0,0,3,5,0,0,1,1,0,0,4,2,0,0,0,0,2,0,0,1,1,0,0,0,0,0,0,0,0,0,0,0,0,0,0,0,0,0,0,1,0,0,1,0,0,0,0,0,0,0,1,0,0,4,0,0,0,0,0,12,4,10,0,0,0,0,9,0,0,0,0,0,0,0,0,0,0,0,3,2,0,0,0,0,0,1,0,0,0,4,0,0,0,0,0,0,0,0,0,0,0,0,4,19,0,0,1,0,1,0,0,0,0,1,1,0,0,0,2,0,0,1,0,0,0,0,0,0,0,0,1,0,0,0,0,0,0,0,0,0,0,0,0,0,0,0,0,0,0,0,0,0,0,0,0,0,0,0,0,0,0,0,0,0,0,0,0,0,0,0,0,0,2,0
1641,18,0,0,0,0,0,0,0,0,0,0,0,0,1,1,0,1,2,0,2,6,0,0,0,0,0,0,0,1,0,0,31,0,0,0,0,0,0,2,0,0,0,1,0,4,0,0,6,0,0,0,1,0,1,0,0,0,0,0,0,0,2,0,0,0,0,0,0,2,1,3,0,0,0,0,0,0,0,0,0,0,7,0,1,0,0,0,3,0,23,0,2,0,0,7,0,0,2,0,1,0,0,0,0,0,0,0,0,0,0,0,0,0,0,0,0,0,5,0,0,0,0,0,0,0,0,0,2,0,1,1,2,0,0,0,0,0,0,0,0,0,0,0,0,0,0,1,0,0,0,0,0,0,0,0,0,0,0,0,0,0,0,0,0,0,0,0,0,0,0,1,0,0,0,0,0,0,0,0,0,0,0,0,0,2,0,0,0,0,0,0,0,0,0,0,0,0,0,0,0,1,0
1642,49,0,0,0,0,0,0,0,0,0,0,0,1,0,0,0,2,3,1,1,9,0,0,0,0,0,0,1,1,0,1,26,0,0,2,0,0,0,2,1,0,0,0,0,0,0,0,2,0,0,0,0,0,1,0,0,0,0,0,0,0,0,1,0,0,0,0,0,0,0,1,0,0,0,0,0,0,0,2,0,0,4,0,0,0,0,0,5,1,13,0,1,0,0,9,0,0,2,0,0,0,0,0,0,0,0,2,7,1,1,0,0,1,0,0,0,0,2,0,0,0,0,0,0,0,0,0,1,0,1,2,2,0,0,0,0,0,0,0,0,0,0,0,0,0,0,1,0,0,0,0,0,0,0,0,0,0,0,0,0,0,0,0,0,0,0,0,0,0,0,0,0,0,0,0,0,0,0,0,0,0,0,0,0,2,0,0,0,0,0,0,0,0,0,0,0,0,0,2,0,0,0
1643,29,0,0,0,0,0,0,0,0,0,0,0,0,0,0,0,1,2,4,1,10,0,0,0,0,0,0,0,0,0,1,18,0,0,2,0,0,0,1,0,0,0,1,0,1,0,0,1,0,0,0,0,1,0,0,0,0,0,0,0,0,0,0,0,0,0,0,0,0,0,0,0,0,0,0,0,0,0,2,0,0,0,1,0,0,0,0,4,2,7,0,0,0,0,11,0,0,1,0,0,0,0,0,0,0,0,1,3,0,0,0,0,0,1,0,0,0,1,0,1,0,0,0,0,0,0,0,0,0,0,1,0,0,0,1,0,0,0,0,0,1,0,0,0,0,0,0,0,0,0,0,0,0,0,0,0,0,0,0,0,0,0,0,0,0,0,0,0,0,0,0,0,0,0,0,0,0,0,0,0,0,0,0,2,0,0,0,0,0,0,0,0,0,0,0,0,0,0,0,0,3,0
1644,12,0,0,0,0,0,0,4,0,0,1,0,0,0,1,0,2,2,0,1,8,0,0,0,0,0,0,0,0,1,1,9,0,0,0,0,0,0,2,0,0,0,0,2,2,0,0,1,0,0,0,0,0,0,0,0,0,0,0,0,0,0,0,0,0,0,0,0,1,0,0,0,0,2,0,0,0,0,2,0,0,1,0,0,0,0,0,4,1,4,0,0,0,0,5,0,0,2,0,0,0,0,0,0,0,0,79,3,0,1,0,0,0,0,0,0,0,5,0,0,0,0,0,0,0,0,0,2,0,2,1,1,0,1,2,1,0,0,1,0,0,0,0,0,0,0,0,0,0,0,1,0,0,0,0,0,0,2,0,0,0,0,0,0,0,0,0,0,0,0,0,0,0,0,0,0,0,0,0,0,0,0,0,0,1,0,0,0,0,0,0,0,0,0,0,0,0,0,0,0,2,0
1645,8,0,0,0,0,0,0,4,0,0,0,0,0,0,0,0,0,3,2,1,9,0,0,0,0,0,0,0,0,0,0,3,0,0,1,0,1,0,1,0,0,0,1,0,1,0,0,0,0,0,0,0,0,1,0,0,0,0,0,0,0,0,0,0,0,0,0,0,2,0,0,0,0,0,0,0,0,0,0,0,0,0,0,0,0,0,0,6,0,1,0,0,0,0,11,0,0,5,0,0,0,0,0,0,0,0,1,4,0,0,0,0,0,0,1,0,0,0,0,0,0,0,0,0,0,0,0,2,0,0,0,1,0,0,0,1,1,0,0,0,0,0,0,0,0,0,2,0,0,0,1,0,0,0,0,0,0,0,0,0,0,0,0,0,0,0,0,0,0,0,0,0,0,0,0,0,0,0,0,0,0,0,0,0,1,0,0,0,0,0,0,0,0,0,0,0,0,0,0,0,0,0
1646,20,0,0,0,0,0,0,1,0,0,0,0,0,0,1,0,1,4,5,1,5,0,0,0,0,0,0,0,1,0,0,7,0,0,1,0,0,0,0,0,0,0,0,0,0,0,0,2,0,0,0,0,0,1,0,0,0,0,0,0,0,1,0,0,0,0,0,0,0,0,0,0,0,0,0,0,1,0,0,0,0,0,0,0,0,0,0,1,2,4,0,0,0,0,4,0,2,2,0,0,0,0,0,0,0,0,1,1,0,0,0,1,0,0,0,0,0,1,0,0,0,0,0,0,0,0,0,0,0,0,1,1,0,0,0,1,0,0,0,0,0,0,0,0,0,0,0,0,0,0,0,0,0,0,0,0,0,0,0,0,0,0,0,0,0,0,0,0,0,0,0,0,0,0,0,0,0,0,0,0,0,0,0,0,0,0,0,0,0,0,0,0,0,0,0,0,0,0,0,0,0,0
1647,12,0,0,0,0,0,0,2,0,0,0,0,0,0,0,0,2,0,1,3,2,0,0,0,0,0,0,0,0,0,1,9,0,0,0,0,0,0,0,1,0,0,1,0,0,0,0,0,0,0,0,0,0,1,0,0,0,0,0,0,0,0,0,0,0,0,0,0,0,0,0,0,0,0,0,0,0,0,0,0,0,2,0,0,0,0,1,4,1,15,0,0,0,0,5,0,1,1,0,0,0,0,0,0,0,0,2,1,0,0,0,0,0,0,0,0,0,3,0,0,0,0,0,0,0,0,0,20,1,0,0,1,2,0,0,0,1,0,0,0,0,0,0,0,0,0,0,0,0,0,0,0,0,0,0,0,0,0,2,0,0,0,0,0,0,0,0,0,0,0,0,0,0,0,0,0,0,0,0,0,0,0,0,1,3,0,0,0,0,0,0,0,0,0,0,0,0,0,0,0,0,0
1648,12,0,0,0,0,0,0,2,1,0,0,0,1,2,0,0,0,2,0,3,6,0,0,0,0,0,0,0,0,0,5,10,0,0,0,0,0,0,2,2,0,0,0,2,0,0,0,3,0,0,0,0,0,3,0,0,0,0,0,0,0,0,0,0,0,0,0,0,0,0,0,0,0,0,0,0,0,0,0,0,0,0,0,0,0,0,0,0,1,14,0,0,0,1,3,0,0,1,0,0,0,0,0,0,0,0,0,3,0,0,0,1,0,0,0,0,0,1,0,0,0,0,0,0,0,0,0,11,0,0,1,1,0,0,1,0,2,1,0,0,1,0,0,0,0,0,1,0,0,0,0,0,0,0,0,0,0,0,0,0,0,0,0,0,1,0,0,0,0,0,0,0,0,0,0,0,0,0,0,0,0,0,0,0,0,0,0,0,0,0,0,0,0,0,0,0,0,0,0,0,0,0
1649,10,0,0,0,0,0,0,3,0,0,0,0,0,0,0,1,0,1,0,1,5,0,0,0,0,0,0,0,0,0,0,9,0,0,5,0,0,0,0,2,1,0,1,0,1,0,0,2,1,0,0,0,0,0,0,0,0,0,0,0,0,0,0,0,0,0,0,0,0,0,0,0,0,0,0,0,0,0,3,0,0,3,0,0,0,0,0,5,2,10,0,0,0,0,11,0,0,1,0,0,0,0,0,0,0,0,1,3,1,0,0,0,0,0,0,0,1,3,0,1,0,0,0,0,0,0,0,0,0,0,1,3,0,1,1,2,0,0,0,0,0,0,0,0,0,0,0,3,0,1,0,0,0,0,0,0,0,0,0,0,0,0,0,0,0,0,0,0,1,0,0,0,0,0,0,0,0,0,0,0,0,0,0,0,0,0,0,0,0,0,0,0,0,0,0,0,0,0,0,0,0,0
1650,5,0,0,0,0,0,0,3,0,0,1,0,0,1,0,0,3,1,2,5,4,0,0,0,0,0,0,0,0,0,3,12,0,0,1,0,0,0,1,1,0,0,1,1,1,0,0,3,0,0,0,0,0,0,0,0,0,0,0,0,0,0,0,0,0,0,0,0,0,0,0,0,0,1,0,0,0,0,1,0,0,0,0,0,0,1,0,1,3,13,0,0,0,0,4,0,2,2,0,0,0,0,0,0,0,0,0,5,0,1,1,0,0,0,1,0,0,3,0,0,0,0,0,0,0,1,0,2,0,0,1,0,0,1,0,0,2,1,0,0,0,1,0,0,0,0,2,0,0,0,0,0,0,0,0,0,0,0,0,0,0,0,0,0,0,0,0,0,0,0,0,0,0,0,0,0,0,0,0,0,0,0,0,0,1,0,0,0,0,0,0,0,0,0,0,0,0,0,0,0,3,0
1651,0,0,0,0,0,0,0,3,0,1,1,0,0,0,4,0,1,0,1,1,3,0,0,0,0,0,0,0,0,0,1,2,0,0,3,0,0,0,2,0,0,0,0,0,0,0,0,2,0,0,0,0,0,1,0,0,0,0,0,0,0,0,0,0,0,0,0,0,0,0,0,0,0,1,0,0,0,0,5,0,0,0,0,0,0,1,1,4,3,10,0,2,1,0,7,0,1,0,0,0,0,0,0,0,0,0,0,6,0,0,0,0,0,0,0,0,0,4,0,0,0,0,0,0,0,1,0,4,0,0,1,2,0,0,2,1,2,0,1,0,1,0,1,1,0,0,3,0,0,0,0,0,0,0,0,0,0,0,0,0,0,0,0,0,0,0,0,0,0,0,0,0,0,0,0,0,0,1,0,0,0,1,0,0,0,0,1,0,0,0,0,0,0,0,0,0,0,0,0,0,0,0
1652,2,0,0,0,0,0,0,2,0,0,2,0,1,0,1,0,1,0,1,3,2,0,0,0,0,0,0,0,0,0,1,1,0,0,3,1,0,0,2,1,0,0,0,2,0,0,0,0,0,0,0,0,0,0,0,0,0,0,0,0,0,0,1,0,0,0,1,0,0,0,0,0,0,0,0,0,0,0,3,0,0,0,0,1,0,0,0,11,2,9,0,0,0,0,12,0,1,3,0,0,0,0,0,0,0,0,1,3,0,0,0,0,0,0,1,0,0,4,0,0,0,0,0,0,0,0,0,2,0,1,3,2,0,0,0,0,4,0,0,0,0,0,0,0,0,0,2,0,0,0,0,0,0,0,0,0,0,0,1,0,0,0,0,0,1,0,0,0,0,0,0,0,0,0,0,0,0,0,0,0,0,0,0,0,2,0,0,0,0,0,0,0,0,0,0,0,0,0,0,0,0,0
1653,2,0,0,0,0,0,0,2,0,0,0,0,0,2,1,0,1,2,0,2,5,0,0,0,0,0,0,0,0,0,1,2,0,0,0,0,0,1,0,0,1,0,1,1,3,0,0,2,0,0,0,0,0,0,0,0,0,0,0,0,0,0,0,0,0,0,0,0,0,0,0,0,0,0,0,0,0,0,2,0,0,0,0,0,0,1,0,2,0,13,0,0,0,0,10,0,1,3,0,0,0,0,0,0,0,0,0,4,0,0,0,0,0,0,0,0,0,3,0,0,0,0,0,1,0,0,0,4,0,0,2,0,0,0,0,0,2,1,0,0,0,0,0,2,1,0,1,0,0,0,0,0,0,1,0,0,0,0,1,0,0,0,0,0,1,0,1,1,0,1,0,0,0,0,0,0,0,0,0,0,0,0,0,0,2,0,0,0,0,0,0,0,0,0,0,0,0,0,0,0,1,0
1654,11,0,0,0,0,0,0,2,0,0,0,0,0,0,1,0,1,1,3,0,0,0,0,0,0,0,0,0,0,0,0,2,0,0,2,0,0,0,1,1,0,0,0,2,0,0,0,1,0,0,0,0,0,0,0,0,0,0,0,0,0,0,0,0,0,0,0,1,0,0,0,0,0,0,0,0,0,0,0,0,0,0,0,1,0,3,0,2,1,7,0,0,0,0,6,0,1,2,1,0,0,0,0,0,0,0,0,5,0,0,0,0,0,1,0,0,0,5,0,0,0,0,0,0,0,0,0,9,0,0,4,1,0,1,1,2,1,0,1,0,0,0,0,0,0,0,0,0,0,0,0,0,0,0,1,0,0,1,0,0,0,0,0,1,1,0,0,0,0,0,0,0,0,0,0,0,0,0,0,0,0,0,0,0,2,0,0,0,0,0,1,0,1,0,0,0,0,0,0,0,2,0
1655,14,0,0,0,0,0,0,5,0,0,0,0,0,2,1,0,1,1,3,1,2,0,0,0,0,0,0,0,0,0,1,3,0,0,1,0,0,0,0,0,0,0,1,1,0,0,0,5,0,0,0,0,0,2,0,0,0,0,0,0,0,0,0,0,0,0,0,1,0,0,0,0,0,0,0,0,0,0,2,0,0,1,0,0,0,0,0,9,0,8,0,0,0,0,8,0,0,2,0,0,0,0,0,0,0,0,0,5,0,0,0,0,1,1,0,0,0,2,0,1,0,0,0,0,0,0,0,1,0,1,3,6,0,0,0,1,4,2,1,0,0,0,0,1,0,0,1,0,0,0,0,0,0,0,0,0,0,1,0,0,0,0,0,0,0,0,1,0,0,0,0,0,0,0,0,0,0,0,0,0,0,0,0,0,4,0,0,0,0,0,0,0,0,0,0,0,0,0,0,0,0,0
1656,3,0,0,0,0,0,0,4,0,0,4,0,0,0,1,0,1,2,5,1,3,0,0,0,1,0,0,0,0,0,0,4,0,0,0,1,0,0,0,0,0,0,0,4,0,0,0,0,0,0,0,0,0,2,0,0,1,0,0,0,0,0,1,0,0,0,0,0,0,0,0,0,0,0,0,0,0,1,0,0,0,0,0,0,0,1,0,4,1,12,0,0,0,0,8,0,0,5,0,0,0,0,0,0,0,0,0,7,0,0,0,0,0,0,0,0,0,0,0,0,0,1,0,0,0,0,1,4,0,1,2,3,0,0,1,1,3,0,0,0,0,1,0,1,0,0,2,2,0,1,0,0,0,0,0,0,0,0,1,0,0,0,0,0,0,0,0,0,0,0,0,0,0,0,0,0,0,0,0,0,0,1,0,0,3,0,0,0,0,0,0,0,0,0,0,0,0,0,1,0,0,0
1657,1,0,0,0,0,0,0,3,0,0,1,0,0,0,0,0,0,3,0,1,5,0,0,0,0,0,0,0,0,0,0,2,0,1,1,0,0,0,1,2,0,0,0,0,0,0,0,6,0,0,0,0,0,0,0,0,0,0,0,0,0,0,0,0,0,0,0,0,1,0,0,0,0,1,0,0,0,0,1,0,0,0,0,0,0,0,0,2,2,17,0,0,0,0,5,0,0,5,0,0,0,0,0,0,0,0,0,0,0,0,0,0,0,0,0,0,0,1,0,0,0,0,0,0,0,0,0,0,1,1,3,1,0,0,4,5,0,1,0,0,0,0,1,0,0,0,5,1,0,0,0,0,0,0,0,0,0,0,0,0,0,0,0,1,0,0,0,0,0,0,0,0,0,0,0,0,0,0,0,0,1,0,0,0,2,0,0,0,0,0,0,0,0,0,0,0,0,0,2,0,2,0
1658,3,0,0,0,0,0,0,2,1,0,3,0,1,0,0,0,1,2,2,1,6,0,0,0,0,0,0,2,0,0,1,4,0,2,0,0,0,0,2,1,0,0,0,0,1,0,0,11,0,0,0,0,0,0,0,0,0,0,0,0,0,0,0,0,0,0,1,0,0,0,0,0,0,0,0,0,0,0,1,0,0,0,0,0,0,0,0,2,3,13,0,0,0,0,3,0,0,2,0,0,0,0,0,0,0,0,2,5,0,0,0,0,1,0,0,0,0,4,0,0,0,0,0,0,0,2,0,0,0,0,3,3,0,0,2,3,0,1,1,0,2,0,0,0,0,0,4,0,0,0,0,0,0,0,0,0,0,0,0,0,0,0,0,0,0,0,0,0,0,0,0,0,0,0,0,0,0,0,0,0,0,0,0,0,1,0,0,0,0,0,0,0,0,0,0,0,0,0,0,0,1,0
1659,5,1,1,0,0,0,0,2,0,0,3,0,0,0,3,0,2,2,1,3,3,0,0,1,0,0,0,0,0,0,1,4,0,0,0,1,0,0,0,0,0,0,0,0,1,0,0,2,0,0,0,0,0,0,1,0,0,0,0,0,0,0,0,0,0,0,1,0,0,0,0,0,0,0,0,0,0,0,1,0,0,0,1,0,0,0,0,2,2,18,0,0,0,0,7,0,0,1,0,0,0,0,0,0,0,0,1,4,0,0,0,0,0,0,0,0,0,4,0,0,0,0,0,0,0,1,0,5,0,0,3,4,0,0,1,2,1,0,1,0,0,0,0,1,0,0,4,0,0,0,0,0,0,0,0,0,0,0,0,0,0,0,0,0,0,0,0,0,0,0,0,0,0,0,0,0,0,1,0,0,0,0,0,0,0,0,0,0,0,0,0,0,0,0,0,0,0,0,0,0,1,0
1660,39,0,0,0,0,0,0,5,0,0,2,0,1,0,1,0,0,2,2,6,10,0,0,0,0,0,0,1,0,0,0,10,0,0,3,0,0,0,0,0,0,0,0,1,0,0,1,1,0,0,0,0,0,0,0,0,0,0,0,0,0,0,0,0,0,0,0,2,0,0,0,0,0,0,0,0,0,0,4,0,0,1,0,0,0,1,0,7,2,12,0,0,0,0,7,0,0,2,0,0,0,0,0,0,0,0,0,3,0,0,0,0,0,1,0,0,0,4,1,0,0,0,0,0,0,0,0,3,0,1,3,3,0,0,0,3,1,0,1,0,0,0,1,0,0,0,2,0,0,0,0,0,0,0,0,0,0,0,2,0,0,0,0,0,0,0,0,0,0,1,0,0,0,0,0,0,0,0,0,0,0,0,0,0,3,0,0,0,0,0,2,0,0,0,0,0,0,0,0,0,1,0
1661,19,0,0,0,0,0,0,4,0,0,1,0,0,0,1,0,0,1,2,0,16,0,0,0,0,0,0,0,0,0,0,7,0,0,1,0,0,0,1,0,0,0,0,0,1,0,0,4,0,0,0,0,0,0,0,0,0,0,0,0,1,0,0,0,0,0,1,0,0,0,0,0,0,0,0,0,0,0,2,0,0,2,0,0,0,0,0,3,4,14,0,0,0,0,8,0,0,3,0,0,0,0,0,0,0,0,0,4,0,0,0,0,0,0,0,0,0,5,0,0,0,1,0,0,0,1,0,7,0,0,2,3,0,0,2,2,1,1,0,0,0,0,0,0,1,0,1,0,0,1,0,0,0,0,0,0,0,0,0,0,0,0,0,0,0,0,0,0,0,1,0,0,1,0,0,0,0,0,0,0,0,0,0,0,0,0,0,0,0,0,0,0,0,0,0,0,0,0,1,0,1,0
1662,1,0,0,0,0,0,0,1,0,0,0,0,1,0,0,0,2,0,0,1,4,0,0,0,0,0,0,0,1,0,0,6,0,0,2,0,0,0,0,0,0,0,0,0,0,0,0,5,0,0,0,0,0,1,0,0,0,0,0,0,0,0,0,0,0,0,0,1,0,0,0,0,0,0,0,0,0,0,1,0,0,1,1,0,0,1,0,6,4,19,0,1,0,0,13,0,0,6,0,0,0,0,0,0,0,0,6,6,0,2,0,0,0,0,0,0,0,3,0,0,0,0,0,0,0,0,0,1,0,1,0,3,0,0,0,0,2,1,0,0,0,0,0,0,0,0,4,0,0,1,0,0,0,0,0,0,0,1,0,0,0,0,0,0,0,0,0,0,0,0,0,0,0,0,0,0,0,0,0,0,0,0,0,0,3,0,0,0,0,0,0,0,0,0,0,0,0,0,0,0,1,0
1663,3,0,0,0,0,0,0,5,0,0,1,0,0,1,1,0,1,3,0,4,3,0,0,0,0,0,0,1,0,1,3,1,0,0,3,0,0,0,1,1,0,0,0,0,1,0,0,5,1,0,0,0,0,1,0,0,0,0,0,0,0,0,2,1,0,0,0,0,1,0,0,0,0,0,0,0,0,0,1,0,0,0,0,0,0,2,0,8,3,16,0,0,0,0,8,0,1,3,0,0,0,0,0,0,0,0,0,4,0,0,0,0,0,0,0,0,0,2,0,0,0,0,0,0,0,0,0,4,0,1,2,1,0,0,2,2,1,3,1,0,0,0,0,0,1,0,4,0,0,0,0,0,0,0,0,0,0,0,0,0,0,0,0,0,1,0,0,0,0,0,0,0,0,0,0,0,0,0,0,0,0,0,0,0,0,0,0,0,0,0,0,0,0,0,0,0,0,0,0,0,2,0
1664,3,1,0,0,0,0,0,5,0,0,1,0,0,1,0,0,0,2,1,1,10,0,0,0,0,0,0,0,0,0,0,2,0,1,3,0,0,0,1,0,1,0,0,0,0,0,0,2,0,0,0,0,0,0,0,0,0,0,0,0,0,1,3,0,0,0,0,0,0,0,0,0,0,0,0,0,0,0,5,0,0,1,0,0,0,0,0,7,1,13,0,0,0,0,10,0,0,4,0,0,0,0,0,0,0,0,1,6,0,0,0,0,0,0,0,0,0,3,0,1,0,0,0,0,0,0,0,4,1,1,4,2,0,1,3,1,0,1,0,0,0,0,1,1,2,0,0,0,0,1,0,0,0,0,0,0,0,0,0,0,0,0,0,0,0,1,1,0,0,0,1,0,0,0,0,0,1,0,0,0,0,0,0,0,1,0,0,0,0,0,0,0,0,0,0,0,0,0,0,0,1,0
1665,2,0,0,0,0,0,0,3,0,0,3,0,0,0,0,0,1,3,0,2,3,0,0,0,0,1,0,0,0,1,1,2,0,0,1,0,0,0,0,1,0,0,0,0,1,0,0,4,0,0,0,0,0,0,0,0,0,0,0,0,0,2,0,0,1,0,0,0,0,0,0,0,0,0,0,0,0,0,2,0,0,0,0,0,0,0,0,8,3,4,0,0,0,0,11,0,0,7,0,0,0,0,0,0,0,0,0,3,0,1,0,1,0,0,0,0,0,2,0,0,0,0,0,0,0,0,0,6,0,1,1,1,0,2,1,1,3,0,0,0,1,0,0,1,1,0,1,0,0,0,1,0,0,0,0,0,0,0,0,0,0,0,0,0,0,0,1,0,0,0,0,0,0,0,0,0,1,0,0,0,0,0,0,0,0,0,0,0,0,0,1,0,0,0,0,0,0,0,0,0,1,0
1666,0,13,0,0,0,0,0,1,0,0,0,0,0,0,0,0,1,2,0,1,5,0,0,0,0,0,0,0,0,0,2,0,0,0,2,1,0,0,1,1,0,0,0,1,1,0,0,5,1,0,0,0,0,1,0,0,0,0,0,0,0,0,0,0,0,0,0,0,0,0,0,0,0,0,0,0,0,0,1,0,0,0,0,0,0,1,0,6,4,3,0,0,0,0,9,0,1,1,0,0,0,0,0,0,0,0,3,7,1,1,0,0,0,1,0,0,0,2,0,0,0,0,0,0,0,0,0,10,1,2,2,0,0,0,0,1,0,1,1,0,1,0,0,0,0,0,0,0,0,1,0,0,0,0,0,0,0,0,0,0,0,0,0,1,1,0,0,0,0,0,0,0,0,0,0,0,0,0,0,0,0,0,0,0,1,0,0,0,0,0,1,0,0,0,0,0,0,0,0,0,1,0
1667,3,0,3,0,0,0,0,2,0,0,2,0,0,1,0,0,0,0,0,0,5,0,0,0,0,0,0,0,0,0,0,1,0,0,5,0,0,0,0,1,0,0,0,1,0,0,0,6,0,0,0,0,1,1,0,0,0,0,0,0,0,0,0,0,0,0,0,0,0,0,0,0,0,1,0,0,0,0,1,0,0,0,0,0,0,0,0,11,3,5,0,0,1,0,9,0,1,5,0,0,0,0,0,0,0,0,0,8,0,0,0,0,1,0,0,0,0,6,0,0,0,0,0,0,0,0,0,2,0,1,1,0,0,2,3,1,0,1,1,0,0,0,0,0,1,0,1,0,0,1,0,0,0,0,0,0,0,0,0,0,0,0,0,0,0,0,1,0,0,0,0,0,0,0,0,0,0,0,0,0,0,0,0,0,0,0,0,0,0,0,0,0,0,0,0,0,0,0,0,0,2,0
1668,6,0,0,0,0,0,0,6,0,0,2,0,2,0,0,0,0,4,0,1,5,0,0,0,0,0,0,0,1,0,1,1,0,0,4,10,0,0,1,0,0,0,0,1,1,0,0,2,0,0,0,0,0,0,0,0,0,0,0,0,0,0,0,0,1,0,0,0,0,0,0,0,0,0,0,0,0,0,3,0,0,0,0,0,0,0,0,2,3,6,0,0,0,0,7,0,1,6,0,0,0,0,0,0,0,0,1,3,0,0,0,0,1,0,1,0,2,7,0,0,0,0,1,0,0,0,0,1,0,0,1,2,0,2,5,1,0,2,2,0,0,0,0,0,0,0,0,0,0,1,0,0,0,0,0,0,0,0,0,0,0,0,0,0,0,0,0,1,0,0,0,0,0,0,0,0,0,0,0,0,0,0,0,0,2,0,0,0,0,0,0,0,0,0,0,0,0,0,0,0,1,0
1669,1,1,0,0,0,0,0,3,0,0,3,0,3,2,0,0,0,2,0,1,4,0,0,0,0,0,0,0,1,0,0,3,0,0,0,4,0,0,0,0,1,0,2,0,1,0,0,4,1,0,0,0,0,0,0,0,0,0,0,0,0,0,0,0,0,0,0,0,0,0,0,0,0,0,0,0,0,0,3,0,0,1,0,0,0,0,0,4,1,7,0,0,0,0,3,0,0,4,0,0,0,0,0,0,0,0,1,4,0,0,0,0,0,1,0,0,0,5,0,0,0,0,0,0,0,1,1,7,0,2,6,4,0,0,2,2,1,1,1,2,0,0,1,1,1,0,2,0,0,1,0,0,0,0,0,0,0,0,0,0,0,0,0,1,0,0,0,0,0,0,0,0,0,0,0,0,0,0,0,0,0,0,0,0,3,0,0,0,0,0,1,0,0,0,0,0,0,0,0,0,0,0
1670,5,0,1,0,0,0,0,5,0,0,0,0,0,1,2,0,1,0,0,6,10,0,0,0,0,0,0,0,1,0,0,5,0,0,0,1,0,0,0,0,0,0,0,0,2,0,0,9,1,0,0,0,0,2,0,0,0,0,0,0,0,2,0,0,0,0,1,1,0,0,0,0,0,0,0,0,0,0,1,0,0,1,1,0,0,0,0,7,1,17,0,0,0,0,3,0,5,6,0,0,0,0,0,0,0,0,2,6,0,0,0,1,0,0,0,0,0,5,0,0,0,0,0,0,0,0,0,2,0,0,2,2,0,0,2,2,0,3,0,0,0,1,2,0,0,0,1,0,0,3,0,0,0,0,0,0,0,3,1,0,0,0,0,0,0,0,0,0,0,0,1,0,0,0,0,0,0,1,0,0,1,0,0,0,2,0,0,0,0,0,0,0,0,0,0,0,0,0,0,0,0,0
1671,3,0,0,0,0,0,0,5,0,0,2,0,0,0,0,0,0,2,2,1,3,0,0,0,0,0,0,0,1,1,2,4,0,0,1,0,1,0,0,0,0,0,1,0,0,0,0,8,1,0,0,0,0,1,0,0,0,0,0,0,0,0,0,0,0,0,0,0,0,1,1,0,0,0,0,0,0,0,1,0,0,1,0,0,0,1,0,3,2,22,0,0,0,0,9,0,0,1,0,0,0,0,0,0,0,0,0,8,1,0,0,0,0,0,0,0,0,3,0,0,0,0,0,0,0,0,0,2,0,1,8,7,0,0,1,2,1,0,0,0,1,0,0,1,1,0,4,1,0,1,0,0,0,0,0,0,0,0,1,0,0,0,0,0,0,0,0,0,0,0,0,0,0,0,0,0,0,0,0,0,0,0,0,1,1,0,0,0,0,0,0,0,0,0,0,0,0,0,1,0,1,0
1672,3,0,0,0,0,0,0,7,0,0,1,0,0,0,0,0,0,0,1,0,5,0,0,0,0,0,0,3,0,0,3,1,0,0,1,0,0,0,0,0,3,0,1,0,0,0,0,8,0,0,0,0,0,2,1,0,0,0,0,0,0,2,1,0,0,0,0,0,0,0,2,0,0,0,0,0,0,0,0,0,0,1,0,0,0,0,0,6,4,10,0,3,0,0,11,0,0,1,0,0,0,0,0,0,0,0,0,8,2,1,0,0,0,1,0,0,0,2,0,1,0,0,1,0,0,0,0,3,0,1,1,3,0,2,2,3,0,0,1,0,0,2,0,1,1,0,1,0,0,0,1,0,0,0,0,0,0,0,1,0,0,0,0,0,0,0,0,0,0,0,0,1,0,0,0,0,0,0,0,0,1,0,0,0,2,0,0,0,0,0,0,0,0,0,0,0,0,0,0,0,5,0
1673,4,0,0,0,0,0,0,5,0,0,0,0,3,0,0,0,0,2,2,3,8,0,0,0,0,0,0,2,0,1,3,5,0,1,0,0,0,0,0,1,0,0,0,1,0,0,0,3,0,0,0,0,0,0,0,0,0,0,0,0,0,0,0,0,0,0,0,1,1,0,1,0,0,0,0,0,1,0,1,0,0,0,0,0,0,0,0,6,6,8,0,1,0,0,9,0,0,1,0,0,0,0,0,0,0,0,3,7,0,0,0,0,0,0,0,0,0,3,0,0,0,0,0,0,0,0,0,8,0,0,4,8,0,0,1,1,1,1,1,1,0,1,0,1,2,0,0,0,0,0,0,1,0,0,0,0,0,0,0,0,0,0,0,0,0,0,0,0,0,0,0,0,0,0,0,0,1,0,0,0,0,0,0,1,1,0,0,0,0,0,0,0,0,0,0,0,0,0,0,0,2,0
1674,2,0,0,0,0,0,0,2,0,0,1,0,0,0,2,0,3,1,1,2,8,0,0,0,0,0,0,0,0,0,1,1,0,0,1,0,0,1,0,0,0,0,0,1,2,0,1,2,1,0,0,0,0,1,0,0,0,0,0,0,0,0,1,0,0,0,0,0,1,1,0,0,0,0,0,0,0,0,0,0,0,0,0,0,0,0,0,1,1,10,0,1,0,0,8,0,0,3,0,0,0,0,1,0,0,0,1,6,0,1,0,0,1,0,0,0,0,2,0,1,0,1,0,0,0,0,0,2,0,1,7,2,0,0,1,3,1,3,0,0,0,0,1,0,1,0,2,0,0,0,0,0,0,0,0,0,0,1,1,0,0,0,0,0,0,0,0,0,0,0,0,0,0,0,0,0,0,0,0,0,0,0,0,0,5,0,0,0,0,0,0,0,0,0,0,0,0,0,0,0,3,0
1675,1,0,0,0,0,0,0,3,0,0,0,0,3,0,1,0,0,2,0,1,7,0,0,0,0,0,0,1,0,0,1,2,0,0,0,0,0,0,4,0,0,0,0,1,0,0,0,0,0,0,0,0,0,2,0,0,0,0,0,0,0,0,0,0,0,0,0,0,1,1,0,0,0,0,0,0,0,0,0,0,0,0,0,0,0,0,0,3,0,17,0,2,0,0,7,0,0,4,0,0,0,0,0,0,0,0,1,9,1,0,0,0,0,1,0,0,0,7,0,1,0,0,0,0,0,0,0,0,0,0,0,12,0,0,1,5,0,0,0,0,0,2,0,1,1,0,0,0,0,0,1,0,0,0,0,0,0,0,0,0,0,0,0,0,1,0,1,0,0,0,1,0,0,0,0,0,0,0,0,0,0,0,0,0,1,0,0,0,0,0,0,0,0,0,0,0,0,0,0,0,3,0
1676,1,0,0,0,0,0,0,3,0,0,0,0,2,0,0,0,0,1,0,2,7,0,0,0,0,0,0,0,1,0,1,8,0,0,0,0,0,1,1,0,0,0,0,0,0,0,0,0,0,0,0,0,0,2,0,0,0,0,0,0,0,0,0,0,1,0,0,0,1,0,1,0,0,0,0,0,0,0,0,0,0,0,0,0,0,1,0,0,4,11,0,0,0,0,4,0,2,4,0,0,0,0,0,0,0,0,0,7,0,0,0,1,0,0,1,0,0,2,0,0,0,0,0,0,0,0,0,0,0,0,0,6,0,0,2,0,0,0,1,0,0,1,0,1,0,0,2,0,0,0,0,0,0,0,0,0,0,0,0,0,0,0,0,0,2,0,0,0,0,0,0,0,0,0,0,0,0,0,0,1,0,0,0,0,1,0,0,0,0,1,0,0,0,0,0,0,0,0,0,0,1,0
1677,4,0,0,0,0,0,0,7,0,0,0,0,1,0,0,0,1,4,1,3,8,0,0,0,1,0,0,1,0,0,0,5,0,1,0,0,0,0,1,0,1,0,0,0,2,0,1,1,0,0,0,0,0,3,0,0,0,0,0,1,0,0,0,0,0,0,1,0,0,0,0,0,0,0,0,0,0,0,0,0,0,0,1,0,0,1,0,8,1,11,0,0,0,0,4,0,0,2,0,0,0,0,0,0,0,0,1,10,0,1,0,0,0,0,0,0,0,2,0,0,0,0,0,0,0,0,0,4,0,1,5,12,0,1,1,1,1,0,2,0,4,0,0,0,1,0,1,1,0,0,2,0,0,0,0,0,0,0,0,0,0,0,0,0,0,0,0,0,0,1,0,0,0,0,0,0,0,0,0,0,0,0,0,0,3,0,1,0,0,0,0,0,0,0,0,0,0,0,1,0,0,0
1678,5,0,1,0,1,0,0,2,0,0,0,0,2,2,0,0,1,1,1,3,8,0,0,0,0,0,0,0,0,0,0,4,0,0,4,0,0,0,2,1,0,0,1,0,1,0,0,0,0,0,0,0,0,1,0,0,0,0,0,0,0,0,1,0,0,0,2,0,0,1,0,0,0,0,0,0,0,0,0,0,0,0,0,0,0,0,0,3,3,13,0,0,0,0,4,0,1,4,0,0,0,0,0,0,0,0,0,6,0,1,0,0,1,0,0,0,0,2,0,0,0,0,0,0,0,0,0,2,0,1,2,6,1,1,1,0,2,0,2,0,0,0,4,0,1,0,1,1,0,1,0,1,0,0,0,0,0,0,0,0,0,0,0,0,0,0,0,0,0,0,0,0,0,0,0,0,0,0,0,0,0,0,0,0,1,0,0,0,0,0,0,0,0,0,0,0,0,0,0,0,1,0
1679,19,0,0,0,0,0,0,4,0,0,0,0,1,0,0,0,0,2,0,2,6,0,0,0,0,0,0,1,0,0,2,22,0,0,0,1,0,0,0,0,0,0,1,0,0,0,0,5,0,0,0,0,0,1,0,0,0,0,0,0,0,0,0,0,0,0,2,3,0,0,2,0,0,0,0,0,0,0,0,0,0,2,1,0,0,1,0,4,4,32,0,0,0,0,9,0,0,0,0,0,0,0,0,0,0,0,0,11,0,0,0,0,1,0,0,0,0,5,0,0,0,0,0,0,0,0,0,0,0,0,2,8,0,0,1,1,0,0,0,0,0,0,1,1,0,0,0,0,0,1,0,0,0,0,0,0,0,0,0,0,0,0,0,0,0,0,0,0,0,0,0,1,0,0,0,0,0,0,0,0,0,0,0,0,2,0,0,0,0,0,0,0,0,0,0,0,0,0,0,0,1,0
1680,41,0,0,0,0,0,0,3,0,0,1,0,0,0,1,0,1,2,0,2,10,0,0,0,0,0,0,0,1,0,0,13,0,0,0,0,0,0,3,0,0,0,0,0,1,0,1,4,0,0,0,0,0,0,0,0,0,0,0,0,0,0,1,0,0,0,1,0,0,0,0,0,0,2,0,0,1,0,3,0,0,4,0,0,0,1,0,3,1,25,0,0,0,0,5,0,2,2,0,0,0,0,0,0,0,0,0,12,0,1,0,0,1,0,0,0,0,1,0,1,0,0,0,0,0,0,0,2,0,0,7,12,0,0,1,0,3,2,1,0,0,0,0,1,1,0,2,1,0,0,0,0,0,0,0,0,0,0,0,0,0,0,0,0,0,0,0,0,0,0,0,0,0,0,0,0,0,0,0,0,0,0,0,0,1,0,0,0,0,0,0,0,0,0,0,0,0,0,0,0,2,0
1681,37,0,0,0,0,0,0,7,0,0,0,0,1,0,1,0,0,0,1,0,5,0,0,0,0,0,0,1,0,0,0,11,0,0,2,0,0,0,0,0,0,0,0,0,0,0,1,6,1,0,0,0,0,2,0,0,0,0,0,0,0,0,0,0,0,0,0,0,0,0,0,0,0,1,0,0,1,0,0,0,0,6,0,0,0,0,0,6,4,31,0,0,0,0,8,0,0,2,0,0,0,0,0,0,0,0,2,9,0,0,0,0,1,0,0,0,0,1,0,0,0,1,0,0,0,0,0,1,0,0,1,7,0,0,0,1,0,1,0,0,0,0,1,1,0,0,0,0,0,0,0,0,0,1,0,0,0,0,0,0,0,0,0,0,0,0,0,0,0,0,0,0,0,0,0,0,0,0,0,0,0,0,0,0,2,0,0,0,0,0,0,0,0,0,0,0,0,0,0,0,1,0
1682,22,0,0,0,0,0,0,6,1,1,0,0,1,0,1,0,0,4,1,8,10,0,0,0,0,0,0,1,0,0,1,10,0,1,0,0,0,0,0,0,0,0,0,0,0,0,1,3,1,0,0,0,0,0,0,0,0,0,0,0,0,1,1,0,0,0,1,1,0,0,0,0,0,0,0,0,1,0,2,0,0,4,0,0,0,1,0,5,4,26,0,0,0,0,7,0,0,5,0,0,0,0,0,0,0,0,1,10,1,2,0,0,0,0,0,0,0,1,0,0,0,0,0,0,0,0,0,4,0,1,3,10,0,0,1,1,1,3,0,0,0,1,0,0,0,0,4,1,0,0,0,0,0,1,0,0,0,0,0,0,0,0,0,0,0,0,0,0,0,0,0,0,0,0,0,0,0,0,0,0,0,1,0,0,2,0,0,0,0,0,3,0,0,0,0,0,0,0,0,0,1,0
1683,18,0,1,0,0,0,0,2,0,0,1,0,0,0,1,0,0,0,4,3,9,0,0,0,0,1,0,1,0,0,0,5,0,0,1,0,0,0,1,0,0,0,0,0,0,0,2,1,0,0,0,0,0,2,0,0,0,0,0,0,0,1,1,0,0,0,0,0,0,0,2,0,0,0,0,0,1,0,0,0,0,0,0,0,0,0,0,2,0,16,0,0,0,0,2,0,0,6,0,0,0,0,0,0,0,0,1,12,1,1,0,2,0,0,0,0,0,2,0,0,0,0,0,0,0,1,0,0,0,0,2,2,0,0,1,7,1,0,0,0,1,0,2,1,0,0,2,2,0,0,0,0,1,0,0,0,0,0,2,0,0,0,0,0,0,0,1,0,0,0,0,0,0,0,0,0,0,0,0,0,1,0,0,0,0,0,0,0,0,1,1,0,0,0,0,0,0,0,0,0,2,0
1684,9,0,2,0,0,0,0,6,0,0,0,0,1,2,0,0,3,2,2,3,14,0,0,0,0,0,0,0,0,0,2,9,0,0,3,0,0,0,6,1,0,0,0,1,0,0,0,2,0,0,0,0,0,1,0,0,0,0,0,0,0,0,0,0,0,0,0,0,0,0,0,0,0,0,0,0,0,0,0,0,0,1,0,0,0,0,0,3,3,27,0,0,0,0,11,0,0,2,0,0,0,0,0,0,0,0,3,11,0,0,0,0,0,0,0,0,0,1,0,0,0,0,0,0,0,0,0,1,0,1,1,5,0,0,1,2,0,2,0,0,1,0,1,1,0,0,4,0,0,0,0,0,0,0,0,0,0,0,2,0,0,0,0,0,0,0,1,0,0,0,1,0,0,0,0,0,0,0,0,0,0,0,0,0,2,1,0,0,0,0,0,0,0,0,0,0,0,0,0,0,0,0
1685,20,0,1,0,0,0,0,3,0,0,0,0,2,3,0,0,2,5,2,2,7,0,0,0,0,0,0,0,0,0,0,5,0,2,1,2,0,4,3,0,1,0,1,0,0,0,0,1,0,0,0,0,0,0,0,0,0,0,0,0,0,2,0,0,0,0,0,2,0,0,0,0,0,0,0,0,0,1,0,0,0,1,0,0,0,0,2,5,1,20,0,1,0,0,6,1,0,3,0,0,0,0,0,0,0,0,0,9,0,2,0,0,1,0,0,0,1,0,0,2,0,0,0,0,0,1,0,1,0,1,4,5,0,0,0,6,0,0,0,0,1,0,0,0,0,0,0,0,0,0,0,0,0,0,0,0,0,2,0,0,0,0,0,0,0,0,0,0,0,0,0,0,0,0,0,0,0,0,0,0,0,0,0,0,5,0,0,0,0,0,0,0,1,0,0,0,0,0,0,0,3,0
1686,3,0,0,0,0,0,0,6,0,0,0,0,0,0,0,1,8,2,4,1,9,0,0,0,0,0,0,0,0,0,0,2,0,1,2,2,1,0,3,0,0,0,0,1,0,0,0,5,1,0,0,0,0,1,0,0,0,0,0,0,0,1,0,0,0,0,0,2,0,1,0,0,0,1,0,0,0,0,1,0,0,1,0,0,0,0,0,6,2,6,0,0,0,0,10,0,0,3,0,0,0,0,0,0,0,0,1,11,3,0,0,0,0,0,0,1,1,4,0,1,0,0,0,0,0,0,0,0,0,0,2,3,0,0,1,3,2,1,0,0,3,1,0,1,0,0,2,2,0,0,1,0,0,0,0,0,0,1,0,0,0,0,0,0,0,0,0,0,0,0,0,0,0,0,0,0,0,0,0,0,1,0,0,0,0,0,0,0,0,0,0,0,0,0,0,0,0,0,0,0,1,0
1687,14,0,0,0,0,0,1,4,0,0,1,0,0,0,0,0,4,5,2,3,5,0,0,0,0,0,0,0,0,0,1,4,0,3,3,0,0,2,1,1,1,0,0,0,0,1,0,5,0,0,0,0,0,1,0,0,0,0,0,0,0,0,0,0,0,0,0,0,0,0,0,0,0,1,0,0,1,0,1,0,0,0,0,0,0,0,0,4,1,11,0,0,0,0,4,0,1,2,1,0,0,0,0,0,0,0,0,11,1,1,0,0,1,1,0,0,1,4,0,0,0,0,0,0,0,0,0,0,0,1,3,7,0,0,0,2,1,2,1,0,1,1,1,3,0,0,1,0,0,1,0,0,0,0,0,0,0,0,0,0,0,0,0,0,0,0,0,0,0,0,0,0,0,0,0,0,0,0,0,0,0,0,0,0,3,0,0,0,0,0,1,0,0,0,0,0,0,0,0,0,1,0
1688,28,0,0,0,0,0,0,2,0,0,1,0,1,2,1,0,0,0,0,0,12,0,0,0,1,0,0,0,0,0,4,9,0,0,3,0,0,0,1,0,1,0,1,0,0,0,0,8,0,0,0,0,0,4,0,0,0,0,0,0,0,0,0,0,1,0,0,0,0,0,0,0,0,1,0,0,1,0,0,0,0,2,0,0,0,0,0,1,0,10,0,0,0,0,11,0,3,4,0,0,0,0,0,0,0,0,2,14,0,0,0,0,0,0,0,0,0,0,0,3,0,0,0,0,0,0,0,4,0,1,4,5,0,1,0,1,1,0,1,0,1,0,0,1,1,0,0,1,0,0,1,1,0,0,0,0,0,0,1,0,0,0,0,0,1,0,0,0,0,0,0,0,0,0,0,0,0,0,0,0,0,0,0,0,0,0,0,0,0,0,0,0,0,0,0,0,0,0,0,0,2,0
1689,98,0,1,0,0,0,0,3,0,0,1,0,0,2,0,0,1,2,0,3,9,0,0,0,0,0,0,0,0,0,2,22,0,0,2,0,0,1,1,0,0,0,0,0,3,0,0,1,0,0,0,0,0,0,0,0,0,0,0,0,0,0,1,0,0,0,0,0,0,0,0,0,0,1,0,0,0,0,1,0,0,4,0,0,0,1,0,1,0,15,0,2,0,0,9,0,3,2,0,0,0,0,0,0,0,0,0,10,2,0,0,0,0,0,0,0,0,1,0,0,0,1,0,0,0,0,0,0,1,2,2,2,0,0,1,1,0,0,2,0,1,0,0,0,0,0,0,0,0,0,1,0,0,0,0,0,0,0,0,0,0,0,0,0,0,0,0,0,0,0,0,0,0,0,0,0,0,0,0,0,0,0,0,0,1,0,0,0,0,0,2,0,0,0,0,0,0,0,0,0,3,0
1690,23,0,0,0,0,0,0,2,0,0,2,0,2,2,4,0,2,1,1,4,6,0,0,0,0,1,0,0,1,0,0,5,0,0,1,0,0,0,3,0,0,0,1,0,0,0,0,1,0,0,0,0,0,1,0,0,0,0,0,0,0,1,1,0,0,0,1,1,0,0,0,0,0,0,0,0,0,0,1,0,0,1,0,2,0,0,0,0,0,5,0,0,0,0,2,0,1,1,0,0,0,0,0,0,0,0,2,15,0,1,0,0,0,2,0,0,0,4,0,0,0,0,0,0,0,0,0,3,0,2,3,8,0,0,0,1,1,1,0,0,0,0,0,0,0,0,1,0,0,0,0,0,0,0,0,0,0,0,1,0,0,0,0,0,0,0,0,0,0,0,0,1,0,0,0,0,0,0,0,0,0,0,0,0,1,0,0,0,0,0,0,0,0,0,0,0,0,0,0,0,3,0
1691,29,0,0,0,0,0,0,3,0,1,2,0,0,1,0,0,2,1,3,3,7,0,0,0,0,1,1,0,0,0,0,2,0,0,5,0,0,0,1,0,0,0,0,0,1,0,0,2,0,0,0,0,0,1,0,0,0,0,0,0,0,1,0,0,0,1,0,1,1,0,0,0,0,0,0,0,0,0,1,0,0,1,0,0,0,0,0,1,1,5,0,0,0,0,4,0,0,1,0,0,0,0,0,0,0,0,2,15,0,0,0,0,0,0,1,0,0,1,0,3,0,0,0,0,0,1,0,6,0,6,0,12,0,0,0,1,0,2,0,0,0,0,0,0,0,0,0,2,0,1,0,0,0,0,0,0,0,0,0,0,0,0,0,0,1,0,1,0,0,0,0,0,0,0,0,0,0,0,0,0,0,0,0,0,0,0,0,0,0,0,0,0,0,0,0,0,0,0,0,0,2,0
1692,50,0,0,0,0,0,0,2,0,0,0,0,2,1,4,0,0,3,1,2,8,0,0,0,0,1,0,0,0,0,1,6,0,0,1,1,0,0,2,0,0,0,0,0,0,0,0,1,0,0,0,0,0,3,1,0,0,0,0,0,0,1,1,0,0,0,0,0,0,1,0,0,0,0,0,0,0,0,0,0,0,0,0,0,0,2,0,6,1,5,0,0,0,0,4,0,0,0,0,0,0,0,0,0,0,0,1,6,0,0,0,0,1,0,1,0,0,4,0,2,0,0,0,0,0,0,0,7,0,3,3,6,0,0,0,1,1,2,0,0,0,0,0,0,0,0,1,0,0,0,0,0,0,0,0,0,0,0,0,0,0,0,0,0,0,0,0,0,0,0,0,0,0,0,0,0,0,0,0,0,0,1,0,0,2,0,0,0,0,0,0,0,0,0,0,0,0,0,1,0,4,0
1693,23,0,1,0,0,0,0,4,0,0,6,0,1,1,1,0,0,3,4,2,8,0,0,0,0,0,0,0,0,0,0,4,0,1,0,0,0,0,1,2,2,0,0,0,2,0,0,5,0,0,0,0,0,2,0,0,0,0,0,0,0,0,1,0,0,1,0,0,0,0,1,0,0,0,0,0,0,0,0,0,0,0,0,0,0,0,0,3,1,7,0,0,0,0,6,0,1,3,0,0,0,0,0,0,0,0,0,7,0,0,0,1,1,0,2,0,0,2,0,0,0,0,0,0,0,0,0,2,0,4,1,5,0,0,0,2,0,0,0,0,1,0,1,0,0,0,0,0,0,0,0,0,0,0,0,0,0,1,3,0,0,0,0,0,1,0,0,0,0,0,1,0,0,0,0,0,0,0,0,0,0,0,0,0,2,0,0,0,0,0,2,0,0,0,0,0,0,0,0,0,2,0
1694,17,0,0,0,0,0,0,9,0,0,2,0,4,0,2,0,0,0,3,2,7,0,0,0,1,0,0,0,0,0,2,1,0,0,1,0,0,0,0,1,0,0,0,0,0,0,0,2,1,0,0,0,0,2,0,0,0,0,0,0,0,4,0,0,0,0,0,0,0,0,0,0,0,3,0,0,0,0,1,0,0,1,0,1,0,0,0,5,1,9,0,0,0,0,6,0,1,6,0,0,0,0,0,0,0,0,0,21,1,0,0,0,1,0,0,7,0,2,0,0,0,0,0,0,0,0,0,4,0,9,2,5,0,0,0,2,0,0,0,0,0,1,1,1,0,0,3,1,0,1,0,0,0,0,0,0,0,1,0,0,0,0,0,0,0,0,0,0,0,0,0,0,0,0,0,0,0,0,0,0,0,1,0,0,1,0,0,0,0,0,2,0,0,0,0,0,0,0,0,0,3,0
1695,25,0,0,0,0,0,0,3,0,0,1,0,0,0,1,0,0,1,1,1,11,0,0,0,0,1,0,0,0,1,1,6,0,0,2,0,0,0,0,1,0,1,1,0,1,0,0,0,0,0,0,0,0,0,0,0,0,0,0,0,0,0,0,0,0,0,0,1,1,0,1,0,0,1,0,0,0,0,0,0,0,3,0,0,0,0,0,4,3,8,0,0,0,0,4,0,0,4,0,0,0,0,0,0,0,0,2,9,0,1,0,0,1,0,0,0,0,3,0,0,0,0,0,0,0,0,0,4,0,3,5,4,0,1,0,0,1,1,1,1,0,0,0,1,0,0,2,0,0,1,0,0,0,0,0,0,0,0,1,0,0,0,0,0,0,0,0,1,0,0,0,0,0,0,0,0,0,0,0,0,0,0,0,0,1,0,0,0,0,0,1,0,0,0,0,0,0,0,0,0,1,0
1696,12,0,0,0,0,0,0,5,0,0,1,0,2,1,1,0,0,1,3,3,5,0,0,0,0,0,0,0,0,1,0,6,0,0,2,0,0,0,0,1,0,0,2,1,0,0,0,1,0,0,0,0,0,1,0,0,0,0,0,0,0,0,0,0,0,0,0,0,3,7,0,0,0,0,0,0,0,0,1,0,0,1,2,0,0,0,0,3,3,14,0,0,0,0,7,0,2,5,0,0,0,0,0,0,0,0,4,16,0,1,0,0,0,0,0,1,0,1,0,0,0,0,0,0,0,1,0,1,1,0,3,17,0,0,2,1,0,0,0,0,1,0,0,1,0,0,7,1,0,1,1,0,0,0,0,0,0,0,0,0,0,0,0,0,2,0,0,0,0,0,0,0,0,0,0,0,0,0,0,0,0,0,0,0,1,0,0,0,0,0,0,0,0,0,0,0,0,0,0,0,2,0
1697,19,0,0,0,0,0,0,4,0,0,0,0,0,0,2,0,1,7,3,1,6,0,0,0,0,1,0,0,1,0,3,1,0,0,0,0,0,1,1,0,0,0,0,0,0,0,1,8,0,0,0,0,0,3,0,0,0,0,0,0,0,0,0,0,0,0,0,0,1,1,0,0,0,0,0,0,0,0,1,0,0,0,0,0,0,0,0,3,3,3,0,0,0,0,6,0,0,2,0,0,0,0,0,0,0,0,0,19,1,0,0,0,0,0,0,0,0,4,0,1,0,0,0,0,0,0,1,1,0,2,3,5,0,0,0,0,1,1,0,0,0,1,0,0,0,0,2,1,1,0,0,0,0,0,0,0,0,0,3,0,0,0,0,1,0,0,0,0,0,0,0,0,0,0,0,0,0,0,0,0,0,0,0,0,2,0,0,0,0,1,0,0,0,0,0,0,0,0,0,0,1,0
1698,14,0,0,0,0,0,0,1,0,0,1,0,0,1,1,0,3,4,1,5,8,0,0,0,0,0,0,2,0,0,1,2,0,0,0,1,0,0,0,0,1,0,1,0,1,0,0,2,0,0,0,0,0,4,0,0,0,0,0,0,0,0,1,0,0,0,0,1,1,0,0,0,0,0,0,0,0,0,1,0,0,0,0,0,0,0,0,3,6,7,0,0,0,0,10,0,1,2,0,0,0,0,0,0,0,0,1,15,2,0,0,0,0,0,0,0,0,2,0,0,0,0,0,0,0,0,0,3,0,0,1,8,0,0,0,1,2,0,1,0,1,0,0,2,1,0,1,0,0,0,0,0,0,0,0,0,0,1,2,0,0,0,0,0,0,0,0,0,0,0,0,0,0,0,0,0,1,0,0,0,0,0,0,0,0,6,0,0,0,0,0,0,0,0,0,0,0,0,0,1,1,0
1699,13,1,0,0,0,0,0,2,0,0,1,0,2,0,2,1,0,3,1,4,6,0,0,0,0,0,0,0,0,0,1,3,0,0,2,0,0,0,1,0,0,0,1,1,1,0,0,1,0,0,0,0,0,2,0,0,0,0,0,0,1,0,0,0,1,0,0,0,1,0,0,0,0,0,0,0,0,0,0,0,0,0,0,1,0,0,0,5,2,9,0,0,0,0,5,0,1,3,0,0,0,0,0,0,0,0,1,20,0,1,0,0,0,0,0,0,1,4,0,1,0,0,0,0,0,0,0,0,0,2,2,2,0,0,0,0,1,1,0,0,0,0,0,1,0,0,4,0,0,0,0,0,0,0,0,0,0,0,1,0,0,0,0,0,1,0,0,0,0,0,0,0,0,0,0,0,0,0,0,0,0,0,0,0,1,0,0,0,0,0,0,0,0,0,0,0,0,0,0,0,4,0
1700,21,0,1,0,0,0,1,6,1,0,2,0,0,3,2,0,1,3,0,3,20,0,0,0,2,2,0,0,2,0,1,11,0,0,1,1,0,0,0,0,0,0,1,1,5,0,0,6,0,0,0,0,0,4,0,0,0,0,0,0,0,0,1,0,0,0,0,1,2,0,0,0,0,0,0,0,2,0,1,0,0,0,0,0,0,1,0,10,2,14,0,0,0,0,20,0,1,10,0,0,0,0,0,0,0,0,3,82,3,3,1,0,0,2,2,0,0,4,0,0,0,0,0,0,0,0,0,0,0,3,7,13,1,0,0,2,3,0,3,0,0,0,2,0,0,0,2,0,0,1,0,0,0,0,0,0,0,2,0,0,0,0,0,0,0,0,0,0,0,0,0,0,0,0,0,0,0,0,0,0,1,2,0,0,8,0,0,0,0,0,0,0,0,0,0,0,0,0,0,1,6,0
1701,12,0,0,0,0,0,0,6,0,0,1,0,1,0,5,0,4,1,2,2,7,0,0,0,0,0,0,1,0,0,0,7,0,0,0,0,0,0,2,0,1,0,1,2,1,0,1,1,1,0,0,0,0,2,1,0,0,0,0,0,0,0,0,0,0,0,0,1,0,0,0,0,0,1,0,0,0,0,0,0,0,1,0,0,0,0,0,4,5,13,0,0,0,0,9,0,0,5,0,0,0,0,0,0,0,0,0,17,0,1,0,0,0,1,0,0,0,2,0,0,0,1,0,0,0,0,0,3,0,2,5,6,0,1,0,0,1,0,0,0,0,0,0,0,0,0,2,0,0,0,1,0,0,0,0,0,0,2,0,0,0,0,0,0,0,1,0,0,0,0,0,0,0,0,0,0,0,0,0,0,0,0,0,0,0,0,0,0,0,0,1,0,0,0,0,0,0,0,0,0,1,0
1702,24,0,0,0,0,0,0,4,1,0,2,0,0,2,2,0,0,4,1,7,6,0,0,0,0,0,0,0,0,0,2,13,0,0,0,0,0,0,1,1,2,0,1,1,1,0,0,2,0,0,0,0,0,1,0,0,0,0,0,0,0,1,1,0,0,1,0,0,1,0,0,0,0,0,0,0,0,0,0,0,0,2,1,0,0,0,0,7,1,9,0,0,0,0,7,0,1,5,0,0,0,0,0,0,0,0,1,15,1,0,0,1,0,0,0,0,0,5,0,0,0,0,0,0,0,0,0,2,0,2,2,11,1,0,0,2,3,0,0,0,0,0,0,1,0,0,3,1,0,0,0,0,0,0,0,0,0,0,0,0,0,0,0,0,0,0,0,0,0,0,0,0,0,0,0,0,0,0,0,0,0,0,0,0,3,0,0,0,0,0,2,0,0,0,0,0,0,0,0,0,6,0
1703,9,0,0,0,0,0,0,3,0,0,1,0,1,0,4,0,3,2,2,6,9,0,0,0,0,1,0,0,1,0,1,4,0,0,1,1,1,0,0,0,0,0,0,0,1,0,0,8,1,0,0,0,0,2,0,0,0,0,0,0,0,0,0,0,0,0,0,1,0,0,0,0,0,0,0,0,0,0,0,0,0,2,0,1,0,0,0,2,2,11,0,0,0,0,6,0,2,7,0,0,0,0,0,0,0,0,3,14,1,0,0,0,0,0,0,0,1,4,0,0,0,0,0,0,0,0,0,1,0,0,0,12,0,0,0,0,1,0,0,0,0,1,0,0,0,0,1,0,0,0,0,0,0,0,0,0,0,1,1,0,0,0,0,0,0,0,0,0,0,1,0,0,0,0,0,0,0,0,0,0,0,0,0,0,2,0,0,0,0,0,0,0,0,0,0,0,0,0,0,0,4,0
1704,7,0,1,0,0,0,0,0,0,0,3,0,0,0,0,0,0,1,3,6,9,0,0,0,0,0,0,0,0,1,0,3,0,0,1,0,0,0,1,0,0,0,0,0,0,0,0,3,0,0,0,0,0,2,2,0,0,0,0,0,0,0,0,0,0,0,0,0,0,0,0,0,1,0,0,0,0,0,1,0,0,2,0,1,0,0,0,3,2,10,0,1,0,0,5,0,4,3,0,0,0,0,0,0,0,0,2,12,1,0,0,0,0,0,0,0,0,0,0,0,0,0,0,0,0,0,0,2,0,0,0,13,0,0,0,2,0,3,0,0,0,0,0,2,0,0,0,0,0,0,0,0,0,0,0,0,0,1,1,0,0,0,0,0,0,0,0,0,0,0,0,0,0,0,0,0,0,0,0,0,0,0,0,0,1,0,0,0,0,0,0,0,0,0,0,0,0,0,0,0,3,0
1705,11,0,0,0,0,0,0,2,0,0,2,0,1,2,3,0,0,3,2,1,7,0,0,0,0,0,0,0,2,0,3,5,0,0,0,0,0,0,0,1,0,0,0,0,0,0,0,0,0,0,0,0,0,1,0,0,0,0,0,0,0,0,0,0,0,0,0,0,0,0,0,0,1,0,0,0,1,0,0,0,0,0,0,1,0,1,0,2,1,11,0,1,0,0,2,0,0,4,0,0,0,0,0,0,0,0,2,13,1,0,0,0,0,0,3,0,1,2,0,0,0,1,0,0,0,0,0,1,0,3,3,9,0,0,1,2,0,0,1,0,1,2,1,0,0,0,0,0,0,0,1,0,0,0,0,0,0,0,0,0,0,0,0,0,0,0,1,0,0,0,0,0,0,0,0,0,0,0,0,0,0,0,0,0,2,0,0,0,0,0,0,0,0,0,0,0,0,0,0,0,3,0
1706,7,0,0,0,0,0,0,2,0,0,0,0,0,0,3,0,3,4,2,4,7,0,0,0,0,0,0,0,0,0,0,2,0,0,0,0,0,1,0,0,0,0,0,0,0,0,0,2,0,0,0,0,0,3,0,0,0,0,0,0,0,0,0,0,0,0,0,0,0,0,1,0,0,0,0,0,0,0,0,0,0,0,0,0,0,1,0,4,1,3,0,0,0,0,2,0,2,1,0,0,0,0,0,0,0,0,1,13,4,0,0,0,0,0,0,0,0,1,0,1,0,0,0,0,0,1,0,0,0,2,2,9,0,0,0,4,1,1,0,0,0,0,0,2,0,0,0,0,0,0,0,0,0,0,0,0,0,2,0,0,0,0,0,1,2,1,0,0,0,0,0,0,0,0,0,0,0,0,0,0,0,1,0,0,0,0,0,0,0,0,0,0,0,0,0,0,0,0,0,0,2,0
1707,10,0,0,0,0,0,0,2,0,0,0,0,1,1,2,0,0,3,3,5,7,0,0,0,0,0,0,0,0,0,0,4,0,0,0,2,0,0,0,0,0,0,1,0,2,0,0,1,0,0,0,0,0,2,1,0,0,0,0,0,0,0,0,0,0,0,0,0,0,0,0,0,0,1,0,0,0,0,0,0,0,1,0,0,0,0,0,2,2,7,0,0,0,0,6,0,0,3,0,0,0,0,0,0,0,0,1,22,0,0,0,1,0,0,0,0,0,1,0,0,0,0,0,0,0,0,0,2,0,1,1,3,0,0,0,4,1,0,0,0,1,2,0,4,0,0,2,0,0,0,2,0,0,0,0,0,0,0,0,0,0,0,0,0,1,0,1,0,0,0,0,0,0,0,0,0,0,0,0,0,0,0,0,0,0,0,0,0,0,0,0,0,0,0,0,0,0,0,0,0,0,0
1708,4,0,0,0,0,0,0,3,0,0,0,0,0,0,1,0,1,3,2,3,4,0,0,0,0,0,0,0,1,0,1,2,0,0,0,0,0,0,0,0,0,0,0,0,1,0,0,4,0,0,0,1,0,3,0,0,0,0,0,0,0,1,1,0,0,0,0,3,0,0,0,0,0,1,0,0,0,0,0,0,0,0,0,0,0,0,0,3,1,7,0,0,0,0,3,0,0,5,1,0,0,0,0,0,0,0,2,21,1,0,0,0,0,0,0,0,0,1,0,1,0,0,0,0,0,1,0,7,0,3,3,8,0,0,2,1,0,0,0,0,0,0,0,2,0,0,3,0,0,1,0,0,0,0,0,0,0,0,0,0,0,0,0,1,0,0,0,0,0,0,0,0,0,0,0,0,0,0,0,0,0,0,0,0,1,0,0,0,0,0,0,0,0,0,0,0,0,0,0,0,5,0
1709,4,0,0,0,1,0,0,2,0,0,0,0,2,0,2,0,1,4,1,7,7,0,0,0,0,0,0,0,0,1,2,1,0,1,1,0,0,0,1,0,2,0,0,0,0,0,0,2,0,0,0,0,0,1,0,0,0,0,0,0,0,1,3,0,0,0,0,1,1,1,0,0,0,0,0,0,0,0,1,0,0,1,0,0,0,1,0,2,1,3,0,0,0,0,2,0,1,1,1,0,0,0,0,0,0,0,1,21,0,0,0,0,0,0,0,0,0,6,0,0,0,0,0,0,0,0,0,3,0,2,6,9,0,0,0,1,0,3,0,0,1,0,0,0,0,0,2,0,0,0,0,0,0,0,0,0,0,0,5,0,0,0,0,0,0,0,0,0,0,0,0,0,0,0,0,0,1,0,0,0,0,1,0,0,1,0,0,0,0,0,0,0,0,0,0,0,0,0,0,0,1,0
1710,25,0,0,0,0,0,0,2,0,0,0,0,1,0,3,0,2,1,3,7,4,0,0,0,0,0,0,0,0,0,3,1,0,0,1,0,0,0,0,0,0,0,1,0,0,0,1,2,0,0,0,0,0,0,0,0,0,0,0,0,0,1,4,0,0,0,0,1,1,0,0,0,0,0,0,0,2,0,1,0,0,1,1,0,0,1,0,1,1,19,0,2,0,0,6,0,0,2,0,1,0,0,0,0,0,0,1,21,1,0,0,1,0,0,0,0,1,5,0,0,0,0,0,0,0,0,0,2,0,4,4,4,0,0,0,0,3,0,0,0,0,0,0,0,0,0,2,0,0,2,0,0,0,0,0,0,0,0,0,0,0,0,0,0,1,0,0,0,0,0,0,0,0,0,0,0,0,0,0,0,0,0,0,0,1,0,0,0,0,0,0,0,0,0,0,0,0,0,0,0,4,0
1711,26,0,2,0,0,0,0,9,0,0,0,0,1,2,7,0,2,1,3,7,3,0,0,0,0,0,0,0,0,0,3,7,0,0,0,0,0,0,0,0,0,0,0,0,0,0,0,5,1,0,0,0,0,1,0,0,0,0,0,0,0,0,3,0,0,0,0,0,0,0,0,0,0,0,0,0,0,0,3,0,0,1,0,0,0,0,0,6,3,6,0,1,0,0,4,0,1,4,0,0,0,0,0,0,0,0,0,16,1,0,0,0,0,0,0,0,2,6,0,0,0,1,0,0,0,0,0,1,0,1,2,5,0,1,0,2,1,1,0,0,0,0,0,0,0,0,1,1,0,1,0,0,0,0,0,0,0,0,0,0,0,0,0,0,0,0,1,0,0,0,0,0,0,0,0,0,0,0,0,0,0,0,0,0,0,0,0,0,0,0,0,0,0,0,0,0,0,0,0,0,2,0
1712,23,0,0,0,0,0,0,4,0,0,4,0,2,0,5,0,0,3,3,6,5,0,0,0,0,0,0,0,0,0,2,10,0,0,1,0,0,0,2,0,0,0,0,0,1,0,0,3,0,0,0,0,0,3,0,0,0,0,0,0,0,0,2,0,0,0,0,2,0,0,1,0,0,1,0,0,0,0,0,0,0,1,1,0,0,1,0,2,5,4,0,0,0,0,5,0,3,1,0,0,0,0,0,0,0,0,3,15,0,0,0,0,0,0,0,0,1,2,0,1,0,0,0,0,0,0,0,6,0,1,4,4,0,3,0,3,1,0,0,0,1,0,0,2,0,0,0,0,0,0,0,0,0,0,0,0,0,0,0,0,0,0,0,1,1,0,1,0,0,0,0,0,0,0,0,0,0,0,0,0,0,0,0,0,0,1,0,0,0,0,0,0,0,0,0,0,0,0,0,0,3,0
1713,14,0,0,0,0,0,0,5,0,0,1,0,1,1,1,0,4,1,5,9,10,0,0,0,0,0,0,1,0,0,4,10,0,0,2,0,1,0,1,1,0,0,0,0,0,0,0,4,0,0,0,0,0,1,0,0,0,0,0,0,0,0,4,0,0,0,0,1,2,0,0,0,0,1,0,0,0,0,0,0,0,1,1,1,0,0,0,5,1,7,0,0,1,0,4,0,0,0,0,0,0,0,0,0,0,0,2,10,1,0,0,0,0,0,0,0,1,5,0,0,0,0,0,0,0,2,0,3,0,1,2,4,1,0,0,1,0,1,0,0,0,1,3,2,0,0,2,1,0,2,0,0,0,0,0,0,0,0,0,0,0,0,0,0,0,1,0,0,0,0,0,0,0,0,0,0,0,0,0,0,0,0,0,0,1,0,0,0,0,0,0,0,0,0,0,0,0,0,0,0,1,0
1714,24,0,0,0,0,0,0,5,0,0,2,0,0,2,0,0,1,5,4,5,8,0,0,0,0,0,0,2,0,0,3,9,0,0,2,1,0,0,0,0,0,0,0,0,1,0,0,2,0,0,0,0,0,0,0,0,0,0,0,0,0,0,4,0,0,0,0,0,2,1,0,0,0,0,0,0,0,0,0,0,0,2,1,0,0,0,0,2,1,4,0,2,0,0,6,0,0,3,0,0,0,0,0,0,0,0,3,9,0,0,0,0,0,0,0,0,0,2,0,0,0,0,0,0,0,0,1,2,0,0,1,3,0,0,1,6,0,1,0,0,1,0,0,1,0,0,3,1,0,0,0,0,0,0,0,0,0,0,6,0,0,0,0,0,1,0,0,0,0,0,0,0,0,0,0,0,0,0,0,0,0,0,0,1,2,0,0,1,0,0,0,0,0,0,0,0,0,0,0,0,4,0
1715,24,2,0,0,0,0,0,4,0,0,1,0,2,0,3,0,4,1,5,9,9,0,0,0,0,2,0,0,0,0,1,4,0,0,1,1,0,0,0,0,1,0,0,1,1,0,0,3,1,0,0,1,0,2,0,0,0,0,0,0,0,1,3,0,0,0,1,0,1,0,0,0,0,1,0,0,0,0,0,0,0,1,0,0,0,0,0,5,3,14,0,1,0,0,4,0,2,1,0,0,0,0,0,0,0,0,2,9,2,1,0,0,1,0,0,0,1,3,0,0,0,0,0,0,0,0,0,4,0,4,1,5,1,0,1,3,2,3,1,0,0,0,1,1,0,0,3,0,0,3,0,0,0,0,0,0,0,1,4,0,0,0,0,0,0,0,0,0,0,0,0,1,0,0,0,0,0,0,0,0,0,0,0,0,0,0,0,0,0,0,0,0,0,0,0,0,0,0,1,0,4,0
1716,28,0,0,0,0,0,0,3,0,0,0,0,3,1,0,0,1,2,2,6,10,0,0,0,0,0,0,1,1,0,1,5,0,0,7,0,0,0,1,0,0,0,1,0,0,0,0,4,0,0,0,0,0,1,0,0,0,0,0,0,0,0,0,0,0,0,0,0,1,1,0,0,0,1,0,0,0,0,1,0,0,1,1,1,0,1,0,4,4,20,0,1,0,0,6,1,1,3,0,0,0,0,0,0,0,0,2,16,1,1,0,0,2,0,2,0,0,5,0,0,0,0,0,0,0,0,0,4,0,1,6,2,0,0,0,9,1,1,2,0,0,1,0,0,1,0,1,0,0,0,0,0,0,0,0,0,0,0,4,0,0,0,0,0,3,0,0,0,0,0,0,0,0,0,0,0,0,0,0,0,0,0,0,0,2,0,0,0,0,0,0,0,0,0,0,0,0,0,0,0,2,0
1717,18,0,0,0,0,0,0,5,0,0,0,0,1,2,3,0,2,2,0,6,13,0,0,0,0,0,0,1,1,0,0,4,0,1,1,1,0,0,0,0,0,0,0,1,0,0,0,2,0,0,0,0,0,1,1,0,0,0,0,0,0,0,1,0,0,0,0,1,0,0,2,0,0,0,0,0,1,0,0,0,0,2,0,0,0,0,0,5,3,6,0,2,0,0,7,1,2,4,0,0,0,0,0,0,0,0,3,23,1,0,0,0,1,0,0,0,0,4,0,0,0,0,0,0,0,1,0,5,1,0,2,9,0,0,1,2,0,1,1,0,0,0,0,2,1,0,4,1,0,0,0,0,0,0,0,0,1,0,0,0,0,0,0,1,0,0,1,0,0,0,0,1,0,0,0,0,0,0,0,0,0,0,0,0,0,0,1,0,0,0,0,0,0,0,0,0,0,0,0,0,2,0
1718,10,0,0,0,0,0,0,5,0,0,3,0,1,1,1,0,1,4,2,5,8,0,0,0,0,0,0,0,2,1,0,5,0,0,2,0,0,0,1,0,0,0,0,0,0,0,0,3,0,0,0,0,0,2,1,0,0,0,0,0,0,0,0,0,0,0,0,0,2,2,0,0,0,0,0,0,0,0,0,0,0,2,1,0,0,0,0,15,2,13,0,0,0,0,6,1,0,3,0,0,0,0,0,0,0,0,0,23,1,0,0,0,0,0,0,0,0,3,0,1,0,0,0,0,0,1,0,4,0,0,6,7,0,0,0,6,2,0,0,0,2,0,1,1,0,0,4,0,0,0,0,0,0,0,0,0,0,0,0,0,0,0,0,0,0,0,0,0,0,0,0,0,0,0,0,0,0,0,0,0,0,0,0,0,1,0,0,0,0,0,0,0,0,0,0,0,0,0,0,0,2,0
1719,12,2,0,0,0,0,0,3,0,0,0,0,2,0,2,0,2,0,4,8,12,1,0,0,0,0,0,0,2,0,1,1,0,0,1,0,1,0,1,0,0,0,0,0,2,0,0,4,0,0,0,0,0,2,0,0,0,0,0,0,0,0,0,0,0,0,1,0,1,0,0,0,0,0,0,0,0,0,0,0,0,6,0,1,0,0,0,7,0,11,0,3,0,0,4,0,1,2,1,0,0,0,1,0,0,0,3,19,1,0,0,0,1,0,0,0,0,3,0,0,0,0,0,0,0,0,0,2,0,1,3,7,0,1,1,5,0,0,2,0,2,0,0,0,0,0,4,0,0,0,1,0,0,0,0,0,0,0,2,0,0,0,0,0,2,0,1,0,1,0,0,0,0,0,0,0,0,2,0,0,0,0,0,0,1,0,0,0,0,0,0,0,0,0,0,0,0,0,0,0,3,0
1720,4,0,0,0,0,0,0,4,0,0,1,0,2,2,0,0,0,2,4,8,13,0,0,0,0,0,0,1,0,1,2,1,0,0,0,0,0,0,3,0,0,0,1,2,0,0,0,4,1,0,0,0,0,0,0,0,0,0,0,0,0,0,3,0,0,0,0,0,6,6,2,0,0,0,0,0,1,0,0,0,0,2,0,0,0,0,0,9,4,6,0,1,0,0,2,0,1,5,0,0,0,0,0,0,0,0,0,16,0,0,0,2,1,0,0,0,0,4,0,0,0,0,0,0,0,0,0,3,0,1,1,7,0,0,1,6,1,4,0,0,0,1,1,0,0,0,1,0,1,1,0,0,0,0,0,0,0,1,1,0,0,0,0,0,0,0,0,1,0,1,0,0,0,0,0,0,0,0,0,0,0,0,0,0,0,0,0,0,0,0,0,0,0,0,0,0,0,0,0,0,1,0
1721,7,0,0,0,0,0,0,4,0,0,1,0,1,1,2,2,4,1,2,4,9,1,0,0,0,0,0,1,1,0,0,4,0,1,1,0,1,0,1,0,0,0,2,1,0,0,0,3,0,0,0,0,1,0,0,0,0,0,0,0,0,0,2,0,0,0,0,1,1,4,1,0,0,0,0,0,0,0,1,0,0,2,0,0,0,0,0,7,0,4,0,0,0,0,6,0,0,6,1,0,0,0,1,0,0,0,0,21,2,0,0,0,2,0,2,0,2,3,0,0,0,1,0,0,0,0,0,1,0,3,3,5,0,1,0,2,0,1,1,1,1,0,1,2,0,0,2,0,0,2,0,0,0,0,0,0,0,1,1,0,0,0,0,0,0,0,1,0,1,0,1,0,0,1,0,0,0,0,0,0,0,0,0,0,0,0,0,0,0,0,1,0,0,0,0,0,0,0,0,0,4,0
1722,8,0,0,0,0,0,0,2,0,1,1,0,3,1,2,0,1,2,3,6,12,0,0,0,0,0,0,0,0,0,3,2,0,0,3,1,0,0,1,0,0,0,1,0,0,0,0,3,0,0,0,0,0,1,0,0,0,0,0,0,0,0,0,0,0,1,1,0,2,0,0,0,0,1,0,0,0,0,3,0,0,0,0,0,0,1,0,5,0,5,0,2,0,0,10,1,0,5,0,1,0,0,1,0,0,0,1,16,2,0,0,0,0,0,0,0,0,2,0,0,0,0,0,0,0,0,0,3,0,1,5,6,0,0,1,3,1,1,0,0,0,0,0,2,0,0,1,0,1,2,0,2,0,1,0,0,0,3,0,0,0,0,0,0,1,0,0,1,0,0,0,0,0,0,0,0,1,0,0,0,0,0,0,0,0,0,0,0,0,0,0,0,0,0,0,0,0,0,0,0,4,0
1723,7,0,0,0,0,0,0,0,0,0,2,0,0,4,4,1,0,1,3,10,12,0,0,0,0,0,0,0,1,0,0,9,0,0,0,0,0,0,3,0,0,0,1,0,0,1,0,1,0,0,0,0,0,1,0,0,0,0,0,0,0,0,0,0,0,0,0,0,1,0,0,0,0,0,0,0,1,0,0,0,0,0,1,0,0,0,0,9,2,14,0,4,0,0,8,0,0,8,0,0,0,0,1,0,0,0,4,18,4,0,0,1,0,1,0,0,0,3,0,0,0,0,0,0,0,0,0,0,0,1,14,4,1,1,1,3,1,0,2,0,0,1,0,0,0,0,0,0,0,3,1,0,0,0,0,0,0,3,0,0,0,0,0,0,1,0,0,0,0,0,0,0,0,0,0,0,0,0,0,0,0,0,0,0,1,0,0,0,0,0,0,0,0,0,0,0,0,0,0,0,3,0
1724,8,0,0,0,0,0,0,5,1,0,2,0,1,2,4,0,1,4,3,4,12,0,0,0,0,0,0,0,1,0,2,2,0,0,1,0,0,0,3,1,0,0,1,0,0,0,0,3,0,0,0,0,0,2,1,0,0,0,0,0,0,2,1,0,0,0,1,0,1,0,0,0,0,2,0,0,1,0,0,0,0,0,0,0,0,0,0,12,0,11,0,2,0,0,5,1,1,6,0,0,0,0,0,0,0,0,0,17,0,0,0,0,1,0,0,0,0,3,0,0,0,2,0,0,0,0,0,1,0,1,5,4,0,0,0,1,0,0,0,0,0,0,0,0,0,0,1,1,0,1,0,0,0,0,0,0,0,1,0,0,0,0,0,0,0,0,0,0,0,0,1,0,0,0,0,0,0,5,0,0,0,0,0,0,2,0,0,0,0,0,0,0,0,0,0,0,0,0,0,0,4,0
1725,10,0,1,0,0,0,0,3,0,0,1,0,1,2,2,0,3,1,1,5,10,0,0,0,0,1,0,1,1,0,2,4,0,0,2,0,0,0,1,1,1,0,0,0,0,0,0,3,1,0,0,0,0,4,0,0,0,0,0,0,0,0,2,0,0,0,1,0,0,0,0,0,0,0,0,0,0,0,0,0,0,2,1,0,0,0,0,12,3,10,0,2,0,0,5,0,0,7,0,0,0,0,0,0,0,0,2,27,2,1,0,0,1,0,0,0,0,6,0,2,0,0,0,0,0,0,0,3,0,2,4,3,0,0,0,2,1,0,0,0,2,0,0,0,0,0,1,3,0,1,1,0,0,0,0,0,0,1,0,0,0,0,0,0,0,0,0,0,0,0,0,0,0,0,0,0,0,1,0,0,0,0,0,0,0,0,0,0,0,0,0,0,0,0,0,0,0,0,0,0,4,0
1726,8,0,0,0,0,0,0,2,0,0,2,0,0,2,5,0,0,1,2,6,11,0,0,0,0,0,1,1,0,0,0,4,0,0,2,0,0,0,1,0,1,0,0,0,2,0,0,4,1,0,0,0,0,2,0,0,0,0,0,0,0,0,1,0,0,0,0,0,3,0,1,0,0,0,0,0,0,0,1,0,0,0,0,0,0,3,0,9,5,8,0,2,0,0,7,0,1,4,0,0,0,0,0,0,0,0,2,37,0,0,0,0,0,0,1,0,0,8,0,3,0,0,0,0,0,0,0,3,1,1,3,15,1,1,0,3,4,1,0,0,0,0,1,3,0,0,1,1,0,0,0,0,0,1,0,0,0,0,1,0,0,0,0,2,1,0,1,0,0,1,2,0,0,0,0,0,0,1,0,0,0,0,0,0,3,0,0,0,0,0,0,0,0,0,0,0,0,0,0,0,2,0
1727,13,0,0,0,0,0,0,7,0,0,2,0,0,1,2,0,1,1,2,8,15,0,0,0,0,0,0,0,0,0,2,12,0,0,3,0,0,0,0,0,0,0,1,1,1,0,0,4,1,0,0,0,0,1,0,0,0,0,0,0,0,0,0,0,0,1,0,0,1,1,0,0,0,1,0,0,0,0,0,0,0,1,0,0,0,1,0,9,3,10,0,3,0,0,7,0,0,7,0,0,0,0,0,0,0,0,1,24,0,0,0,0,0,0,0,0,0,5,0,0,0,2,0,0,0,0,0,5,0,2,5,6,1,0,1,7,3,2,1,0,0,1,0,1,0,0,1,0,0,0,0,0,0,0,0,0,0,0,0,0,0,0,0,0,1,0,0,0,0,0,0,0,0,0,0,0,0,0,0,0,0,0,0,0,2,0,0,0,0,0,0,0,0,0,0,0,0,0,1,0,1,0
1728,4,0,0,0,0,0,0,9,0,0,2,0,1,2,3,0,4,3,4,3,15,0,0,0,0,0,0,1,0,1,2,5,0,0,0,1,0,0,2,0,0,0,0,0,2,0,0,8,1,0,0,0,0,2,0,0,0,0,0,0,0,1,2,0,0,1,0,1,0,0,1,0,0,0,0,0,0,0,1,0,0,0,0,0,0,0,0,5,5,7,0,2,0,0,0,0,0,3,0,0,0,0,0,0,0,0,0,19,1,1,1,0,0,0,0,0,0,4,0,0,0,0,0,0,1,0,0,2,0,1,9,9,1,0,1,3,1,3,0,0,0,0,0,2,0,0,1,0,0,0,0,0,0,0,0,0,0,0,2,0,0,0,0,0,0,0,0,0,0,1,1,0,0,0,0,0,0,0,0,0,0,0,0,0,1,0,0,0,0,0,0,0,0,0,0,0,0,0,0,0,3,0
1729,9,0,0,0,0,0,0,4,0,0,2,0,1,2,3,0,5,3,3,2,7,0,0,0,0,1,0,0,0,0,0,3,0,0,1,0,0,0,2,1,0,0,0,0,0,0,0,2,1,0,0,0,0,1,0,0,0,0,0,0,0,0,1,0,0,0,0,0,0,0,0,0,0,0,0,0,1,0,0,0,0,0,1,0,0,1,0,15,2,4,0,0,0,0,5,0,1,5,0,0,0,0,0,0,0,0,0,30,0,0,0,0,2,0,0,0,6,5,0,1,0,0,0,0,0,1,1,4,0,0,12,8,0,0,2,2,4,2,0,0,0,1,1,1,0,0,3,1,0,0,0,1,0,1,0,0,0,0,0,0,0,0,0,0,0,0,0,0,0,0,1,0,0,0,0,0,1,0,0,0,1,0,0,0,0,0,1,0,0,0,0,0,0,0,0,0,0,0,0,0,1,0
1730,17,0,0,0,0,0,0,5,0,0,3,0,1,0,1,0,1,6,1,2,6,0,0,0,0,0,0,1,0,0,1,3,0,0,2,1,0,0,1,1,0,0,0,0,2,1,0,3,0,0,0,0,0,0,0,0,0,0,0,0,0,1,0,0,0,0,0,0,0,0,0,0,0,0,0,0,1,0,0,0,0,0,1,0,0,1,0,7,2,11,0,2,0,0,6,0,1,7,0,0,0,0,0,0,0,0,1,26,0,1,0,0,0,1,0,0,2,3,0,0,0,0,0,0,0,0,0,3,0,0,9,13,0,2,1,4,0,1,1,0,0,0,1,0,1,0,2,0,0,2,1,0,1,0,0,0,0,0,1,0,0,0,0,0,1,0,0,0,0,0,0,0,0,0,0,0,1,0,0,0,1,0,0,0,1,0,0,0,0,0,0,0,0,0,0,0,0,0,1,0,0,0
1731,16,0,0,0,0,0,0,1,0,0,0,0,0,0,3,0,3,3,1,7,19,0,0,0,0,0,0,0,0,1,0,3,0,1,2,0,0,0,1,0,0,0,0,0,0,0,0,3,2,0,0,0,0,2,0,0,0,0,0,0,0,0,0,0,0,0,1,0,0,0,0,0,0,0,0,0,0,0,0,0,0,1,1,0,0,2,0,6,4,10,0,0,0,0,11,0,0,5,0,0,2,0,0,0,0,0,4,25,1,2,0,0,1,0,0,0,0,1,0,0,0,1,0,0,0,2,0,1,0,2,2,9,0,0,2,4,1,2,0,0,1,0,0,0,0,0,3,0,0,1,0,0,1,0,0,0,0,0,2,0,0,0,0,0,0,0,0,0,0,0,0,0,0,0,0,0,1,0,0,0,0,0,0,0,1,0,0,0,0,1,0,0,0,0,0,0,0,0,0,0,5,0
1732,18,1,0,0,0,0,0,4,0,0,1,0,2,4,3,0,13,4,3,5,16,0,0,0,0,1,0,0,1,2,1,8,0,0,1,0,0,0,1,1,1,0,0,1,0,0,0,2,0,0,0,0,0,2,0,0,0,0,0,0,0,0,0,0,0,0,1,0,0,1,1,0,0,0,0,0,1,0,0,0,0,0,0,0,1,1,0,4,2,12,0,2,0,0,6,0,2,5,0,0,0,0,1,0,0,0,1,26,1,1,0,0,0,0,0,0,0,4,1,1,0,0,0,0,0,1,1,2,1,1,13,10,0,1,0,0,1,0,0,0,0,1,0,0,0,0,2,0,0,2,0,0,0,0,0,0,0,2,0,0,0,0,0,0,0,0,0,0,0,0,0,0,0,0,0,0,0,0,0,0,0,0,0,0,2,0,0,0,0,0,0,0,0,0,0,0,0,0,0,0,6,0
1733,24,0,0,0,0,0,0,5,0,1,0,0,1,3,4,0,2,2,1,3,11,0,0,0,0,0,0,0,0,1,2,3,0,0,2,0,0,0,0,0,0,0,2,0,0,0,0,2,0,0,0,0,0,0,0,0,0,0,0,0,0,2,1,0,0,0,1,0,1,1,2,0,0,0,0,0,1,0,0,0,0,0,0,0,0,0,0,6,3,2,0,0,0,0,8,0,0,6,0,0,0,0,0,0,0,0,0,17,1,1,0,0,0,0,0,0,0,4,0,0,0,1,2,0,0,0,0,0,0,1,7,18,0,0,0,1,0,1,1,0,0,0,0,0,1,0,3,1,0,0,1,0,0,0,0,0,0,0,0,0,0,0,0,0,1,0,1,0,0,0,0,1,0,0,0,0,0,0,0,0,0,0,0,0,1,0,0,0,0,1,0,0,0,0,0,0,0,0,0,0,4,0
1734,19,0,0,0,0,0,0,1,0,0,0,0,1,5,1,1,2,0,0,4,8,0,0,0,1,0,0,0,0,2,3,1,0,0,2,2,0,0,2,0,1,0,1,0,1,0,1,0,0,0,0,0,0,1,0,0,0,0,0,0,0,0,1,0,0,0,1,0,2,1,1,0,0,1,0,0,0,0,0,0,0,1,0,0,0,0,0,5,6,14,0,1,0,0,7,0,1,5,0,0,0,0,0,0,0,0,1,16,0,1,0,0,0,0,0,0,0,3,0,1,0,1,0,0,0,0,0,3,0,1,8,7,0,1,2,1,1,1,1,0,0,0,0,0,0,0,3,0,0,1,0,0,0,0,0,0,0,0,1,0,0,0,0,0,1,0,1,0,1,0,0,0,0,0,0,0,0,0,0,0,0,0,0,0,3,0,0,0,0,0,0,0,0,0,0,0,0,0,0,0,4,0
1735,10,0,0,0,0,0,0,3,1,0,2,0,0,0,2,0,4,3,1,4,8,0,0,0,0,0,0,0,0,0,2,5,0,1,2,0,0,0,0,1,0,0,2,0,4,0,0,4,1,0,0,0,0,1,0,0,0,0,0,0,0,0,0,0,0,1,0,1,1,0,1,0,0,2,0,0,1,0,0,0,0,0,0,0,0,0,0,9,3,8,0,2,0,0,12,0,1,4,1,0,0,0,1,0,0,0,0,14,1,1,0,0,1,0,0,0,0,1,0,0,0,0,0,0,0,1,0,3,0,3,5,14,0,0,1,0,0,3,0,1,1,1,0,1,0,0,6,0,0,0,0,0,0,0,0,0,0,1,0,0,0,0,0,0,0,0,0,0,0,1,0,0,0,0,0,0,1,0,0,0,0,0,0,0,2,0,0,0,0,0,1,0,0,0,0,0,0,0,0,0,3,0
1736,8,0,0,0,0,0,0,6,0,0,1,0,0,0,4,0,3,3,2,4,4,0,0,0,0,0,0,0,1,0,3,2,0,0,2,0,0,0,0,0,0,0,1,0,1,0,1,5,0,0,0,0,0,2,0,0,0,0,0,0,0,0,0,0,0,0,1,1,1,1,0,0,0,0,0,1,2,0,0,1,0,0,2,1,0,0,0,5,0,11,0,1,0,0,6,0,0,7,0,0,0,0,0,0,0,0,4,24,1,1,0,0,0,1,0,0,2,5,0,0,0,0,0,0,0,0,0,2,0,0,8,5,0,1,0,2,0,0,0,0,0,1,0,1,0,0,2,0,0,3,0,0,0,0,0,0,0,1,1,0,0,0,0,1,0,0,0,0,0,0,0,1,0,0,0,0,1,0,0,0,0,0,0,0,2,0,0,0,0,0,0,0,0,0,0,0,0,0,0,0,4,0
1737,12,0,0,0,0,0,0,6,0,0,1,0,3,2,2,0,0,1,2,5,11,0,0,0,0,0,0,1,1,0,0,2,0,1,1,0,0,0,1,0,0,0,0,0,0,0,0,4,0,0,0,0,0,2,0,0,0,0,0,0,0,0,2,0,0,0,0,0,0,0,0,0,1,0,0,0,0,0,0,0,0,0,0,0,0,1,0,6,4,19,0,2,0,0,9,1,1,1,1,0,1,0,0,0,0,0,1,27,3,0,0,0,0,0,0,0,3,4,1,0,0,0,1,0,0,1,0,2,0,1,7,11,0,0,1,2,2,2,0,0,0,3,2,0,1,0,0,0,0,2,0,0,0,0,0,0,0,0,0,0,0,0,0,0,1,0,0,0,0,0,0,1,0,0,0,0,0,0,0,0,0,0,0,0,2,1,0,0,0,1,1,0,0,0,0,0,0,0,0,1,2,0
1738,16,0,0,0,0,0,0,1,0,0,2,0,0,1,6,1,2,4,4,5,18,0,0,0,0,0,0,0,0,0,3,3,0,0,1,1,0,0,2,0,0,0,1,1,0,0,0,2,2,0,0,0,0,0,0,0,0,0,0,0,0,0,1,0,0,0,0,0,0,0,0,0,0,0,0,0,1,0,0,0,0,0,1,0,0,2,0,12,0,6,0,3,0,0,8,1,2,4,0,0,0,0,0,0,0,0,1,19,1,0,0,0,0,0,0,0,1,3,0,0,0,0,0,0,0,0,0,4,0,4,3,8,0,0,1,0,1,4,0,0,0,4,1,1,0,0,0,1,1,1,0,0,0,0,1,0,0,0,1,0,0,0,0,0,0,0,0,0,0,0,0,0,0,0,0,0,0,0,0,0,0,0,0,0,1,0,0,0,0,0,0,0,0,0,0,0,0,0,0,0,2,0
1739,15,0,0,0,0,0,0,3,0,0,0,0,1,0,2,0,0,4,6,5,19,0,0,0,0,1,0,0,0,1,0,14,0,1,2,0,0,1,0,0,1,0,1,0,1,0,0,5,0,0,0,0,0,1,0,0,0,0,0,0,0,2,1,0,0,0,0,0,0,0,1,0,0,0,0,0,1,0,0,0,0,2,0,0,0,2,0,5,0,11,0,0,0,0,4,2,0,9,0,0,0,0,0,0,0,0,2,14,1,1,0,0,1,0,0,0,0,2,0,1,0,0,0,0,0,0,0,3,0,2,6,9,0,1,0,2,1,6,0,0,1,0,0,1,0,0,0,1,0,2,1,0,0,0,0,0,0,1,0,0,0,0,0,0,0,0,0,0,0,1,1,0,0,0,0,0,0,1,0,0,1,0,0,0,1,0,0,0,0,0,1,0,0,0,0,0,0,0,0,0,5,0
1740,19,0,1,0,0,0,0,8,0,1,0,0,1,3,5,0,2,2,9,5,20,0,0,0,0,0,0,2,0,1,2,3,0,0,2,1,0,0,2,0,1,0,0,1,2,0,0,2,0,0,0,0,0,1,0,0,0,0,0,0,0,0,2,0,0,0,0,2,1,2,1,0,0,2,0,0,1,0,0,0,0,0,0,0,0,0,0,3,1,14,0,1,1,0,8,0,3,9,2,0,0,0,0,0,0,0,0,19,0,0,0,0,1,1,0,0,1,5,0,1,0,1,0,0,0,3,0,1,0,2,5,1,1,0,1,3,3,4,1,1,1,0,1,4,0,0,5,0,0,3,0,1,0,0,0,0,0,3,1,0,0,0,0,0,0,0,0,0,0,0,0,0,0,0,0,0,0,0,0,0,1,0,0,1,5,0,0,0,0,0,1,0,0,0,0,0,0,0,1,0,7,0
1741,22,0,1,0,0,0,0,1,0,0,1,0,1,1,2,0,1,4,9,10,25,0,0,0,0,0,0,2,0,0,1,3,0,0,1,1,0,0,0,0,0,0,1,0,0,0,0,3,1,0,0,0,0,3,0,2,0,0,0,1,0,0,1,0,0,0,0,1,0,0,1,0,0,1,0,0,1,0,1,0,0,2,6,0,0,0,0,7,1,13,0,0,0,0,6,1,0,10,0,0,0,0,1,0,0,0,1,12,0,1,0,1,0,0,0,0,2,6,1,0,0,0,0,0,0,1,0,0,0,3,5,3,0,1,1,3,3,0,0,0,0,2,0,2,2,0,0,0,0,1,1,0,0,0,0,0,0,1,0,0,0,0,0,0,0,0,0,0,0,0,0,1,0,0,0,0,0,0,0,0,1,1,0,1,1,0,0,0,0,0,0,0,0,0,0,0,0,0,0,0,5,0
1742,23,1,0,0,0,0,0,3,0,0,0,0,0,0,5,0,4,3,8,10,41,0,0,0,0,1,0,0,0,0,0,7,0,2,2,1,0,0,1,0,0,0,0,0,0,0,0,3,0,0,0,0,0,1,0,0,0,0,0,0,0,0,0,0,0,0,0,1,0,0,0,0,0,0,1,0,0,0,0,0,0,1,0,0,0,1,0,4,1,4,0,3,1,0,3,0,0,10,0,0,0,0,0,0,0,0,0,19,3,2,0,0,0,1,1,0,4,3,0,0,0,0,0,0,0,1,0,2,0,2,12,5,1,1,1,5,4,1,1,1,0,0,1,2,0,0,3,1,0,1,0,0,0,1,0,0,0,0,0,0,0,0,0,1,0,0,0,0,0,0,0,0,0,0,0,0,0,0,0,0,0,0,0,0,2,0,0,0,0,0,0,0,0,0,0,0,0,0,0,0,1,0
1743,26,0,1,0,0,0,0,5,0,0,0,0,2,3,4,0,7,2,3,6,19,0,0,0,0,0,1,0,0,0,2,6,0,0,0,1,0,0,1,2,2,0,0,2,2,0,0,5,0,0,0,0,1,0,0,0,0,0,0,0,0,0,0,0,0,0,0,0,0,0,0,0,0,0,0,0,0,0,1,0,0,0,0,0,0,0,0,6,1,7,0,1,0,0,6,0,0,5,0,0,0,0,0,0,0,0,1,17,2,0,0,1,1,1,0,0,0,3,0,1,0,2,0,0,0,0,0,1,0,4,5,7,0,0,1,4,0,1,0,0,1,1,0,0,0,0,5,0,0,2,0,0,0,0,0,0,0,0,1,0,0,0,0,0,0,0,0,0,0,0,0,0,0,0,0,1,1,0,0,0,0,0,0,0,1,0,0,0,0,0,0,0,0,0,0,0,0,0,1,0,5,0
1744,17,0,0,0,0,0,0,5,0,0,0,0,1,0,3,0,3,1,0,10,18,0,0,0,0,1,0,0,0,1,2,7,0,5,1,1,0,0,3,0,2,0,0,0,1,0,1,3,0,0,0,0,1,3,0,0,0,0,0,0,0,0,1,0,0,0,1,0,2,1,3,0,0,0,0,0,0,0,0,0,0,2,0,0,0,0,0,5,0,9,0,2,0,0,3,0,4,4,0,0,0,0,0,0,0,0,0,22,0,3,0,0,0,0,0,0,1,6,1,0,0,1,0,0,0,0,0,2,0,1,9,6,0,0,0,3,4,2,0,0,1,1,1,2,1,0,2,0,0,0,1,0,0,0,0,0,0,0,0,0,0,0,0,0,1,0,0,0,0,0,0,0,0,0,0,0,1,0,0,0,0,0,0,0,0,0,0,0,0,0,1,0,0,0,0,0,0,0,0,0,4,0
1745,26,0,0,0,0,0,0,0,0,1,0,0,2,0,1,0,8,0,2,10,25,0,0,0,0,0,0,0,0,0,1,7,0,0,2,2,0,0,0,0,0,0,0,0,0,0,0,1,0,0,0,0,0,7,0,0,0,0,0,0,0,0,1,0,0,0,0,1,2,1,0,0,0,1,1,0,0,0,0,0,0,3,2,0,1,1,0,8,0,7,0,1,0,0,7,0,0,2,1,0,0,0,0,0,0,0,1,18,0,0,0,0,0,2,0,0,1,1,0,0,0,0,0,0,0,0,1,4,0,0,6,8,0,4,0,2,2,5,0,0,2,0,1,1,0,0,0,1,0,1,0,0,0,0,0,0,0,1,1,0,0,0,0,0,0,0,1,0,0,0,0,0,0,0,0,0,0,1,0,0,0,0,0,0,1,1,0,0,0,0,0,0,0,0,0,0,0,0,0,1,2,0
1746,37,0,0,0,0,0,0,1,0,0,1,0,1,2,1,1,0,1,4,5,12,0,0,0,0,0,0,1,0,0,2,8,0,0,1,0,0,0,3,0,1,0,0,0,0,0,0,0,0,0,0,0,1,0,0,0,0,0,0,0,0,0,2,0,1,0,0,1,0,1,0,0,0,0,0,0,0,0,0,0,0,0,0,0,0,2,0,2,0,8,0,0,0,0,5,0,1,3,0,0,0,0,1,0,0,0,1,16,1,1,0,0,0,1,0,0,1,5,0,0,0,0,0,0,0,0,0,1,0,0,5,2,0,1,0,3,2,7,0,3,2,0,2,1,1,0,5,1,0,0,0,0,0,0,1,0,0,0,3,0,0,0,0,0,0,0,0,0,0,0,0,0,0,0,0,0,0,0,0,0,0,0,0,0,0,1,0,1,0,0,0,0,0,0,0,0,0,0,0,1,1,0
1747,30,0,0,0,0,0,0,2,0,0,0,0,0,0,2,0,2,2,5,13,16,0,0,0,0,0,0,0,0,1,1,5,0,0,0,0,0,0,2,0,0,0,1,1,1,0,1,2,0,0,0,0,1,0,0,0,0,0,0,0,0,0,2,0,0,0,2,0,1,0,0,0,0,0,0,0,1,1,0,0,0,0,0,1,0,4,0,5,2,5,0,0,0,0,5,0,1,6,1,0,0,0,0,0,0,0,1,30,0,1,0,0,0,1,0,0,0,3,0,0,0,1,0,0,0,2,0,0,0,0,3,1,1,0,0,2,0,6,0,0,2,4,0,0,2,0,3,0,0,3,0,0,0,0,0,0,0,0,0,0,0,0,0,0,0,0,0,0,0,0,1,0,0,0,0,0,0,0,0,0,0,1,0,0,4,0,0,0,0,0,0,0,0,0,0,0,0,0,0,0,5,0
1748,29,1,1,0,0,0,0,2,0,1,0,0,0,2,3,0,4,1,4,7,14,0,0,0,0,0,0,1,0,0,0,4,0,0,3,1,0,0,0,0,0,0,0,0,0,0,0,0,0,0,0,0,1,2,0,0,0,0,0,0,0,0,1,0,0,0,0,2,1,0,0,0,0,0,0,0,0,0,2,0,0,0,0,0,0,1,0,1,0,3,0,0,0,0,5,2,3,3,0,0,0,0,0,0,0,0,1,20,1,1,0,1,0,0,0,0,0,0,0,0,0,1,1,0,0,1,0,0,0,1,7,6,0,1,1,2,2,1,1,0,4,1,1,1,0,0,5,0,0,2,0,1,0,0,0,0,0,0,0,0,0,0,0,0,1,0,1,0,0,0,0,0,0,0,0,0,0,0,0,0,0,0,0,0,4,0,0,0,0,1,0,0,0,0,0,0,0,0,0,0,4,0
1749,23,0,0,0,0,0,0,3,0,0,1,0,2,0,2,0,0,3,4,6,12,0,0,0,1,3,0,0,0,1,1,4,0,1,3,0,0,1,0,0,1,0,0,0,0,0,0,4,0,0,0,0,0,5,0,1,0,0,0,0,0,0,1,0,0,0,0,0,0,0,0,0,0,0,0,0,2,0,0,0,0,2,0,1,0,1,0,6,1,5,0,2,0,0,4,0,1,5,1,0,0,0,1,0,0,0,1,24,0,1,0,1,1,0,0,0,3,3,0,0,0,2,0,0,0,0,0,5,0,2,6,6,0,0,0,2,2,2,1,1,3,1,2,1,1,0,3,0,0,1,0,1,0,0,0,0,0,2,0,0,0,0,0,0,0,0,1,1,0,1,0,0,0,0,0,0,0,0,0,0,0,1,0,0,0,0,0,0,0,0,0,0,0,0,0,0,0,0,0,1,5,0
1750,46,0,1,0,0,0,0,4,0,0,4,0,1,0,5,0,1,1,7,8,8,0,0,0,0,0,0,0,1,1,3,7,0,0,3,1,0,0,1,0,0,0,2,0,2,0,0,3,0,0,0,0,0,1,0,0,0,0,0,0,0,0,3,0,0,0,1,0,2,3,0,0,0,1,0,0,1,0,5,0,0,1,0,0,0,2,0,7,2,8,0,3,1,0,8,0,2,6,0,0,0,0,0,0,0,0,2,22,2,0,0,2,2,0,3,0,4,6,0,1,0,0,0,0,0,0,1,1,0,1,9,6,1,2,2,4,5,5,0,1,5,1,0,1,1,0,0,1,1,3,0,0,0,0,0,0,0,3,0,0,0,0,0,0,2,0,1,0,0,0,0,0,0,0,0,0,0,0,0,0,1,1,0,0,4,0,0,0,0,0,0,0,0,0,0,0,0,0,0,0,6,0
1751,42,2,0,0,0,0,0,11,0,0,0,0,3,1,2,0,0,3,4,7,11,0,0,0,1,0,0,1,1,0,1,4,0,0,1,0,0,1,1,0,0,0,2,1,1,0,0,3,0,0,0,0,0,2,2,0,0,0,0,0,0,0,0,0,1,0,1,2,3,1,0,0,0,1,0,0,1,0,2,0,0,1,0,0,0,0,0,4,2,8,0,1,0,0,10,0,2,2,2,0,0,0,1,0,0,0,2,26,0,0,0,0,1,0,1,0,1,2,0,0,0,1,0,0,0,1,0,3,0,1,7,3,1,0,0,1,3,2,2,5,1,0,3,0,1,0,2,1,0,0,0,1,0,0,0,0,0,0,1,0,0,0,0,0,1,0,1,0,0,0,0,0,0,0,0,1,0,1,0,0,0,0,0,1,7,0,0,0,0,0,0,0,0,0,0,0,0,0,0,0,5,0
1752,25,0,0,0,0,0,0,12,0,0,1,0,2,1,1,0,1,4,0,6,8,0,0,1,1,3,0,1,0,3,2,1,0,0,2,0,0,0,0,0,0,0,1,0,2,0,0,2,0,0,0,0,0,2,1,0,0,0,0,0,0,0,0,0,0,0,0,0,2,0,0,0,0,0,0,0,1,0,1,0,0,0,0,0,0,0,0,8,1,7,0,8,0,0,6,0,0,1,0,0,0,0,0,0,0,0,2,20,2,1,0,0,3,0,0,0,2,2,0,1,0,0,0,0,0,0,1,1,0,2,7,13,2,2,1,3,3,3,0,0,5,0,2,3,1,0,3,0,0,1,2,0,0,0,0,0,0,0,1,0,0,0,0,0,0,0,0,0,0,0,0,0,0,0,0,0,0,0,0,0,0,1,0,0,1,0,0,0,0,0,0,0,0,0,0,0,0,0,0,1,4,0
1753,22,0,1,0,1,0,0,3,0,0,2,0,3,2,3,0,1,5,3,9,12,1,1,0,0,0,0,0,0,0,4,5,0,0,5,0,1,1,3,0,0,0,1,0,1,0,0,2,0,0,0,0,1,0,2,0,0,0,0,0,0,0,2,0,0,4,0,1,1,1,3,0,0,4,0,0,1,2,1,0,0,2,1,0,0,1,0,0,0,18,0,1,0,0,3,1,1,5,0,0,0,0,0,0,0,0,0,35,3,0,0,0,3,1,0,0,2,8,0,0,0,2,0,2,0,0,0,3,2,1,6,6,1,1,0,1,2,3,1,0,4,0,2,0,1,0,1,1,1,2,0,1,0,0,0,0,0,1,1,0,0,0,0,0,1,0,1,0,0,0,0,0,0,0,0,0,1,0,0,0,0,0,0,0,1,0,0,0,1,0,0,0,0,0,0,0,0,0,2,0,3,0
1754,27,0,0,0,0,0,1,5,0,0,0,0,1,2,3,0,1,3,3,6,13,0,0,1,0,1,0,1,1,1,2,6,0,0,4,0,0,0,3,1,0,0,0,0,0,0,0,2,0,0,0,1,0,0,0,1,0,0,0,0,0,0,1,0,1,4,1,0,2,0,3,0,0,0,0,1,3,0,1,0,0,0,8,1,0,0,0,4,2,12,0,1,0,0,3,0,1,5,0,0,2,0,0,0,0,0,0,30,1,2,0,0,0,1,0,0,1,7,0,0,0,0,0,0,0,0,0,2,2,4,3,5,0,0,3,2,1,4,1,1,7,0,1,0,0,0,2,1,0,2,0,0,0,1,0,0,0,0,1,0,0,0,0,0,3,0,0,0,0,0,0,0,0,0,0,0,0,0,0,0,0,0,0,0,1,0,0,0,1,0,0,0,0,0,0,0,0,0,1,0,7,0
1755,28,0,0,0,0,0,0,3,0,0,1,0,0,2,1,0,2,2,5,5,12,0,0,0,0,0,0,0,0,1,2,4,0,0,5,0,1,0,4,0,0,0,2,1,0,0,0,3,0,0,0,1,1,1,1,0,0,0,0,0,1,0,2,0,0,0,1,4,0,0,0,0,0,0,0,0,0,1,3,0,0,1,0,0,0,1,0,2,1,8,0,1,0,0,6,0,0,6,1,0,2,0,1,0,0,0,0,31,1,2,1,2,0,2,1,0,6,2,0,3,1,2,0,0,0,0,0,0,0,1,9,4,1,2,0,2,1,1,0,1,8,0,1,0,2,0,0,0,0,1,0,0,0,0,0,0,0,1,1,0,0,0,0,1,3,0,0,0,1,0,1,0,0,0,0,0,0,0,0,0,0,1,0,0,1,0,0,0,0,0,1,0,0,0,0,0,0,0,0,0,4,0
1756,39,0,0,0,0,0,0,3,0,1,0,0,1,0,3,0,2,2,2,11,20,0,0,0,0,0,0,0,0,0,0,9,0,0,2,3,0,0,2,0,1,0,0,2,4,1,0,3,0,0,0,0,1,1,0,0,0,0,0,0,0,1,6,0,0,2,0,0,1,2,1,0,0,1,0,0,1,0,3,0,0,1,0,0,0,0,0,3,0,4,0,2,0,0,8,0,1,4,0,0,0,0,0,0,0,0,2,26,3,2,0,0,0,1,0,0,2,3,0,1,0,1,0,0,0,0,0,1,0,4,9,6,0,1,2,3,2,5,2,3,3,1,0,1,2,0,1,1,0,2,1,0,0,0,0,0,0,2,0,0,0,0,0,0,0,0,2,0,0,0,0,0,0,0,0,0,0,0,0,0,1,0,0,0,1,0,0,0,0,0,2,0,1,0,0,0,0,0,0,0,8,0
1757,29,1,1,0,0,0,1,1,0,0,0,1,0,0,2,0,0,2,3,3,8,0,0,0,0,1,0,0,0,0,2,2,0,0,3,0,0,1,3,1,0,0,0,0,0,0,0,3,2,0,1,0,0,2,0,0,0,0,0,0,0,0,0,0,0,0,1,2,2,2,1,0,0,0,0,0,0,0,1,1,0,2,0,0,0,0,0,4,0,6,0,1,0,0,5,0,1,4,0,0,1,0,0,0,0,0,3,23,0,3,0,0,0,1,1,0,0,7,0,0,0,1,0,0,0,0,0,3,0,1,9,4,3,0,1,3,2,1,0,2,3,2,2,1,0,0,3,1,0,3,0,0,0,0,0,0,0,1,1,0,0,0,0,1,1,0,0,0,0,0,0,0,0,0,0,0,1,0,0,0,0,0,0,0,0,0,1,0,0,1,1,0,0,1,0,0,0,0,0,0,4,0
1758,39,0,1,0,0,0,0,2,0,0,0,0,1,1,3,0,4,1,7,3,12,0,0,0,0,0,0,1,0,1,2,5,0,0,3,3,0,0,3,0,0,0,2,0,1,1,0,1,1,0,0,1,0,2,0,0,0,0,0,0,0,0,2,0,1,1,0,0,3,1,4,0,0,2,0,0,0,0,1,0,0,1,0,0,0,2,0,8,5,15,0,1,0,0,2,0,5,3,0,0,0,0,0,0,0,0,0,19,1,2,0,0,0,0,0,0,3,4,0,0,0,0,1,0,0,0,0,4,0,4,8,9,0,1,0,2,0,2,2,0,5,0,0,0,1,0,0,0,0,0,0,1,0,0,0,0,0,0,1,0,0,0,0,1,0,0,1,0,0,0,1,0,0,0,0,0,0,0,0,0,0,1,0,0,7,0,0,0,0,0,0,0,0,0,0,0,0,0,0,0,5,0
1759,31,0,1,0,1,0,0,4,1,0,0,0,0,3,1,0,1,7,5,6,24,0,0,0,0,0,0,0,0,0,1,7,0,0,1,0,0,0,1,0,0,0,0,1,2,0,0,1,1,0,0,0,0,0,0,0,0,0,0,0,0,0,0,0,0,0,0,2,3,0,1,0,0,0,0,1,0,0,2,0,0,0,0,2,0,2,0,3,6,18,0,2,1,0,2,1,1,12,0,0,0,0,0,0,0,0,2,24,1,1,0,0,0,0,0,0,0,3,0,0,0,1,0,0,0,0,0,1,1,2,9,5,1,0,1,2,1,4,7,0,14,2,2,0,4,0,2,4,0,1,1,0,0,0,0,0,0,0,3,0,0,0,0,1,1,0,0,0,0,0,0,0,0,0,0,0,1,0,0,0,0,0,0,0,2,0,0,0,0,0,0,0,0,0,0,0,0,0,1,0,6,0
1760,21,0,2,0,0,0,0,2,0,1,1,0,3,0,3,0,1,1,2,8,16,0,0,0,0,0,0,0,0,2,1,7,0,0,1,3,0,0,2,0,0,0,2,0,1,0,0,2,0,0,0,1,0,1,1,0,0,0,0,0,0,2,3,0,0,1,0,2,3,2,3,0,0,0,0,1,2,0,2,0,0,1,2,1,0,1,0,2,1,12,0,0,1,0,5,0,0,3,0,0,0,0,0,0,0,0,5,34,2,1,0,1,1,0,0,0,3,7,0,1,0,1,0,0,0,0,0,0,1,4,10,8,1,0,0,2,0,2,0,0,4,2,2,0,0,0,0,2,0,5,0,0,0,0,0,0,0,0,0,0,0,0,0,1,1,1,0,0,1,0,1,0,0,0,0,0,1,1,0,0,1,0,0,0,5,0,0,0,0,0,1,0,0,0,0,0,0,0,1,0,5,0
1761,29,0,0,0,0,0,0,7,1,0,1,0,4,0,1,0,1,4,4,6,11,0,0,0,0,0,0,0,0,0,4,9,0,0,0,0,0,0,1,0,0,0,2,1,0,0,0,4,0,0,0,0,0,2,0,0,0,0,0,0,0,0,1,0,0,0,1,1,0,0,0,0,0,1,0,0,1,0,4,0,0,0,1,0,0,0,0,3,2,10,0,3,0,0,5,0,1,9,0,0,0,0,1,0,0,0,1,19,3,1,0,0,1,0,1,0,0,4,0,1,0,0,0,0,0,1,0,3,0,2,6,5,0,1,0,9,3,1,0,0,4,2,2,0,1,0,1,1,0,3,0,0,0,1,0,0,0,0,2,0,0,0,0,0,0,0,0,0,0,1,0,1,0,0,0,0,0,0,0,0,2,0,0,0,0,0,1,0,0,0,0,0,0,0,0,0,0,0,1,0,4,0
1762,37,1,0,0,0,0,0,2,0,0,0,0,1,0,4,0,1,3,4,6,15,1,0,0,0,0,0,1,0,1,3,6,0,0,6,1,0,0,0,0,0,0,0,3,1,0,0,7,0,0,0,0,1,3,0,0,0,0,0,0,0,0,1,0,0,0,0,0,2,2,2,0,0,0,0,2,0,0,4,0,0,0,0,0,0,1,0,7,0,12,0,1,0,0,2,2,0,5,0,2,0,0,0,0,0,0,1,27,3,1,0,0,1,0,0,0,3,6,0,0,0,1,0,0,0,0,0,2,0,1,3,11,2,1,0,0,1,4,1,0,8,2,0,2,0,0,2,0,0,2,1,0,0,1,0,0,0,0,0,0,0,0,0,4,2,0,0,0,0,0,0,0,0,0,0,0,0,0,0,0,0,1,0,2,2,0,0,0,0,0,2,0,0,0,0,0,0,0,0,0,3,0
1763,42,0,0,0,0,0,1,3,1,0,0,0,2,0,4,0,3,6,2,16,12,0,0,0,0,0,1,0,0,3,0,4,0,0,11,2,0,0,1,0,0,0,1,1,0,0,0,2,1,0,0,0,0,1,0,1,0,0,0,0,0,0,2,0,0,0,0,2,2,0,1,0,0,0,0,1,0,0,4,0,0,1,0,0,0,3,0,3,1,8,0,1,0,0,3,0,2,9,1,0,0,0,0,0,0,0,2,36,1,1,1,0,1,1,0,0,2,5,0,2,0,1,0,0,0,1,1,1,0,1,6,12,0,1,0,3,0,2,0,2,6,3,2,1,2,0,4,0,0,1,0,1,0,0,0,0,0,0,0,0,0,0,0,0,1,0,2,0,0,1,0,1,0,0,0,0,0,0,0,0,2,0,0,1,3,0,1,0,0,0,0,0,0,0,0,0,0,0,0,0,5,0
1764,36,0,1,0,0,0,0,4,0,0,0,0,3,0,5,1,4,1,3,12,8,0,0,0,0,0,1,0,1,1,0,4,0,0,19,1,0,0,1,0,0,1,2,0,0,0,0,4,0,0,0,0,0,2,0,0,0,0,0,0,0,0,1,0,0,0,0,3,1,1,0,0,0,0,0,0,1,0,2,0,0,10,0,0,0,0,1,4,0,14,0,5,0,0,20,2,2,7,0,0,0,0,0,0,0,0,1,39,2,0,0,0,2,0,0,0,4,3,1,0,0,0,0,0,0,0,0,2,0,1,7,7,0,0,2,5,1,3,1,0,2,0,4,1,0,0,3,1,1,2,0,1,0,0,0,0,0,0,1,0,0,0,0,0,2,1,1,0,0,0,0,1,0,0,0,0,1,0,0,0,1,1,0,0,1,1,0,0,0,0,1,0,0,0,0,0,0,0,0,0,10,0
1765,35,0,2,0,0,0,0,3,0,0,1,0,0,1,5,0,3,7,4,6,18,0,0,0,0,0,0,0,0,1,0,2,0,0,13,0,0,0,0,0,0,0,1,0,0,0,0,0,0,0,0,0,1,2,0,0,0,0,0,0,0,0,2,0,0,0,0,2,1,0,1,0,0,0,0,0,2,0,1,0,0,3,0,0,0,1,0,4,0,8,0,1,0,0,3,0,0,5,0,0,0,0,0,0,0,0,0,39,2,0,0,0,0,0,1,0,3,4,0,1,0,1,1,0,0,0,0,3,0,3,11,12,4,1,0,4,3,1,0,0,4,1,0,0,1,0,5,2,1,7,1,0,0,0,0,0,0,0,0,0,0,0,0,0,5,0,0,0,0,0,0,1,0,0,0,0,0,0,0,0,1,0,0,0,3,0,0,0,0,0,0,0,0,0,0,0,0,0,0,0,2,0
1766,16,0,0,0,0,0,0,3,0,0,2,0,0,3,7,0,2,7,3,7,11,0,0,0,0,0,0,1,1,0,2,9,0,1,2,0,0,1,2,0,0,0,2,0,0,0,0,3,1,0,0,0,0,4,0,0,0,0,0,0,0,1,2,0,2,1,0,0,1,0,1,0,0,0,0,0,2,0,1,0,0,4,0,0,0,0,0,6,1,14,0,1,0,0,6,2,0,4,0,1,1,0,0,0,0,0,4,34,2,1,0,1,0,2,0,0,4,1,0,1,0,0,0,0,0,0,0,1,0,0,6,9,1,4,3,1,1,1,3,0,4,1,1,0,0,0,0,2,0,1,1,0,0,1,0,0,0,0,0,0,0,0,0,0,2,0,0,1,0,0,0,1,0,0,0,0,0,1,0,0,0,2,0,0,5,0,0,1,2,0,1,0,0,0,0,0,0,0,0,0,4,0
1767,26,0,0,0,0,0,0,3,0,0,1,0,6,0,5,0,0,2,4,12,10,1,0,0,0,0,0,0,0,1,1,7,0,2,3,2,0,0,2,0,0,0,1,0,1,0,1,1,1,0,0,0,0,4,1,1,0,0,0,0,0,0,1,0,1,1,0,2,1,2,0,0,0,0,0,0,2,0,1,0,0,0,1,1,0,1,0,11,1,20,0,3,0,0,5,5,0,4,1,0,1,0,0,0,0,0,0,39,0,1,0,0,0,1,1,0,0,5,0,2,0,0,0,0,0,0,0,2,1,2,8,21,0,1,1,1,3,1,1,1,6,3,0,1,0,0,1,1,0,4,0,0,0,0,1,0,0,2,0,0,0,0,0,3,0,1,2,0,0,0,0,0,0,0,0,0,0,0,0,0,0,0,0,1,4,1,0,0,3,0,0,0,0,0,0,0,0,0,0,0,8,0
1768,31,0,0,0,0,0,0,5,0,0,0,0,0,4,4,0,7,4,4,9,20,1,0,0,0,0,0,0,1,1,2,4,0,0,2,0,0,0,1,0,0,0,1,0,1,0,0,3,0,0,0,1,0,5,0,0,0,0,0,0,0,1,4,0,0,0,1,1,1,0,0,0,0,0,0,0,0,0,2,0,0,3,0,0,0,0,0,6,0,13,0,0,0,0,5,1,1,9,0,0,0,0,0,0,0,0,0,43,0,1,0,0,1,2,3,0,6,5,2,0,0,1,0,1,0,0,0,4,0,1,16,11,1,0,0,7,0,4,1,0,4,1,3,1,2,0,2,3,0,6,0,0,0,0,0,0,0,0,0,0,0,0,0,2,3,0,0,0,0,1,1,0,0,0,0,0,0,2,0,0,0,0,0,0,2,1,0,0,0,1,0,0,0,0,0,0,0,0,0,0,6,0
1769,16,1,0,0,0,0,0,1,0,1,1,0,1,1,5,0,4,1,6,5,16,0,0,0,0,0,0,0,2,2,1,12,0,1,1,1,0,0,5,0,0,0,2,0,0,0,0,1,0,0,0,0,0,2,0,0,0,0,0,0,0,0,0,0,0,0,0,0,3,0,0,0,0,0,0,0,0,0,1,0,0,5,0,0,0,1,0,8,3,16,0,3,1,0,4,1,0,5,1,0,0,0,0,0,0,0,1,48,0,1,0,0,1,1,0,0,6,4,0,3,0,0,0,0,0,2,2,2,0,4,9,11,0,1,1,5,3,4,0,0,5,1,0,1,1,0,1,3,1,2,0,1,0,0,0,0,0,2,1,0,0,0,0,1,3,0,0,1,0,1,0,1,0,0,0,0,0,0,0,0,0,0,0,0,3,0,0,0,0,0,1,0,0,0,0,0,0,0,0,0,2,0
1770,31,0,1,0,0,0,0,3,0,1,0,0,1,2,2,0,3,11,3,10,23,0,0,0,0,0,0,0,0,1,8,4,0,0,5,0,0,0,3,1,1,0,7,1,0,0,1,3,0,0,0,3,0,6,1,1,0,0,0,0,0,2,3,0,0,0,1,0,3,1,1,0,0,0,0,1,2,0,0,0,0,2,0,0,0,1,0,2,2,15,0,2,0,0,7,1,0,7,1,0,0,0,0,0,0,0,0,62,5,3,0,0,2,0,0,0,0,4,0,1,0,2,0,0,0,1,0,5,0,3,12,14,0,2,0,9,4,3,0,0,0,2,2,0,1,0,0,1,0,2,2,1,0,1,0,0,0,1,1,0,0,0,0,4,1,0,1,0,0,0,1,0,0,0,0,0,1,0,0,0,1,0,0,0,6,0,0,0,0,0,0,0,0,0,0,0,0,0,0,0,7,0
1771,13,0,0,0,0,0,1,3,0,0,1,1,0,2,1,0,1,3,2,13,12,0,0,0,0,0,0,1,0,3,3,9,0,0,3,0,0,0,3,0,0,1,1,0,1,0,0,6,0,0,0,0,0,3,0,0,0,0,0,0,0,0,0,0,0,0,1,2,2,1,0,0,0,0,0,0,0,1,1,0,0,2,0,0,0,0,0,5,0,16,0,1,1,0,9,0,2,12,0,0,2,0,1,0,0,0,0,53,4,1,1,0,2,2,0,0,6,10,2,2,0,1,0,0,0,0,0,1,0,3,11,11,2,1,2,3,4,2,1,1,5,2,3,0,1,0,2,3,1,7,0,0,0,1,0,0,0,0,1,0,0,0,0,3,1,0,1,0,0,0,0,0,0,0,0,0,1,0,0,0,0,0,0,1,1,0,0,0,2,0,1,0,0,0,0,0,0,0,1,0,7,0
1772,22,0,0,0,0,0,0,0,0,0,1,0,1,0,4,0,2,5,3,11,22,0,0,1,0,2,0,0,1,1,1,3,0,0,1,1,0,0,1,0,1,1,4,0,3,0,1,6,0,0,0,0,0,2,0,0,0,0,0,0,0,1,4,0,1,1,0,0,2,0,2,0,0,0,0,2,2,0,0,0,0,2,1,0,0,1,0,4,0,12,0,0,0,0,7,0,2,9,1,0,0,0,1,0,0,0,1,61,3,2,0,1,0,0,0,0,3,6,1,1,0,2,0,0,0,2,0,1,0,3,13,12,2,4,1,4,4,4,1,1,5,2,1,2,2,0,5,1,0,5,0,1,0,0,0,0,0,0,0,0,0,0,0,1,3,0,0,0,0,1,0,0,0,0,0,0,0,0,0,0,0,0,0,1,2,1,0,0,0,0,0,0,0,0,0,0,0,0,0,0,4,0
1773,26,1,0,0,0,0,0,5,0,0,0,0,1,2,2,0,1,5,2,20,25,0,0,1,0,0,0,1,1,0,2,10,0,0,3,0,0,1,2,0,0,0,3,0,2,0,0,4,0,0,0,1,0,4,0,0,0,0,0,0,0,0,2,0,0,0,1,1,6,0,0,0,0,0,0,1,1,0,5,0,0,2,0,0,0,0,0,4,1,13,0,2,0,1,3,0,2,6,0,0,0,0,1,0,0,0,1,67,2,0,0,0,0,0,1,0,2,6,1,1,0,2,0,1,0,0,0,2,0,3,12,11,3,2,0,4,1,3,1,1,2,0,3,1,1,0,1,1,0,3,0,1,0,0,0,0,0,0,0,0,0,0,0,0,5,0,1,0,2,0,0,1,0,0,0,0,0,0,0,0,1,1,0,0,1,0,0,0,0,0,1,0,0,0,0,0,0,0,0,0,5,0
1774,46,0,1,0,0,0,0,2,0,0,3,0,4,1,2,0,1,4,2,13,19,0,0,1,0,0,0,0,0,0,1,5,0,1,5,0,0,0,0,0,0,0,3,1,2,0,0,4,0,1,0,1,0,4,0,0,0,0,0,0,0,1,0,0,1,0,3,0,3,1,3,0,0,0,0,2,8,0,4,1,0,2,0,0,0,0,0,2,0,10,0,6,1,0,4,1,0,11,0,0,0,0,0,0,0,0,3,53,1,2,0,0,1,1,0,0,5,9,0,1,0,0,0,0,0,0,1,6,0,3,10,15,0,3,0,2,1,4,2,3,4,1,2,2,0,0,1,4,1,3,2,0,0,1,0,0,0,1,2,0,0,0,0,0,4,0,0,0,0,1,2,0,0,0,0,1,0,1,0,0,1,0,0,0,2,0,0,0,1,0,0,0,0,1,0,0,0,0,0,0,12,0
1775,46,0,0,0,0,0,0,5,0,0,4,0,1,2,4,0,0,3,4,4,17,0,0,0,0,1,0,0,2,0,1,8,0,0,5,1,0,0,2,0,0,0,5,0,3,1,0,7,0,0,0,3,0,4,0,0,0,0,0,0,0,0,2,0,0,1,1,2,1,0,1,0,0,0,1,0,1,0,4,1,0,5,1,0,0,1,0,7,2,22,1,3,0,0,8,1,0,14,1,1,0,0,0,0,0,0,3,61,4,1,0,1,0,1,0,0,22,0,0,0,0,3,0,0,0,0,0,3,0,8,10,16,3,1,1,2,3,3,3,0,7,1,1,2,0,0,1,1,1,5,2,1,0,3,1,0,0,0,3,0,0,0,0,1,4,0,1,0,0,1,0,0,0,0,0,0,1,0,0,0,0,2,0,1,1,0,0,0,1,0,0,0,0,0,0,0,0,0,2,0,5,0
1776,29,0,0,0,0,0,1,6,0,0,1,0,1,1,6,0,1,1,2,5,5,0,0,0,0,1,0,0,0,0,1,5,0,0,7,0,0,0,2,0,0,0,3,3,1,5,0,2,1,0,0,13,0,3,1,0,0,0,0,0,0,2,1,0,3,0,0,0,4,1,2,0,0,0,0,2,3,0,2,3,0,3,0,1,0,1,0,12,0,23,0,2,3,0,6,1,0,6,0,0,1,0,1,0,0,0,1,67,1,0,0,0,0,1,0,0,25,5,0,0,0,2,0,0,0,1,0,4,2,3,11,10,3,1,0,0,2,4,1,1,6,2,4,1,2,0,3,1,0,2,1,0,0,0,0,0,0,0,2,0,0,0,0,0,2,1,1,0,0,0,1,1,0,0,0,1,0,0,1,0,0,1,0,1,6,0,3,0,1,1,1,0,0,0,0,0,0,0,1,0,13,0
1777,18,1,0,0,0,0,0,7,0,0,1,0,6,1,8,0,2,2,2,3,8,1,0,0,0,0,0,1,0,1,4,5,0,2,2,0,0,2,2,0,0,0,3,0,2,0,0,8,0,0,0,2,0,4,0,1,0,0,0,0,0,3,1,0,0,0,0,2,4,0,4,0,0,0,0,0,2,0,1,4,0,2,1,1,0,0,0,10,3,17,0,3,1,0,8,1,0,11,0,0,0,0,0,0,0,0,1,49,1,1,1,1,1,0,2,0,21,7,0,4,0,1,0,0,0,1,0,4,0,3,23,21,0,4,0,2,1,2,2,1,1,4,1,1,0,0,0,0,0,6,1,0,0,0,0,0,0,0,0,0,0,0,0,0,1,0,1,0,0,0,0,1,0,0,0,0,0,1,0,0,0,1,0,0,2,0,1,0,0,1,0,0,0,0,0,0,0,0,1,0,8,0
1778,28,1,0,0,1,0,1,8,0,0,2,0,1,2,2,0,1,1,1,6,10,0,0,0,1,0,0,1,0,0,7,9,0,2,2,1,0,0,0,0,0,0,2,1,0,0,0,2,0,0,0,2,0,5,0,1,0,0,0,0,0,2,2,0,1,1,1,0,7,0,1,0,0,1,0,0,2,0,2,3,0,0,0,0,0,1,0,5,2,13,0,13,0,0,4,1,0,12,0,0,2,0,0,0,0,0,1,53,1,3,0,1,1,0,0,0,1,2,2,0,0,1,0,2,0,0,2,1,0,1,15,19,0,1,5,2,2,1,3,1,0,2,2,0,1,0,2,0,1,5,0,0,0,1,0,1,0,0,1,0,0,0,0,1,1,0,1,0,0,0,0,0,0,0,0,0,1,0,0,0,1,2,0,0,1,0,0,0,0,0,2,0,0,0,0,0,0,0,1,0,6,0
1779,28,0,0,0,0,0,0,2,0,0,1,0,1,1,1,0,0,2,0,11,13,0,0,0,1,0,0,0,0,4,2,15,0,0,8,0,0,0,2,0,0,0,0,0,3,0,0,0,1,0,0,0,0,2,0,2,0,0,0,0,0,0,1,0,2,2,1,3,3,1,1,0,0,1,0,0,3,0,0,0,0,1,0,0,1,1,0,3,0,15,0,4,1,0,7,0,0,8,0,0,0,0,0,0,0,0,1,49,1,2,0,0,0,0,0,0,0,4,0,1,1,3,0,1,0,1,0,2,0,6,5,15,2,3,0,1,2,5,2,1,1,7,1,0,0,0,1,2,0,2,1,0,0,0,0,0,0,1,0,0,0,0,0,1,2,0,0,0,0,0,0,0,0,0,0,0,0,0,0,0,1,0,0,0,1,0,1,0,0,0,0,0,0,0,0,0,0,0,2,0,6,0
1780,34,0,0,0,0,0,0,3,0,0,1,0,4,0,5,0,1,2,4,5,16,0,0,0,0,1,0,2,1,1,4,6,0,0,2,1,0,0,0,1,0,0,0,0,1,0,1,7,0,0,0,0,0,3,0,0,0,0,0,0,0,1,0,0,1,2,0,0,2,0,1,0,0,0,0,1,1,0,2,1,0,2,1,0,0,1,0,9,1,13,0,2,0,0,2,3,0,6,1,1,0,0,1,0,0,0,3,54,2,3,0,0,1,1,2,0,4,6,1,1,0,1,0,0,0,1,0,2,0,1,14,11,0,3,3,1,0,2,2,1,0,0,1,0,1,0,1,1,0,2,0,2,0,1,0,0,0,1,0,0,0,0,0,1,1,0,2,0,0,0,1,0,0,0,0,0,0,1,0,0,2,2,0,0,6,2,0,0,0,0,0,0,0,0,0,0,0,0,1,0,6,0
1781,25,0,0,0,0,0,1,3,0,2,1,0,2,3,2,0,2,2,0,6,13,0,1,0,0,0,0,0,0,1,2,5,0,1,6,0,0,0,4,0,1,0,0,1,1,0,0,2,1,0,0,1,0,0,0,0,0,0,0,0,0,0,0,0,2,0,1,1,1,0,3,2,0,4,3,0,3,0,2,1,0,6,0,0,0,3,0,8,0,18,0,4,1,0,6,5,1,6,0,1,0,0,0,0,0,0,2,64,1,4,0,0,0,1,1,0,4,7,0,1,0,1,0,0,0,0,0,3,0,1,19,16,2,2,2,6,2,3,2,0,3,1,4,0,1,0,3,1,0,0,0,0,0,1,1,0,0,1,0,0,0,0,0,0,0,0,1,0,0,0,0,0,0,0,0,0,1,0,0,0,0,0,0,0,2,0,0,0,0,0,0,0,0,0,0,0,1,0,2,0,8,0
1782,35,2,0,0,0,0,0,4,0,0,1,0,2,0,2,0,3,4,4,6,10,1,1,0,0,0,0,0,1,2,4,4,0,0,4,0,0,0,2,0,1,0,1,0,3,1,0,4,0,0,0,0,0,2,0,0,0,0,0,0,0,1,0,0,0,1,2,0,1,0,0,1,0,2,0,0,2,0,0,1,0,2,1,0,0,0,0,3,2,6,0,3,1,0,6,1,1,7,0,0,0,0,0,0,0,0,1,69,3,0,0,0,1,2,0,0,0,9,0,1,0,0,1,1,0,0,1,1,0,1,11,17,1,5,3,1,1,2,2,0,3,0,1,1,0,0,3,0,0,1,3,0,0,0,0,0,0,0,0,0,0,0,0,0,1,0,1,0,0,1,1,1,0,0,0,0,1,0,0,0,1,0,0,0,1,0,1,0,1,0,0,0,1,0,0,0,0,0,0,0,6,0
1783,70,0,1,0,0,0,1,11,0,1,3,1,1,3,5,0,6,6,5,5,25,0,0,0,0,0,0,1,0,3,2,11,0,1,4,2,1,1,5,0,2,0,2,0,1,1,0,6,2,0,0,0,0,6,0,0,0,0,0,0,0,1,1,0,0,0,0,0,5,1,6,0,0,1,1,0,2,0,1,6,0,1,1,0,1,1,0,3,2,20,0,0,1,0,6,0,2,10,0,1,0,0,0,0,0,0,1,77,1,1,0,0,1,1,0,0,3,4,0,0,0,3,2,0,0,2,0,4,0,5,10,20,4,2,1,1,1,1,3,2,4,5,8,2,0,0,1,1,0,2,1,0,0,0,0,0,0,3,0,0,0,0,0,1,2,0,0,0,0,1,0,0,0,0,0,0,1,0,0,13,0,0,0,1,2,0,0,0,0,1,1,0,2,0,0,0,0,0,0,1,7,0
1784,44,0,1,0,0,0,0,3,0,0,19,0,3,4,6,0,4,6,2,5,17,0,0,0,0,2,0,0,0,1,3,5,0,1,1,0,0,0,2,1,0,0,1,0,1,1,1,3,0,0,0,0,0,4,0,0,0,0,1,0,0,1,5,0,0,0,0,1,10,0,1,1,0,0,0,4,4,0,0,2,0,3,0,1,0,0,0,5,1,10,0,3,2,0,9,0,0,6,0,1,0,0,0,0,0,0,1,65,0,2,0,1,3,2,0,0,5,4,0,6,0,4,0,1,0,0,0,1,0,4,21,17,2,2,0,4,2,6,5,1,1,2,0,0,0,0,2,0,0,3,2,0,0,1,0,0,0,0,1,0,0,0,0,1,0,0,0,0,0,0,1,0,0,0,0,0,2,0,0,25,0,0,0,1,2,0,1,0,0,0,1,0,0,0,0,0,0,0,0,0,5,0
1785,47,0,2,0,0,0,1,3,0,1,7,0,4,2,5,0,6,3,6,5,30,1,0,0,0,0,0,0,0,1,0,6,0,1,6,1,0,1,1,0,0,0,5,1,2,0,0,5,1,0,0,0,0,3,1,0,0,0,0,0,0,1,5,0,0,2,1,1,6,4,9,0,1,3,2,2,0,0,1,3,0,2,1,1,1,0,0,4,1,14,0,1,0,0,5,3,0,10,0,0,1,0,0,0,0,0,3,70,2,3,0,0,2,1,1,0,2,4,0,5,0,2,0,1,0,1,1,5,0,6,22,12,2,2,2,5,1,8,6,1,3,4,2,0,1,0,4,1,0,4,1,2,0,1,0,0,1,2,2,0,0,0,0,2,4,0,1,0,0,0,0,0,0,0,0,0,0,0,0,4,0,0,0,0,1,1,0,0,0,0,0,0,0,0,0,0,0,0,0,0,7,0
1786,49,0,1,0,0,0,0,3,0,0,4,0,3,2,4,1,3,1,11,12,18,0,0,0,0,0,0,0,0,2,1,5,0,1,11,2,0,1,6,1,1,0,0,1,3,0,0,14,0,0,0,0,0,6,0,0,0,0,0,0,0,0,3,0,1,0,2,0,3,2,5,0,1,1,2,3,5,0,0,2,0,3,0,1,0,1,0,9,1,27,0,2,1,0,45,1,0,10,0,1,0,0,0,0,0,0,4,56,0,5,0,1,1,3,0,0,2,9,0,1,0,0,0,0,0,1,0,4,1,5,15,17,7,4,1,3,0,6,4,1,7,2,1,0,2,0,3,2,0,3,0,2,0,2,0,0,0,0,0,0,0,0,0,1,3,0,0,0,0,1,0,0,0,0,0,0,1,0,0,6,0,0,0,0,0,1,2,0,0,0,0,0,1,0,0,0,0,0,1,0,9,0
1787,74,0,1,0,0,0,2,3,0,0,2,0,1,4,4,1,5,6,2,7,28,1,0,1,0,0,0,0,1,0,4,12,0,0,8,2,0,0,3,0,3,0,3,1,4,1,2,7,0,0,0,0,0,3,0,1,1,0,0,1,1,1,5,1,1,1,0,0,2,1,8,0,0,3,3,6,4,0,2,7,0,1,1,0,0,2,0,5,1,13,0,18,3,0,5,0,0,11,1,0,1,0,0,0,0,0,3,67,2,6,1,0,2,1,0,0,9,5,1,0,1,3,0,2,0,0,1,2,0,4,23,28,2,6,2,4,2,11,4,2,3,3,0,3,1,0,2,1,1,2,0,1,0,0,0,0,0,1,1,0,0,0,0,2,0,0,3,0,0,0,0,2,0,0,0,0,1,0,0,0,0,1,0,2,6,0,1,0,0,1,1,0,0,0,0,0,0,0,2,1,14,0
1788,67,2,1,0,0,0,2,5,0,0,4,0,8,3,3,1,6,8,8,20,28,1,0,0,0,1,0,0,0,3,5,7,0,0,9,5,0,2,3,0,1,0,4,1,2,1,2,9,1,1,0,0,0,4,0,0,0,0,0,0,0,0,6,0,3,0,2,1,3,0,7,0,0,5,3,11,2,0,1,8,0,13,1,2,0,0,0,5,1,28,1,9,1,0,10,2,1,9,0,1,3,0,1,0,0,0,4,56,3,2,0,0,1,1,0,0,4,6,0,0,0,8,1,0,0,0,4,2,1,5,15,27,6,3,2,11,0,8,4,1,8,5,1,0,2,0,4,1,0,4,2,0,0,1,0,0,0,1,1,0,0,0,0,2,0,0,6,1,0,2,0,0,1,0,0,1,1,0,0,1,1,0,0,1,5,0,0,1,1,0,0,0,0,0,0,0,0,0,2,6,10,0
1789,59,3,0,0,0,0,0,5,0,2,4,1,1,1,4,0,3,2,8,17,30,0,0,0,1,0,0,0,0,3,4,11,0,1,55,6,0,2,4,0,1,0,1,1,3,0,1,8,1,3,0,1,2,4,0,0,0,0,0,0,0,1,3,0,2,2,0,2,2,1,5,0,0,4,3,6,4,1,5,3,0,14,1,2,0,3,0,4,0,13,1,12,0,0,2,0,1,8,1,0,1,0,0,0,0,0,3,65,1,0,0,0,1,1,1,0,6,6,1,1,0,7,1,1,0,1,2,9,0,5,11,27,7,4,0,5,2,5,5,0,2,6,3,0,2,0,1,2,0,3,0,1,0,1,0,0,0,0,2,0,0,0,0,2,2,1,6,0,0,0,1,0,0,0,0,0,0,0,0,2,0,1,0,0,4,0,0,0,0,0,0,0,0,0,0,0,0,0,3,0,7,0
1790,64,1,1,0,0,0,0,8,0,0,2,1,10,1,4,0,12,7,8,15,31,0,0,0,0,2,0,1,1,4,2,16,0,4,37,1,0,0,0,1,1,0,2,0,3,0,2,7,3,5,0,0,0,3,0,0,0,0,0,0,0,2,6,0,1,0,2,3,1,6,4,0,1,4,0,1,4,0,2,4,0,3,5,1,0,2,0,6,3,19,0,8,2,0,5,2,0,15,0,1,2,0,0,0,0,0,4,68,0,3,0,1,1,3,0,0,4,5,0,0,0,7,0,1,0,0,2,3,0,6,16,27,7,6,1,3,2,5,4,0,2,4,1,0,2,0,6,3,0,0,1,0,0,0,0,0,0,1,3,0,0,0,0,3,0,0,2,0,0,0,1,1,0,1,0,0,0,0,0,0,0,1,0,0,5,3,1,0,1,0,1,0,0,0,0,0,0,0,1,1,8,0
1791,76,0,3,0,0,0,0,4,0,0,4,0,2,2,6,0,3,3,15,26,37,0,0,1,0,0,0,0,0,2,3,21,0,1,26,0,0,1,2,0,2,0,0,0,3,0,0,6,1,1,0,1,0,6,0,0,0,0,0,0,0,1,7,1,0,0,2,1,5,6,6,0,1,2,3,2,0,0,14,2,0,6,1,2,0,1,0,9,1,32,0,18,0,0,9,1,1,13,1,0,0,0,1,0,0,0,8,79,2,0,0,3,3,1,0,0,7,3,0,4,0,3,1,0,0,1,0,6,0,5,19,32,5,1,1,3,1,2,3,1,4,1,2,1,0,0,2,1,0,7,3,1,0,0,0,0,1,1,1,0,0,0,0,1,1,0,3,1,1,1,0,1,0,0,0,0,0,0,0,0,1,3,0,0,2,0,0,0,0,0,0,0,1,0,0,0,0,0,2,1,13,0
1792,119,1,0,0,0,0,0,6,1,1,2,0,11,2,5,0,2,8,8,16,39,0,0,0,0,0,0,1,0,3,5,10,0,1,28,1,0,0,7,0,0,0,2,0,0,1,1,9,1,1,0,1,1,3,0,0,0,0,0,0,0,0,3,0,0,0,0,3,2,3,5,0,0,6,3,4,5,0,20,5,0,4,0,0,0,0,0,11,0,36,0,22,1,0,2,1,1,23,0,1,0,0,0,0,0,0,4,68,2,1,0,0,4,1,2,0,5,5,0,2,0,5,0,1,0,1,3,8,0,9,17,32,11,4,2,6,1,2,2,1,3,2,1,1,0,0,3,3,0,9,0,2,0,2,2,0,0,2,1,0,0,0,0,0,2,0,1,1,1,4,1,2,0,0,0,0,3,0,0,0,1,1,0,2,4,1,0,1,1,0,2,0,0,1,0,0,0,0,1,0,11,0
1793,110,0,0,0,0,0,0,1,0,0,2,1,8,2,5,0,3,13,20,25,44,0,0,0,0,0,0,1,0,3,3,15,0,0,32,2,0,2,1,0,0,0,5,0,2,1,0,5,2,2,0,0,0,4,0,1,0,0,0,0,0,0,6,0,3,1,1,0,2,2,2,2,0,3,2,0,2,0,13,2,0,2,0,0,0,1,0,5,1,31,0,14,2,0,1,0,0,15,1,1,2,0,0,0,0,0,2,64,1,2,0,4,0,3,1,0,9,11,0,0,0,4,1,0,0,1,0,5,1,5,27,34,9,6,1,6,3,4,2,1,4,2,2,1,1,0,2,2,1,18,0,0,0,2,1,0,0,2,0,0,0,0,0,2,3,0,1,0,0,2,1,0,0,0,0,0,2,0,0,2,1,0,0,0,2,1,2,0,0,0,1,1,0,1,0,0,0,0,0,0,9,0
1794,120,0,3,0,0,0,0,7,0,0,3,0,8,15,9,0,5,12,11,32,42,1,0,0,0,1,1,1,1,3,1,17,0,0,56,2,0,2,2,1,0,0,5,0,0,1,0,8,5,3,0,4,0,2,1,0,0,0,0,0,0,0,3,0,1,1,3,1,5,1,3,0,0,1,3,1,8,0,8,1,0,5,1,1,1,1,0,8,0,49,0,30,0,0,3,0,0,14,0,2,1,0,0,0,0,0,1,76,1,1,0,1,1,0,2,0,12,8,0,2,0,10,1,2,0,2,0,5,0,3,16,55,18,5,4,5,1,5,4,1,5,4,3,1,2,0,8,0,0,14,0,0,0,0,0,0,0,1,2,0,0,0,0,2,0,0,0,1,0,1,1,0,0,0,0,0,0,2,0,2,1,0,0,0,1,1,2,0,0,1,1,0,0,0,0,0,0,0,4,1,15,0
1795,136,0,0,0,0,0,0,7,0,1,6,0,9,13,4,0,12,8,18,29,34,0,0,0,0,1,0,0,1,3,5,21,0,0,27,1,0,0,3,0,0,0,1,1,3,1,1,11,3,0,0,1,1,11,0,0,0,0,0,1,0,1,1,0,0,1,7,2,6,2,6,0,0,1,1,0,4,0,8,1,0,1,0,0,0,3,0,4,0,25,0,19,0,1,4,1,3,7,1,2,2,0,0,0,0,0,1,76,3,0,0,1,3,1,3,0,7,13,0,2,0,6,2,1,0,0,0,8,0,6,24,51,21,5,2,6,1,3,5,3,1,2,2,1,1,0,5,1,3,11,4,0,1,1,0,0,0,2,1,0,0,0,0,3,1,0,2,0,0,1,0,2,0,0,0,0,1,0,1,1,0,0,0,1,2,0,0,1,0,0,0,0,0,0,0,0,0,0,1,0,4,0
1796,113,0,1,0,0,0,0,9,1,0,3,0,17,16,8,0,7,12,18,25,46,0,0,0,1,0,0,0,1,3,6,12,0,0,24,1,0,1,2,0,0,0,0,1,1,0,0,7,0,1,0,3,0,8,0,0,0,0,0,1,0,0,3,0,4,0,3,3,4,1,7,0,0,4,2,0,6,0,7,1,0,5,2,0,0,2,0,6,0,19,0,29,0,0,2,4,5,7,2,1,4,0,0,0,0,0,6,64,1,1,0,0,1,1,1,0,13,8,0,3,0,11,1,1,0,1,2,4,0,9,21,40,17,5,2,9,1,4,9,0,3,4,3,1,3,0,1,2,0,6,0,0,0,0,1,0,0,2,1,0,0,0,0,4,0,0,3,0,0,2,2,0,0,0,0,0,1,2,0,0,0,2,0,0,5,1,0,0,0,0,0,0,0,0,0,0,0,0,5,0,10,0
1797,88,0,1,0,0,0,0,4,0,0,0,0,8,10,3,0,3,11,12,30,36,1,0,0,0,0,0,0,0,4,0,28,0,0,26,0,0,0,6,0,1,0,1,0,3,0,0,6,2,1,0,4,1,11,0,0,0,0,0,0,0,0,2,0,1,3,2,3,8,2,4,0,0,5,7,3,3,0,4,1,0,3,3,0,1,0,0,13,0,24,1,23,1,0,2,3,1,4,1,2,4,0,0,0,0,0,3,65,1,0,1,2,2,2,0,0,6,5,0,1,1,9,0,0,0,0,1,3,0,6,23,28,29,4,4,15,2,0,6,2,3,1,2,0,8,0,4,4,0,9,1,0,0,0,0,0,0,3,0,0,0,0,1,4,4,0,5,0,0,2,0,0,0,0,0,0,0,2,0,1,1,1,0,0,2,1,0,0,0,1,0,0,0,0,1,0,0,0,0,0,9,0
1798,99,1,0,0,0,0,0,8,0,0,2,0,5,5,7,0,7,7,12,37,34,0,0,0,1,0,0,1,0,4,3,11,0,1,22,1,0,1,2,0,0,0,0,0,0,3,0,10,4,0,0,1,0,11,0,0,0,0,0,1,0,0,4,2,0,0,2,3,7,1,3,0,1,4,8,1,1,0,0,0,0,1,0,2,0,2,0,10,0,18,0,29,0,0,1,0,3,6,0,4,3,0,0,0,0,1,5,82,2,2,0,0,1,2,0,0,13,7,0,1,0,11,1,0,0,0,0,7,0,8,15,37,27,9,3,8,3,2,4,1,3,5,6,1,3,0,2,4,0,11,0,1,0,1,2,0,0,3,1,0,0,0,1,4,4,0,1,0,0,1,1,1,0,0,0,0,0,0,0,0,0,1,0,0,3,2,0,1,0,0,0,0,0,0,0,0,0,0,2,0,9,0
1799,83,1,0,0,0,0,0,6,0,0,1,0,5,2,7,0,5,4,6,25,24,0,0,0,0,0,0,0,0,4,2,7,0,0,10,0,0,2,2,0,0,0,3,0,3,2,0,11,1,1,0,0,0,6,0,0,0,0,0,0,0,0,4,0,1,2,2,3,2,2,6,0,0,2,7,1,6,0,4,4,1,3,0,2,0,3,1,10,1,13,0,24,0,0,2,3,1,8,1,2,1,0,0,0,0,0,5,55,2,3,0,1,3,2,0,1,6,9,0,1,0,8,1,0,1,2,1,7,0,6,22,46,15,11,5,8,2,3,4,1,6,1,4,1,2,0,5,3,1,14,0,0,0,1,0,0,0,3,0,0,0,0,0,6,2,0,3,0,0,2,3,3,2,0,0,0,0,0,0,0,1,2,0,0,2,1,0,0,0,0,2,0,1,0,0,0,0,0,2,0,6,0
1800,150,1,1,0,0,0,0,25,0,0,2,2,13,6,16,0,4,17,13,28,31,1,0,3,1,0,0,0,3,3,5,9,0,1,18,1,0,1,3,1,0,1,14,1,1,1,4,34,8,1,0,0,0,11,0,0,0,0,0,0,0,5,29,1,2,4,13,10,9,5,14,0,0,1,2,2,13,0,3,4,0,2,2,1,0,9,0,15,0,31,0,49,1,0,9,3,1,16,4,2,0,11,0,0,0,0,47,967,10,5,0,7,15,7,9,0,32,12,1,4,1,15,2,31,0,3,2,47,2,21,55,103,17,24,4,15,4,3,3,0,8,10,9,2,4,1,7,2,0,5,1,1,0,1,0,0,0,3,0,0,0,0,0,6,9,0,1,2,0,3,0,1,1,0,0,0,2,0,0,3,2,0,0,1,18,7,4,0,0,3,1,0,0,0,1,0,0,0,2,2,17,0
1801,59,0,1,0,0,0,0,8,0,0,0,0,2,4,8,0,3,6,3,3,2,1,0,0,0,0,0,0,1,1,5,12,0,0,14,1,1,2,2,0,1,0,1,0,2,1,3,10,3,0,0,0,0,6,0,0,0,0,0,1,1,0,6,1,2,3,2,1,2,0,2,0,0,1,0,0,5,0,0,3,0,0,1,2,1,6,0,7,0,10,0,11,1,0,5,0,1,6,1,2,0,0,0,0,0,0,4,76,2,2,1,1,1,0,0,0,9,8,0,2,0,2,0,2,0,1,5,9,1,7,22,28,10,7,0,11,1,4,2,5,4,1,1,2,2,0,4,6,0,7,0,2,0,0,0,1,0,8,0,0,0,0,0,2,4,1,1,0,0,1,1,0,0,0,0,1,0,2,0,0,1,1,0,0,4,1,0,0,0,0,0,0,0,0,0,0,0,0,2,0,7,0
1802,63,1,1,0,0,0,0,4,1,1,2,0,2,0,8,0,1,6,1,10,7,0,0,0,0,1,0,0,2,1,4,14,0,0,16,1,0,1,3,1,0,1,5,2,2,0,0,3,2,0,0,0,1,4,0,1,0,0,0,0,0,2,7,9,0,0,0,0,0,5,3,1,0,2,1,1,4,0,1,5,0,3,0,0,1,5,0,4,0,17,0,15,0,0,3,0,1,10,0,1,0,0,0,0,0,1,7,101,3,0,0,1,2,3,0,0,9,10,0,2,0,7,0,5,0,3,1,12,0,3,26,31,7,2,3,5,4,3,2,6,6,2,2,2,1,0,3,6,1,7,1,3,0,1,0,0,0,3,5,0,0,0,0,3,4,0,4,0,0,1,0,1,0,0,0,0,0,1,0,5,1,1,0,0,2,1,1,0,0,0,0,0,0,0,0,0,0,0,1,0,13,0
1803,63,0,1,0,0,0,0,13,0,0,4,2,5,1,11,0,2,7,3,10,19,0,0,3,0,1,0,2,2,4,2,14,0,1,18,1,1,0,4,0,0,0,3,0,4,1,1,10,3,0,0,0,0,2,0,1,0,0,0,0,0,2,2,1,3,1,0,0,0,0,2,0,0,3,0,0,2,0,3,4,0,0,1,1,1,2,0,13,0,23,0,16,0,0,2,0,0,10,2,0,0,0,0,0,0,0,5,120,1,3,0,1,1,5,3,0,15,7,0,2,0,6,0,1,1,0,2,9,0,10,30,40,3,4,3,10,2,2,4,2,3,6,1,1,2,0,1,5,1,9,2,1,0,0,0,0,0,5,1,0,0,0,0,2,4,0,6,0,1,0,0,1,0,0,0,0,1,0,0,2,0,2,0,0,8,1,0,1,0,0,0,0,0,0,0,0,0,0,1,0,9,0
1804,55,1,1,0,0,0,0,4,0,0,2,0,4,4,4,0,5,5,5,4,8,1,0,0,0,0,0,1,0,3,1,18,0,1,13,2,1,2,3,0,1,0,2,2,3,0,0,7,1,0,0,0,1,5,0,1,0,0,0,1,0,7,3,2,0,1,1,1,2,1,1,0,0,1,1,1,2,0,1,4,0,0,0,0,0,2,0,8,0,15,0,8,0,0,5,0,0,9,1,0,2,0,0,0,0,0,1,120,1,4,0,3,2,2,0,0,14,11,0,1,0,1,0,0,0,1,2,5,0,8,18,38,4,1,0,8,1,5,2,2,5,2,3,1,1,0,6,4,1,8,0,0,0,3,1,0,0,2,1,0,0,0,0,4,3,0,3,0,0,0,0,0,0,0,0,0,1,0,0,2,0,3,0,0,5,0,0,0,0,2,1,0,0,0,0,0,0,0,0,0,9,0
1805,52,1,3,0,0,0,0,12,0,1,4,0,4,1,7,0,1,11,5,3,20,0,0,2,1,0,0,1,0,2,6,15,0,0,6,1,0,0,4,1,0,0,2,1,1,1,0,6,3,1,0,0,0,3,0,0,0,0,0,0,0,1,5,1,2,2,1,1,5,3,1,1,0,0,0,0,4,0,4,2,0,1,1,0,0,3,0,14,0,12,0,16,0,0,4,0,0,13,0,1,0,0,0,0,0,0,5,128,0,0,1,2,5,1,1,0,11,4,0,1,1,3,0,2,0,0,0,9,1,4,23,48,9,4,0,4,0,3,1,1,2,4,4,0,1,0,4,3,0,9,0,0,0,1,1,0,0,4,1,0,0,0,0,4,4,0,3,0,0,0,0,0,0,0,0,0,1,1,0,0,0,0,0,0,4,0,0,0,0,0,1,1,0,1,0,0,0,0,1,0,8,0
1806,87,0,4,0,0,0,1,4,0,0,2,0,5,3,7,2,1,3,5,10,13,1,0,0,1,3,0,0,1,1,7,17,0,0,27,0,0,1,0,1,1,0,2,0,2,0,0,15,0,0,0,1,1,7,0,0,0,0,0,0,0,0,3,0,2,1,3,1,5,0,2,0,1,1,0,0,3,0,2,1,0,1,1,0,0,1,1,52,1,29,0,16,0,0,5,0,0,6,1,2,0,0,0,0,0,0,3,91,0,4,0,0,3,2,1,0,18,13,0,1,1,2,0,1,0,2,4,7,1,12,26,56,9,0,2,9,3,3,5,1,2,5,1,0,4,0,2,3,0,11,0,0,0,1,0,0,0,2,1,0,0,0,0,6,5,0,1,0,0,0,0,0,0,0,0,0,0,0,0,0,0,1,0,0,1,1,2,0,1,0,3,0,1,1,0,0,0,0,0,0,13,0
1807,49,0,2,0,0,0,0,6,1,0,3,0,3,1,5,0,2,10,3,11,19,0,0,0,0,0,0,1,0,2,3,21,0,0,24,1,0,1,2,0,0,0,9,1,3,1,0,13,0,1,1,0,0,10,0,0,0,0,0,2,0,0,1,0,2,0,0,1,4,2,0,0,0,0,1,2,2,0,1,4,0,0,1,1,0,1,0,20,0,31,0,18,0,0,2,2,0,11,0,0,4,0,0,0,0,0,12,102,1,2,0,1,3,4,0,0,20,2,1,3,1,2,1,7,0,4,2,3,0,4,20,44,12,4,2,8,1,2,3,2,2,4,7,1,1,0,5,5,0,5,2,2,0,1,0,0,0,6,1,0,0,0,0,8,2,1,0,0,0,3,1,0,0,0,0,0,0,1,0,3,0,1,0,1,4,0,3,0,0,0,0,0,0,0,0,0,0,0,2,0,7,0
1808,85,0,2,0,0,0,1,7,0,0,3,0,3,2,5,1,5,7,2,7,19,1,0,0,0,1,0,0,0,1,3,18,0,0,11,1,0,1,4,0,0,0,2,1,13,0,0,12,1,0,0,1,0,7,0,0,0,0,0,1,0,0,6,0,1,1,1,2,6,1,0,0,0,2,1,2,1,1,0,2,0,2,0,1,0,5,0,4,1,26,0,33,1,0,9,1,0,6,0,0,0,0,0,0,0,0,1,93,0,7,0,0,5,3,3,0,20,4,0,2,0,6,0,4,1,1,3,8,0,7,27,53,2,3,5,7,5,6,3,0,3,3,4,4,2,0,2,1,1,11,2,2,0,0,0,0,0,2,2,0,0,0,0,8,6,1,1,0,0,2,0,2,0,0,0,0,0,0,0,1,0,0,0,1,3,1,2,0,0,1,0,1,1,0,0,0,0,0,1,0,8,0
1809,61,1,1,0,0,0,1,7,0,0,0,2,6,4,4,0,2,5,4,9,12,0,0,0,0,0,0,2,1,1,7,28,0,2,13,1,0,1,1,0,0,0,2,0,4,1,0,3,2,0,0,0,0,6,0,0,0,0,0,0,0,3,3,0,0,1,1,1,4,2,0,0,0,0,0,2,1,0,3,0,0,0,0,0,0,0,0,7,0,26,1,14,0,0,10,0,1,3,0,0,0,0,1,0,0,0,2,65,0,0,0,0,7,4,0,0,22,5,1,2,0,3,0,2,0,2,3,3,0,9,21,45,5,4,3,4,5,5,2,6,1,2,3,2,2,0,3,4,0,7,0,1,0,1,0,0,0,1,6,0,0,0,0,2,3,0,1,0,0,2,1,1,0,0,0,0,0,1,0,0,0,3,0,0,3,1,4,0,1,1,1,0,0,0,0,0,0,0,0,0,6,0
1810,78,0,1,0,0,0,0,3,0,0,2,0,2,4,7,1,4,4,10,9,26,1,0,1,0,2,0,1,0,7,5,20,0,1,6,4,1,0,3,0,0,0,2,1,5,1,0,9,1,3,0,0,1,1,0,0,0,0,0,0,0,4,5,0,0,1,0,2,4,9,1,0,0,1,0,0,5,0,0,5,0,2,0,1,0,1,0,10,0,24,0,25,0,0,16,2,2,7,2,0,2,1,3,0,0,0,6,85,1,4,3,3,0,5,3,0,27,6,0,2,0,6,0,4,0,2,2,7,0,14,16,142,9,6,5,9,5,5,2,1,2,5,4,0,0,0,6,0,0,8,2,1,0,0,0,1,0,3,1,0,0,0,0,1,1,1,3,0,0,0,3,0,0,0,0,0,0,0,0,0,0,2,0,1,7,2,1,0,0,0,0,0,1,0,0,0,0,0,2,0,8,0
1811,77,0,0,0,1,0,0,3,0,0,1,0,5,1,8,0,5,15,8,10,16,0,0,0,0,0,0,0,2,4,7,19,0,0,4,2,0,0,2,0,0,0,0,3,5,0,1,10,3,0,0,1,0,5,0,0,0,0,0,0,0,2,2,0,2,1,0,2,3,11,0,0,0,0,1,1,4,0,1,2,0,1,0,0,0,2,0,6,0,28,0,19,2,0,12,0,1,9,0,2,2,0,0,0,0,0,5,83,0,1,1,5,4,2,0,0,16,7,0,2,1,5,1,3,0,1,1,6,0,4,17,56,8,4,2,8,3,1,2,1,1,5,4,2,0,0,2,3,2,7,1,3,0,1,0,0,0,3,2,0,0,0,0,4,3,0,4,0,0,0,0,1,0,0,0,1,0,3,0,1,0,0,0,0,3,0,1,0,0,0,0,0,0,0,0,0,0,0,1,0,10,0
1812,103,0,0,0,0,0,2,2,0,0,3,0,2,1,3,0,3,8,4,9,20,0,0,0,1,1,0,1,0,2,2,21,0,0,7,0,1,1,4,0,0,0,5,0,2,1,2,8,0,0,0,0,0,9,0,0,0,0,0,0,0,2,5,0,0,0,1,0,3,3,1,0,0,1,1,1,1,0,1,3,0,5,1,1,0,4,0,8,0,37,0,18,2,0,3,0,0,5,2,1,1,0,0,0,0,0,3,91,1,2,0,0,2,2,1,0,13,4,1,1,0,6,0,3,0,0,2,10,0,11,22,27,10,4,3,9,3,0,4,0,2,7,2,3,4,0,6,4,2,2,3,0,0,1,1,0,0,1,0,0,0,0,0,3,1,1,0,0,0,1,0,1,0,0,0,0,1,0,0,3,1,1,0,0,5,1,1,0,1,0,1,0,0,0,0,0,0,0,0,0,14,0
1813,74,0,3,0,0,0,0,2,0,0,8,1,13,3,2,0,7,6,6,9,25,0,0,0,0,0,1,1,0,4,5,27,0,0,10,3,1,3,7,0,0,0,3,4,1,0,0,8,1,1,0,0,0,3,0,0,0,0,0,0,0,2,1,0,0,1,2,0,4,2,0,0,0,1,0,0,4,0,0,3,0,1,0,1,0,2,0,6,0,23,0,16,0,0,6,0,0,9,3,0,0,0,1,0,0,0,6,88,0,2,0,1,5,0,0,0,20,7,0,3,0,5,2,6,0,3,0,9,0,7,24,48,14,2,2,8,3,3,0,2,3,2,3,0,2,0,6,5,0,5,2,0,0,2,0,0,2,0,1,0,0,0,0,2,1,0,4,0,0,1,1,0,0,0,0,0,0,0,0,0,0,1,0,1,2,0,1,0,1,0,0,0,0,0,0,0,0,0,0,2,6,0
1814,89,0,0,0,0,0,0,3,0,0,1,0,2,3,7,0,4,10,4,12,17,1,0,0,0,0,0,0,0,1,4,15,0,0,43,1,0,1,8,0,1,0,3,2,2,0,0,9,1,1,0,1,0,4,0,0,0,0,0,0,0,1,3,0,0,1,3,0,2,1,4,0,0,1,0,0,4,0,2,4,0,0,0,0,0,1,0,9,1,23,0,13,0,0,3,0,1,5,0,1,0,0,2,0,0,0,5,77,1,2,0,1,3,1,0,0,24,13,0,0,1,7,1,5,0,0,4,6,0,16,19,51,8,5,3,10,2,2,3,1,2,10,3,1,0,0,1,1,0,2,1,1,0,0,0,0,0,0,2,0,0,0,0,3,0,1,2,0,0,2,1,0,0,0,0,0,0,0,0,1,0,2,0,0,4,0,2,0,2,0,0,0,0,0,0,0,0,0,1,0,13,0
1815,75,0,1,0,0,0,0,7,0,0,4,1,5,4,9,0,4,10,5,11,21,0,0,0,0,1,0,0,1,0,5,17,0,0,31,0,1,2,3,0,0,0,4,3,3,2,0,13,3,0,0,0,0,8,0,1,0,0,0,0,0,3,4,0,2,1,0,1,3,4,0,0,0,2,2,0,6,0,0,0,0,5,1,2,0,4,1,7,0,19,0,17,1,0,4,0,0,10,1,0,1,0,0,0,0,0,4,58,1,5,0,2,2,0,0,0,29,5,3,2,0,2,0,9,0,1,0,6,0,6,22,86,8,8,0,6,1,2,4,1,3,1,4,0,1,0,2,3,1,10,1,1,0,1,1,0,0,1,1,0,0,0,0,4,4,0,1,0,0,1,0,0,0,0,0,0,1,0,0,0,0,3,0,3,4,2,1,0,1,1,1,0,0,0,0,0,0,0,0,0,9,0
1816,65,1,0,0,0,0,0,4,1,1,2,0,1,2,6,0,6,8,3,8,17,0,0,0,0,0,0,2,2,3,4,23,0,0,40,1,1,1,9,2,0,0,2,2,1,0,0,8,3,0,0,1,0,7,0,1,0,0,0,1,0,2,3,1,0,0,0,0,4,2,2,0,0,2,3,2,3,0,0,6,0,4,2,0,1,6,0,11,0,19,0,23,0,0,2,1,0,9,0,1,3,0,0,0,0,0,8,73,0,7,1,3,6,2,0,0,18,5,1,1,0,7,1,5,0,2,0,6,0,5,13,80,5,4,2,5,1,2,0,5,4,3,6,1,0,0,1,0,2,10,2,1,0,3,0,0,0,2,0,0,0,0,0,0,1,0,1,0,0,2,0,5,0,0,0,0,0,1,0,1,1,3,0,1,2,0,1,0,0,0,0,0,0,1,0,0,0,0,2,1,14,0
1817,72,0,2,0,0,0,0,3,0,0,1,0,12,8,6,0,8,9,5,7,12,0,0,0,0,0,0,0,0,3,10,24,0,0,33,1,0,3,5,0,0,0,3,1,1,0,0,9,9,2,0,0,0,6,0,0,0,0,1,0,0,1,2,0,4,0,3,2,3,6,1,0,0,0,0,1,4,0,1,1,0,7,0,0,2,2,0,17,1,29,0,12,0,1,3,0,3,11,4,1,4,0,1,0,0,0,3,69,1,5,2,3,4,0,1,0,15,7,1,1,0,3,1,4,0,1,0,4,1,5,25,63,5,3,2,9,1,1,2,3,4,10,5,1,0,0,7,5,0,7,0,1,0,0,0,0,0,2,1,0,0,0,0,0,1,0,1,0,0,2,1,1,0,0,0,0,0,0,0,0,0,2,0,0,4,0,0,0,1,0,0,0,0,0,0,0,0,0,0,2,6,0
1818,107,0,2,0,0,0,0,8,0,0,2,0,11,2,8,1,6,9,6,14,31,0,0,0,2,1,0,0,0,0,7,31,0,1,10,1,0,1,8,0,0,0,2,2,4,0,0,16,7,0,0,2,0,15,0,0,0,0,0,1,0,1,8,1,1,2,2,1,2,2,3,1,0,1,1,0,5,0,0,1,0,6,2,2,2,4,0,9,0,42,0,25,4,1,3,0,0,16,5,1,3,0,0,0,0,0,5,71,1,2,1,2,5,2,0,0,26,10,0,1,0,11,1,9,0,3,0,7,0,8,22,59,14,3,1,11,3,1,5,5,1,9,6,0,0,0,5,2,0,10,2,1,0,1,0,0,2,1,3,0,0,0,0,5,3,1,2,3,1,0,1,2,0,0,0,0,0,1,0,0,1,1,0,0,5,0,1,1,0,0,0,0,0,1,0,0,0,0,1,1,12,0
1819,106,1,1,0,0,0,0,5,1,0,5,0,7,4,9,0,4,13,4,15,23,1,1,0,0,1,0,1,1,5,8,26,0,0,22,3,0,2,11,0,0,0,4,0,1,1,2,22,5,2,0,1,0,5,0,0,0,0,0,1,0,3,4,0,4,1,1,2,7,10,4,0,0,0,2,0,6,0,5,0,0,2,0,4,1,1,0,13,1,31,1,38,0,0,3,0,2,11,2,2,0,0,0,0,0,0,4,68,1,2,0,6,1,6,1,0,17,12,0,2,0,8,1,3,0,0,0,12,0,8,19,50,12,3,3,11,1,2,2,4,6,2,4,0,0,0,5,3,0,12,1,2,0,2,0,1,0,0,2,0,0,0,0,4,0,0,1,0,1,1,0,0,0,1,0,0,2,0,0,1,3,2,0,2,6,0,1,1,0,1,0,0,0,0,0,0,0,0,0,0,9,0
1820,155,2,1,0,0,0,1,6,0,0,6,0,5,3,5,0,8,5,3,15,27,0,0,0,0,2,0,0,4,4,15,44,0,2,21,6,0,1,15,1,3,0,1,2,5,3,1,13,6,2,0,0,0,4,0,0,0,0,0,0,0,4,6,0,4,2,1,1,8,2,4,0,0,1,0,0,6,1,1,7,0,2,0,3,0,2,0,14,0,50,1,21,1,0,7,1,3,13,3,1,0,0,1,0,0,0,18,76,1,5,1,3,4,6,2,0,41,8,0,0,0,6,2,6,0,2,3,8,1,11,24,69,11,2,1,16,2,0,0,3,3,6,14,3,2,0,5,2,1,7,2,1,0,1,0,0,0,3,2,0,0,0,0,0,4,0,0,0,0,1,1,2,0,0,0,0,0,0,1,1,0,1,0,1,7,0,3,0,1,0,0,0,0,0,0,0,0,0,1,2,10,0
1821,132,0,2,0,0,0,0,4,1,0,4,0,3,8,3,1,5,11,5,12,32,0,0,0,0,1,0,1,3,7,6,33,0,2,16,2,0,3,10,0,0,0,5,0,6,1,3,7,5,0,0,1,0,4,0,1,0,0,0,0,0,2,6,2,5,0,2,0,3,0,6,0,0,1,2,0,7,0,0,6,0,7,0,1,1,4,0,14,1,16,0,20,3,0,7,0,2,19,1,2,1,0,0,0,0,0,13,69,0,3,1,2,0,6,1,0,20,9,0,4,0,6,1,5,1,2,2,3,0,8,35,47,13,7,5,6,2,5,7,3,4,5,8,2,1,0,3,2,1,7,1,1,0,0,0,0,0,0,3,0,0,0,0,1,3,0,1,0,0,0,1,2,0,0,1,0,0,0,0,2,1,2,0,0,4,0,1,0,0,0,0,0,0,0,0,0,0,1,0,1,11,0
1822,126,1,0,0,0,0,1,7,2,0,1,0,8,3,6,0,10,11,6,3,15,0,0,0,0,1,0,1,2,2,10,30,0,1,16,0,0,3,7,1,0,0,5,3,6,2,1,9,9,1,0,1,0,9,0,1,0,0,0,1,0,2,5,0,4,1,8,1,11,5,0,0,0,1,3,1,6,0,1,0,0,2,0,0,0,2,0,17,1,38,0,39,1,1,5,2,0,18,2,1,2,1,1,0,0,0,10,72,2,4,2,3,3,1,0,0,22,13,0,5,0,4,3,2,0,3,2,14,0,7,25,73,21,6,5,6,1,3,1,9,6,5,10,5,2,0,3,4,0,9,2,0,0,0,0,0,0,4,1,0,0,0,0,2,4,0,1,1,1,2,1,2,1,0,1,0,1,1,0,0,0,0,0,1,14,3,0,0,0,0,0,0,0,1,0,0,0,0,2,0,16,0
1823,83,0,0,0,0,0,0,3,0,0,2,0,4,5,2,0,6,12,8,12,24,0,0,0,0,1,0,1,4,2,6,22,0,0,36,2,0,6,7,3,0,0,2,1,2,3,0,15,6,1,0,0,1,8,0,0,0,0,0,0,0,1,4,0,4,3,3,0,6,6,0,1,1,3,2,4,7,0,3,1,3,6,1,2,0,2,1,11,0,29,1,30,1,1,5,0,1,15,2,0,3,0,2,0,0,1,15,66,2,2,1,4,5,8,2,0,32,14,0,3,0,7,2,3,1,3,2,5,0,20,22,51,16,2,7,7,3,3,5,1,3,4,6,5,1,0,9,3,1,10,4,2,0,0,0,0,0,1,3,0,0,0,0,1,6,1,0,0,0,1,1,2,1,0,0,0,0,2,0,2,1,2,0,0,6,0,0,0,0,0,0,0,0,0,0,0,0,0,0,1,16,0
1824,108,1,0,0,0,0,0,11,0,0,2,0,6,4,5,1,7,5,8,18,25,0,0,0,0,0,0,1,1,3,7,21,0,1,25,0,0,4,10,0,0,0,6,0,5,1,0,14,2,2,0,1,0,14,1,0,0,0,0,1,0,1,5,0,4,1,4,1,9,3,2,0,0,0,0,5,7,0,2,7,2,0,0,1,0,2,0,12,0,40,1,44,3,2,11,1,0,10,0,1,3,0,1,0,0,0,13,70,2,5,1,2,6,8,1,0,47,13,0,1,0,9,2,8,0,2,6,4,0,8,37,74,20,7,2,11,5,2,3,2,7,7,8,4,1,0,4,2,0,9,3,2,0,3,1,0,2,0,2,0,0,0,2,1,1,0,3,0,1,3,0,0,0,0,2,2,2,2,1,3,1,5,0,0,3,0,0,0,1,0,1,0,0,0,0,0,0,0,0,1,9,0
1825,99,0,3,0,0,0,0,5,1,0,3,1,2,4,3,0,4,9,10,15,22,0,0,0,2,0,0,0,3,4,5,32,0,1,35,3,2,5,8,1,0,0,3,0,5,0,0,14,1,2,0,0,1,11,0,1,0,0,0,0,1,0,5,1,5,3,2,4,7,2,1,0,0,1,1,1,0,2,3,3,3,3,0,0,0,2,0,16,0,35,0,32,1,0,8,1,0,21,4,1,1,0,0,1,0,0,12,71,1,4,1,0,3,4,4,0,54,19,0,7,0,11,0,4,0,3,2,5,0,11,32,71,14,9,1,8,7,6,2,4,10,7,8,1,4,0,4,2,1,12,3,1,1,1,1,0,0,4,3,0,1,0,0,3,2,1,4,1,0,6,1,9,0,1,4,2,6,2,0,0,3,4,0,0,9,0,3,0,1,1,0,0,0,0,0,0,0,0,2,2,14,0
1826,159,0,0,0,1,0,0,16,0,0,3,0,4,2,3,0,5,9,2,10,28,4,0,0,0,1,0,1,1,5,7,19,0,0,26,2,0,8,11,1,0,0,12,5,3,1,0,18,2,1,0,2,2,8,0,0,0,0,0,1,0,1,3,0,10,0,2,0,6,7,3,0,0,1,3,3,7,2,3,6,2,4,0,1,0,3,0,12,1,18,0,25,2,2,8,0,2,21,1,4,6,0,0,0,0,0,11,65,1,5,3,1,1,2,0,0,28,12,0,4,0,6,2,7,2,1,3,9,2,13,34,20,23,9,2,18,5,5,2,2,9,3,13,2,0,0,7,3,2,4,3,1,0,0,0,1,0,3,1,0,1,0,0,0,5,1,1,2,1,4,3,8,0,0,1,1,1,0,0,0,0,1,0,1,4,1,0,0,0,1,0,0,0,1,0,0,0,0,1,0,12,0
1827,114,1,3,0,0,0,0,11,2,0,1,0,5,8,7,0,3,9,14,16,28,0,0,0,0,0,0,0,1,6,9,35,0,0,10,3,1,1,2,0,0,0,4,0,3,1,2,20,3,3,0,3,4,9,1,0,0,0,0,0,0,0,4,1,2,3,2,1,4,0,2,0,0,1,3,2,6,0,1,6,0,1,1,2,0,2,1,9,1,17,0,27,0,0,11,0,0,15,2,2,0,0,1,0,0,0,11,51,4,4,0,2,2,1,0,0,59,11,0,7,0,13,0,6,0,5,4,4,1,19,28,36,19,4,3,10,4,2,6,5,6,7,8,3,2,0,6,2,1,1,4,0,0,1,1,0,0,3,1,0,0,0,0,1,4,1,0,2,2,5,0,5,0,0,1,0,0,2,0,3,1,1,0,2,9,1,0,0,0,0,0,0,0,0,0,0,0,0,1,1,14,0
1828,147,1,0,0,0,0,0,6,0,2,7,0,3,3,3,0,4,9,7,19,26,0,0,0,1,2,1,4,5,4,13,27,0,2,23,3,0,7,13,1,1,0,7,1,6,1,0,17,4,4,0,1,2,9,0,0,0,0,0,0,0,2,3,0,4,3,4,3,9,3,3,0,0,2,3,0,5,0,2,4,2,4,2,2,0,6,0,13,0,22,2,20,4,0,11,0,0,22,2,1,2,0,0,0,0,0,7,85,2,2,0,4,2,2,2,0,58,9,1,6,0,18,1,8,0,8,4,8,0,9,14,35,21,6,2,17,5,2,2,6,2,7,12,3,1,0,10,1,1,8,2,0,1,2,0,0,0,2,1,0,0,0,0,1,8,1,3,0,0,1,2,1,1,0,3,1,1,2,0,1,0,2,0,2,13,0,0,0,0,0,0,0,0,0,0,0,4,1,1,1,15,0
1829,112,1,0,0,2,0,0,10,0,0,6,2,3,10,9,0,3,10,11,17,22,0,0,0,0,0,0,3,3,4,9,34,0,2,23,3,1,7,4,1,0,0,10,4,6,1,5,21,4,2,0,0,1,7,0,0,0,0,0,0,1,3,5,0,5,1,3,4,7,2,2,0,0,1,10,0,6,3,2,2,1,1,1,5,1,5,0,12,1,25,0,30,1,0,7,0,2,23,3,1,0,0,4,0,0,0,10,71,1,2,2,0,7,4,1,0,57,21,1,6,1,9,0,7,0,9,6,7,2,4,17,31,15,11,5,6,3,3,4,4,4,9,13,1,2,0,9,4,2,4,1,0,1,1,0,1,0,1,4,0,2,1,0,0,5,0,3,0,0,2,0,1,1,2,1,0,0,1,0,0,1,3,0,1,14,1,0,0,0,0,0,0,0,0,0,0,0,0,1,2,14,0
1830,204,0,1,0,0,0,1,10,0,0,4,1,5,6,4,0,6,15,12,27,35,0,0,0,1,3,0,6,4,4,9,38,0,0,21,3,0,6,7,0,0,0,8,1,4,0,0,14,7,2,1,0,2,13,0,0,0,0,0,2,1,1,12,0,4,1,6,6,9,7,5,0,0,1,15,6,10,1,2,3,0,2,3,0,1,0,0,7,1,28,0,44,2,1,5,2,2,13,7,3,6,1,0,0,0,0,13,66,1,5,0,0,4,4,2,0,53,18,0,5,0,15,2,7,1,7,1,17,2,12,22,38,29,8,4,17,3,5,3,2,5,9,9,3,2,0,3,4,0,11,2,1,0,0,0,0,1,4,0,0,1,0,1,1,3,1,1,1,1,2,1,1,0,0,1,0,4,4,0,1,2,3,0,0,11,0,0,0,0,0,0,0,1,2,0,0,0,1,0,0,21,0
1831,94,0,1,0,0,0,1,6,0,2,4,0,4,6,4,1,7,12,10,33,32,0,0,2,1,1,0,0,3,4,8,23,0,1,20,1,1,3,9,0,0,0,7,1,4,1,2,9,4,3,0,1,3,10,0,0,0,0,0,0,1,0,4,0,1,2,3,6,9,5,1,0,0,2,4,3,12,0,2,6,0,4,1,1,0,4,0,5,1,25,0,40,0,0,2,0,2,17,3,3,8,0,1,0,0,0,12,62,1,6,1,3,3,2,1,0,51,15,2,2,0,11,4,6,0,10,1,9,0,11,12,38,17,4,5,15,5,3,8,6,5,10,9,5,2,0,9,4,0,16,4,0,0,2,0,0,0,2,2,0,0,0,0,0,1,0,3,0,0,1,1,1,0,0,2,0,0,0,0,0,4,5,0,1,7,1,1,0,0,0,0,0,0,0,0,0,0,0,0,0,9,0
1832,157,0,4,0,0,0,1,7,0,0,9,0,3,7,5,0,12,17,13,38,27,0,0,2,1,1,0,1,3,8,7,25,0,0,20,3,0,4,7,2,0,0,6,3,2,2,0,15,3,1,1,2,3,4,1,0,0,0,0,0,0,2,4,1,6,0,3,3,9,13,1,0,0,0,5,2,10,1,2,11,0,3,1,0,1,4,0,8,0,27,1,36,0,1,2,0,4,13,5,1,4,0,0,0,0,1,15,61,3,3,0,2,3,0,2,0,78,12,2,4,2,12,4,18,0,9,2,11,0,8,16,41,24,4,2,8,9,9,2,7,2,7,16,3,1,0,7,5,2,24,3,0,0,3,0,0,0,0,2,0,3,0,0,3,4,2,1,0,0,2,0,3,0,0,1,1,1,1,0,2,1,3,0,2,3,1,0,0,0,2,1,0,0,0,0,0,0,0,0,0,14,0
1833,143,1,0,0,0,0,0,6,0,0,7,0,8,12,6,0,10,25,4,33,45,1,0,0,0,0,0,0,5,3,8,29,0,3,22,3,1,3,9,3,0,0,6,0,4,3,4,24,4,2,0,0,1,11,0,1,0,0,0,0,0,1,2,0,4,3,6,4,15,7,5,0,0,2,3,6,15,0,2,6,0,3,2,4,0,3,0,9,0,18,0,31,1,0,8,2,2,14,5,6,5,0,0,0,0,0,16,65,1,4,1,4,5,3,0,0,77,7,0,5,0,16,1,7,0,3,3,7,1,18,25,30,25,7,2,19,4,6,6,6,4,6,17,2,3,0,11,3,0,6,2,2,0,4,0,0,0,1,4,0,3,3,0,1,9,0,2,1,0,2,0,4,0,1,2,0,0,1,0,0,0,3,0,1,8,1,2,0,0,1,0,0,0,0,0,0,0,0,0,2,7,0
1834,141,0,0,0,0,0,0,5,0,0,12,0,11,5,7,0,9,19,2,15,34,0,0,1,0,2,1,0,0,1,7,31,0,2,20,3,1,1,5,4,1,0,2,1,8,0,1,19,4,3,0,1,0,6,1,0,0,0,0,3,0,1,5,0,3,2,2,5,3,23,3,1,2,1,4,1,12,2,3,4,0,5,0,2,0,6,0,12,0,34,0,54,3,2,7,0,2,19,4,3,6,0,3,0,0,0,18,68,1,9,4,4,3,5,1,0,58,9,0,5,0,8,0,21,0,11,2,10,2,10,20,37,26,8,3,10,6,8,2,8,6,2,19,2,4,0,3,5,1,14,2,0,1,3,1,1,0,0,2,0,1,0,0,1,1,0,3,3,0,1,1,2,2,0,1,2,0,0,0,2,1,0,0,1,8,1,0,0,0,0,0,0,0,0,0,0,0,0,1,1,18,0
1835,104,0,1,0,0,0,1,5,0,0,10,0,3,9,4,0,12,21,7,24,40,2,0,3,0,0,1,0,3,7,13,31,0,1,18,3,0,2,11,1,1,0,5,2,2,5,4,12,10,2,0,4,2,11,0,0,0,0,0,0,0,3,5,1,2,2,3,6,5,6,2,0,1,6,2,1,15,0,0,7,3,3,0,0,2,7,0,16,1,21,2,27,3,2,11,1,4,21,6,3,3,0,1,0,0,0,20,75,0,6,0,5,5,1,1,0,100,13,0,5,0,5,1,10,0,7,2,5,2,10,20,40,32,12,1,19,8,9,5,7,7,9,16,3,0,0,7,3,0,12,5,3,0,1,0,2,0,4,0,0,3,0,0,1,5,0,4,0,0,1,1,1,2,0,2,1,1,1,0,4,1,0,0,3,4,0,2,0,1,0,0,0,0,0,0,0,0,0,2,2,17,0
1836,194,0,1,0,0,0,0,6,1,2,7,0,11,12,10,0,14,35,8,21,38,0,0,0,0,1,0,1,2,3,10,37,0,3,23,7,0,6,9,1,0,0,7,3,5,6,3,20,7,1,1,3,1,9,1,1,0,0,0,1,1,0,2,0,6,3,6,9,8,7,1,0,0,3,1,3,15,0,1,3,1,4,2,1,1,3,0,10,1,18,0,41,1,2,8,0,1,17,3,2,4,0,1,0,0,0,15,64,1,8,0,3,3,7,4,0,69,11,0,7,1,9,1,7,0,6,7,13,2,9,16,45,34,16,2,15,7,7,3,7,2,10,14,7,1,0,5,1,1,19,3,0,0,1,2,2,0,3,1,0,1,0,0,1,5,0,1,2,0,1,0,4,1,0,3,0,0,3,0,0,2,3,0,1,13,1,0,0,0,0,1,0,2,1,0,0,0,0,1,1,24,0
1837,86,0,1,0,0,0,1,7,1,1,12,3,12,5,8,0,8,21,5,20,37,0,0,0,2,2,0,1,1,5,13,27,0,1,23,10,1,5,12,3,1,0,8,4,5,1,0,18,7,2,1,4,4,4,0,0,1,0,0,3,0,3,4,2,10,2,4,14,5,22,3,1,0,5,2,2,15,1,0,5,1,5,1,4,2,4,0,16,0,32,0,37,1,1,9,0,4,20,4,4,3,0,0,0,0,1,17,70,2,8,1,1,5,5,1,0,60,8,0,6,0,12,2,11,1,7,6,2,0,11,14,43,23,14,3,14,4,5,2,5,2,7,16,5,4,0,9,5,2,13,2,0,0,1,2,0,2,2,2,0,0,0,0,2,6,1,1,1,0,2,3,0,1,0,5,0,2,1,0,3,5,3,1,1,3,1,1,0,0,0,0,0,0,0,0,0,0,0,3,0,18,0
1838,65,1,2,0,0,0,1,8,0,0,6,0,5,9,3,1,5,17,8,8,33,0,0,0,0,0,0,4,1,2,13,33,0,4,17,5,1,5,12,1,0,0,6,0,8,1,3,24,7,3,0,3,2,11,0,0,0,0,0,4,0,1,3,2,2,2,2,7,9,20,5,2,1,3,0,4,9,1,3,6,1,2,3,0,1,3,0,3,1,23,1,37,3,1,10,0,0,21,6,5,3,0,0,0,0,1,27,78,2,5,1,1,1,5,4,1,60,10,2,2,1,12,1,5,1,5,6,8,1,9,24,41,36,15,9,11,7,5,5,6,4,5,12,2,8,0,9,3,4,11,4,2,2,2,1,3,1,1,0,0,0,0,0,4,5,0,3,2,1,2,2,3,2,0,2,0,1,3,0,1,4,2,0,2,11,3,1,0,0,0,1,0,0,0,0,0,0,1,1,1,19,0
1839,43,0,0,0,0,0,1,13,1,0,12,0,10,5,4,0,7,20,10,15,46,0,0,0,0,2,0,0,1,5,14,49,0,2,26,7,0,3,6,2,1,0,10,3,8,1,3,12,10,6,0,6,4,11,0,0,0,0,0,0,0,2,3,0,2,0,9,12,10,9,7,0,2,6,0,3,12,2,3,12,3,5,1,1,1,2,0,18,2,30,1,49,1,0,11,0,2,21,5,4,2,0,5,0,0,0,29,80,0,3,2,5,4,7,1,0,82,15,1,5,0,15,1,11,0,7,1,14,2,10,33,46,43,15,8,14,7,8,7,9,5,5,21,1,6,0,12,4,2,10,0,0,0,3,1,1,1,2,1,0,0,0,0,1,2,1,6,0,1,3,5,0,0,0,2,2,1,4,0,0,2,0,2,0,4,3,1,0,0,1,1,0,1,0,0,0,0,0,0,0,22,0
1840,74,0,0,0,0,0,0,6,2,1,3,1,10,5,5,0,12,27,17,21,42,1,0,2,0,1,0,3,5,10,16,33,0,4,35,3,0,5,14,1,0,0,8,3,7,2,3,24,6,1,0,7,1,14,0,1,0,0,0,1,0,3,8,3,4,5,6,7,7,26,13,0,0,9,0,6,13,2,1,14,1,2,1,1,1,7,0,13,1,32,0,40,1,4,7,1,1,12,7,5,8,0,2,0,0,0,33,86,2,4,0,8,4,5,5,0,72,8,4,4,0,16,4,6,0,4,5,8,1,17,28,60,28,20,5,15,5,9,6,5,3,8,18,2,4,0,7,3,0,9,3,2,0,3,1,1,1,5,3,0,0,0,0,5,7,0,5,1,0,5,2,3,2,0,1,1,3,2,0,2,4,0,0,1,1,2,3,0,0,0,0,1,0,0,0,0,0,0,1,0,24,0
1841,49,0,0,0,0,0,1,2,1,0,9,0,6,3,6,0,11,25,14,15,45,2,0,2,2,4,1,1,3,5,12,32,0,3,29,3,0,0,7,3,3,0,12,3,3,0,1,21,9,1,2,5,2,11,0,0,0,0,0,0,0,1,3,2,2,1,6,5,8,28,6,0,1,0,0,4,8,2,3,8,1,4,4,0,1,3,0,7,1,29,0,35,3,0,8,1,1,15,3,2,3,0,2,0,0,0,20,88,2,2,0,6,5,2,1,0,109,15,0,4,1,10,1,5,1,3,3,23,2,15,21,40,38,12,10,17,6,4,4,7,1,8,18,2,2,0,0,5,1,6,1,2,0,1,2,1,0,1,2,0,2,2,0,5,7,0,4,1,1,8,1,4,1,1,1,1,1,3,0,2,2,3,0,1,8,4,3,0,0,1,0,0,0,1,0,0,0,0,1,2,23,0
1842,29,0,0,0,0,0,1,16,0,0,8,0,5,6,14,0,9,16,11,23,42,2,0,0,2,3,1,3,4,4,19,35,0,3,19,8,1,6,7,1,0,0,7,0,2,0,1,21,8,2,1,3,2,5,0,1,0,0,0,1,0,1,5,3,2,6,3,6,21,5,4,1,1,6,0,4,13,0,3,13,1,2,1,0,0,10,1,4,1,17,1,37,2,0,15,1,1,21,5,8,4,1,0,0,0,0,24,64,0,6,1,2,3,1,4,0,80,13,0,4,0,8,1,6,0,6,5,25,2,13,23,53,31,11,11,12,4,2,3,7,6,9,17,3,5,0,7,3,0,11,5,2,0,4,0,0,1,1,3,1,2,2,0,10,2,1,1,0,0,3,4,0,1,0,1,1,1,3,0,2,1,0,0,2,11,1,2,1,0,0,0,0,1,0,0,0,1,0,3,2,22,0
1843,46,0,0,0,0,0,1,11,1,0,15,1,5,4,7,2,9,14,10,21,59,1,0,0,0,2,1,0,2,6,14,36,0,2,17,8,0,3,12,3,0,0,7,2,7,1,1,32,4,10,1,5,1,11,0,0,0,0,0,0,2,2,6,1,3,2,2,6,7,5,3,0,3,2,0,2,9,2,2,9,2,1,3,1,0,2,0,14,1,25,0,33,4,1,7,0,0,24,6,1,9,0,1,0,2,0,19,103,0,1,2,4,7,2,4,0,64,14,0,4,1,13,3,4,0,2,4,31,2,4,25,51,38,16,10,13,5,3,10,5,4,11,21,1,4,0,6,6,2,16,7,2,1,1,1,0,0,3,2,0,1,0,0,17,3,0,3,2,2,3,1,2,1,0,1,1,1,1,1,3,0,2,1,2,2,2,0,0,0,1,0,0,1,1,0,0,1,0,2,0,19,0
1844,35,0,0,0,0,0,0,14,1,2,10,2,8,8,12,0,20,27,7,29,43,0,0,1,0,3,0,1,3,7,13,37,0,5,29,3,3,5,6,3,0,0,7,4,10,0,0,34,13,1,0,4,3,5,1,1,1,0,0,2,1,0,4,0,2,1,3,8,15,5,2,0,0,4,2,0,12,2,3,9,0,6,1,1,2,2,0,14,2,26,0,35,2,0,9,0,5,27,2,1,2,0,1,0,0,0,34,82,2,4,0,2,3,6,1,0,83,17,0,6,2,8,3,6,1,4,2,25,5,17,22,57,35,24,9,12,9,4,7,7,3,10,14,6,1,0,7,7,2,21,1,2,1,7,2,1,1,2,1,0,1,0,0,10,7,1,7,0,1,6,2,5,1,0,2,0,3,0,0,1,6,2,2,2,9,0,1,0,0,0,1,0,5,0,1,0,0,0,3,1,19,0
1845,41,0,0,0,0,0,0,19,1,1,15,0,7,8,5,1,16,16,14,26,64,0,0,1,0,2,0,3,1,6,26,55,0,4,27,8,0,4,13,2,0,0,14,7,8,2,3,23,12,3,0,5,2,6,0,2,3,0,0,4,0,3,5,0,2,8,9,7,7,6,4,2,0,4,1,2,12,3,5,9,3,5,2,1,1,4,0,9,1,27,1,53,0,0,13,5,1,32,3,3,5,0,3,0,0,0,29,88,1,10,1,2,4,2,12,0,116,15,1,12,0,21,1,14,1,5,8,35,1,16,28,64,42,19,6,16,12,5,9,9,9,11,17,2,5,0,13,9,1,15,10,0,0,5,0,3,0,6,0,0,0,1,0,4,5,0,3,1,0,4,0,7,8,0,1,0,1,0,1,0,2,2,0,1,12,2,2,0,0,0,0,0,1,0,0,0,1,0,3,2,27,0
1846,32,0,0,0,0,0,0,19,0,3,10,1,9,7,4,0,15,24,13,33,73,2,0,1,0,3,0,4,4,6,14,36,0,1,18,6,1,3,14,4,0,0,8,1,8,1,2,32,9,4,0,7,5,5,2,1,0,0,0,2,0,0,5,1,8,6,6,12,10,3,3,0,3,5,2,1,18,1,1,7,2,4,0,5,2,4,1,9,4,20,2,57,4,2,13,2,4,21,2,6,6,1,2,0,0,0,42,94,3,4,2,8,9,3,3,0,94,16,1,4,2,11,1,11,0,4,10,13,5,23,30,62,52,17,10,28,8,5,1,6,5,11,15,4,7,0,9,6,2,16,7,1,0,1,1,3,1,3,1,0,1,4,0,9,9,1,2,0,1,3,3,7,1,0,2,0,1,2,0,1,1,3,0,1,11,3,2,0,0,1,0,0,1,0,0,0,0,0,1,0,24,0
1847,38,0,2,0,0,0,0,16,1,1,20,1,5,5,3,0,10,21,10,22,68,0,0,1,0,5,0,2,6,4,16,43,0,4,29,9,2,1,13,3,2,0,10,7,8,5,2,31,8,5,0,4,4,13,1,0,0,0,0,3,0,4,7,0,3,1,1,9,11,6,6,0,1,4,2,1,14,1,3,2,0,3,1,3,0,2,0,11,0,21,0,39,3,1,9,0,2,28,7,4,4,0,3,0,0,1,36,90,2,6,1,3,7,1,3,0,70,11,3,4,1,10,3,20,0,4,9,19,2,11,29,52,44,22,4,22,7,9,8,10,7,9,17,1,9,0,9,5,3,16,7,3,0,4,0,2,2,7,2,0,0,1,0,7,12,1,3,2,0,3,0,3,0,0,2,0,0,2,0,2,0,2,1,1,7,2,1,0,1,1,0,0,0,0,0,0,0,0,3,1,32,0
1848,45,0,0,0,0,0,0,14,1,1,11,0,5,4,6,0,7,19,16,11,63,0,1,1,0,7,0,3,5,6,15,39,0,6,37,13,1,3,10,1,0,0,7,3,3,1,0,27,9,6,0,5,2,8,0,0,1,0,0,3,0,2,7,1,5,2,3,9,10,4,7,2,3,4,4,1,10,3,6,18,1,8,2,0,5,4,0,9,1,26,0,46,3,0,10,1,6,15,7,1,7,0,2,0,0,0,37,64,1,8,2,3,13,1,2,0,69,11,2,6,2,6,0,8,0,2,3,10,2,7,16,63,50,18,6,13,6,5,5,7,6,8,14,4,3,0,8,5,3,12,7,0,0,5,2,2,0,4,2,0,1,1,0,4,2,1,4,2,0,1,0,6,2,0,1,0,2,3,0,1,3,2,0,0,4,5,2,0,1,3,0,0,1,1,0,0,0,0,2,2,28,0
1849,33,3,1,0,0,0,0,5,0,2,8,0,5,8,4,0,14,22,12,27,44,0,0,2,0,3,1,0,6,2,17,32,0,10,18,8,4,1,16,3,1,0,9,3,2,0,1,22,6,2,0,4,3,8,0,1,0,0,0,5,0,1,10,2,7,1,2,14,6,6,3,0,1,6,3,0,11,4,3,7,2,7,1,2,4,7,0,10,0,26,1,41,3,1,5,0,1,7,1,2,7,0,1,0,0,0,30,65,2,2,4,6,12,5,4,0,56,11,1,2,2,7,2,16,0,4,7,7,2,18,20,52,58,15,10,14,6,3,3,11,5,12,15,3,3,0,6,3,1,20,4,0,0,4,1,1,0,6,1,0,0,1,0,5,8,0,3,2,1,9,0,1,1,0,2,1,3,3,1,1,4,5,0,2,5,5,1,0,0,0,1,0,1,0,0,0,1,0,1,1,33,0
1850,52,0,1,0,0,0,1,19,1,2,14,0,5,9,9,4,16,30,22,22,63,2,0,0,0,1,1,0,11,9,11,39,0,19,37,8,3,1,14,2,2,0,4,4,4,3,5,43,7,0,1,5,2,22,1,2,0,0,0,5,1,0,6,2,3,3,10,16,11,5,2,1,4,14,5,2,19,2,2,11,0,3,0,4,2,5,0,11,1,23,0,68,6,3,5,3,2,18,4,5,8,0,3,0,0,0,35,88,1,6,1,7,9,7,8,0,96,17,1,3,1,12,2,7,0,3,9,17,3,14,37,66,64,22,6,18,11,10,5,8,6,10,19,2,2,0,13,11,3,12,2,2,0,5,2,1,1,3,2,0,2,2,0,9,7,1,2,0,2,10,1,3,0,1,1,1,2,2,1,5,2,1,1,6,5,4,0,0,0,1,1,0,0,1,0,0,0,0,0,1,27,0
1851,33,1,0,0,0,0,3,11,4,2,16,0,9,6,6,0,10,27,13,19,58,0,0,1,2,4,0,3,12,4,23,57,0,12,28,13,2,5,17,1,0,1,9,3,6,1,2,46,11,4,0,7,0,15,0,2,0,0,0,3,0,2,6,3,5,4,8,21,11,10,9,0,0,5,6,1,12,0,6,22,1,8,2,4,0,5,0,14,1,12,2,54,2,0,9,1,1,18,6,6,5,0,0,0,0,0,32,90,1,3,3,5,6,2,8,0,63,12,0,2,1,11,4,4,0,5,5,8,1,22,36,66,62,22,6,16,9,4,3,6,7,7,23,2,9,0,9,8,0,15,2,1,2,4,2,0,0,6,3,0,0,0,0,3,10,1,6,1,2,12,5,1,1,1,3,1,4,1,0,8,2,2,2,7,8,1,1,1,0,2,1,0,0,1,0,0,1,0,5,5,26,0
1852,30,0,1,0,1,0,1,13,2,2,26,0,8,10,6,0,5,26,9,25,70,0,0,2,0,4,1,4,7,18,25,53,0,15,38,4,3,3,9,0,0,0,8,5,3,2,1,44,11,7,0,5,0,19,2,0,0,0,0,6,0,3,11,1,4,6,7,16,10,4,4,0,1,10,0,0,13,2,4,15,1,3,1,1,1,4,0,13,1,21,3,63,6,5,13,0,0,21,2,5,6,0,3,0,0,0,39,97,1,5,7,6,3,1,5,0,85,10,0,6,1,14,3,18,2,2,13,14,3,20,36,62,50,15,16,16,15,8,5,12,10,17,20,2,8,0,10,10,0,14,7,0,0,4,2,1,2,8,3,0,0,4,0,13,14,0,4,2,3,15,3,7,0,0,1,2,2,2,5,3,4,3,2,4,8,0,0,1,0,2,0,0,3,2,0,0,1,0,3,5,19,0
1853,23,0,1,1,1,0,5,11,0,0,62,1,5,9,9,0,15,28,20,25,50,0,0,0,0,4,0,4,9,12,25,50,0,4,30,8,1,2,20,3,0,0,12,4,4,2,4,43,11,6,0,6,2,20,0,2,0,0,0,2,0,0,7,2,5,4,11,13,9,8,5,0,4,8,3,1,11,2,3,6,0,3,13,4,2,3,0,7,3,30,2,61,5,2,8,1,3,33,3,4,10,1,2,0,0,0,30,89,2,10,3,2,4,4,4,0,85,22,2,8,0,15,0,11,1,5,4,12,2,17,41,70,65,19,13,14,6,8,7,14,8,10,19,1,7,0,12,8,3,15,4,0,1,6,2,5,0,6,4,0,0,5,1,8,6,0,3,1,3,11,4,5,1,1,0,2,2,4,1,2,4,2,5,5,8,1,0,0,0,3,4,0,1,0,0,0,0,0,2,3,26,0
1854,38,1,1,0,1,0,2,19,2,1,29,0,4,11,3,0,14,24,14,30,67,0,0,0,1,2,1,2,17,10,32,49,0,3,28,8,2,4,15,1,0,0,35,6,5,0,14,47,9,3,0,8,8,16,0,0,1,0,0,3,1,3,5,0,3,2,9,18,6,5,6,1,1,4,2,1,15,1,6,9,0,2,0,2,2,10,0,16,0,20,1,59,4,2,10,0,5,24,1,5,9,0,5,0,0,0,31,94,2,10,1,1,6,3,3,0,78,17,3,1,2,10,3,22,1,2,5,18,0,19,29,70,61,21,11,16,12,13,5,14,8,11,22,4,6,0,11,14,4,20,3,2,0,2,1,3,1,3,2,0,5,2,0,2,8,0,2,3,3,17,4,4,4,0,2,0,7,2,0,1,5,1,5,1,11,0,1,1,1,1,2,2,0,0,0,0,0,0,6,2,31,0
1855,34,0,0,0,0,0,1,10,1,0,28,2,13,9,8,1,11,22,13,23,67,0,0,1,1,2,0,1,13,8,14,37,0,2,42,8,1,5,10,2,0,0,36,4,8,3,4,33,10,6,0,3,8,20,1,2,2,0,0,0,1,2,8,1,6,4,3,19,2,8,5,0,2,7,8,1,14,0,2,15,1,2,1,1,1,11,0,12,1,17,3,81,2,2,7,1,3,36,6,2,8,0,1,0,0,1,29,91,1,9,2,3,10,1,1,1,98,21,3,6,0,9,0,12,0,7,8,15,2,13,51,69,56,19,13,17,8,12,10,17,11,10,23,4,8,0,23,6,5,21,2,3,0,5,0,1,2,4,4,0,0,3,0,6,4,1,1,4,0,10,1,3,0,1,2,1,1,1,1,1,4,8,4,1,10,4,1,0,4,0,0,0,0,0,0,0,2,0,4,0,26,0
1856,33,0,0,0,0,0,3,10,1,0,22,0,10,11,5,1,18,22,16,26,68,4,0,0,2,6,0,2,10,15,19,46,0,4,21,13,1,2,12,3,2,0,25,4,8,5,0,30,9,5,0,12,3,11,0,2,3,0,0,1,0,1,9,1,6,5,4,19,6,11,3,1,0,5,3,0,9,1,6,21,1,2,0,3,6,5,0,9,1,32,1,77,4,6,14,2,1,33,4,4,7,0,1,0,0,1,37,102,0,7,1,3,7,2,6,0,128,12,1,5,0,12,5,18,2,6,5,14,3,19,50,73,73,19,17,12,9,8,3,12,5,10,23,5,4,0,9,10,0,20,5,4,0,4,1,1,0,5,4,0,1,1,0,7,7,1,4,0,0,4,5,1,0,1,2,2,4,1,0,1,5,3,2,3,9,5,1,0,4,2,0,0,0,3,0,1,1,0,7,4,34,0
1857,15,0,1,0,0,0,0,7,1,0,21,1,9,14,13,0,10,21,14,17,73,2,0,0,0,1,0,3,15,19,16,41,0,1,32,7,1,3,15,0,0,0,21,3,4,2,3,51,19,3,0,3,2,14,0,0,0,0,0,3,0,2,8,4,6,1,8,8,6,8,7,1,0,3,4,1,15,0,3,7,0,6,2,3,1,1,0,14,1,24,0,93,5,1,5,0,2,33,3,2,8,0,1,0,0,0,33,96,0,16,0,7,5,4,7,0,79,14,3,5,1,8,1,15,2,3,6,14,2,27,42,64,59,16,9,27,8,9,7,16,8,6,17,3,3,0,7,11,1,14,2,1,2,3,1,1,1,2,0,0,4,1,0,5,6,0,8,4,3,6,2,3,2,1,1,0,0,1,3,2,6,5,4,4,12,6,2,0,3,1,0,0,0,1,0,0,1,0,6,2,40,0
1858,35,0,3,0,0,0,0,21,0,3,34,1,7,15,14,0,12,28,16,26,47,2,0,0,0,4,0,4,13,12,10,38,0,3,26,5,1,1,12,6,0,0,20,3,4,0,5,49,11,2,0,6,3,7,0,3,0,0,0,0,2,1,13,2,5,3,12,18,11,15,7,1,3,8,4,0,11,2,1,9,3,4,5,2,0,7,0,15,1,25,1,65,11,1,9,0,3,23,3,1,6,0,4,0,0,1,47,90,1,11,0,1,7,1,9,0,59,16,0,6,0,6,3,13,0,9,8,17,1,23,57,45,41,21,14,15,14,22,5,19,5,10,24,3,6,0,13,9,3,6,6,2,0,5,0,0,0,1,3,0,1,0,0,5,6,0,5,1,4,6,2,2,2,0,3,1,5,1,2,2,3,4,5,2,9,4,3,0,2,3,1,0,1,1,0,0,0,0,2,2,44,0
1859,34,0,2,0,1,0,1,14,1,2,22,1,11,12,13,1,13,28,24,32,76,1,0,1,2,2,0,2,5,13,19,35,0,5,35,10,2,2,28,4,0,0,23,6,6,2,3,41,11,10,0,6,2,10,3,0,3,0,0,5,0,2,13,0,8,2,14,14,19,14,8,0,0,14,5,1,8,0,7,18,0,5,1,1,0,6,0,17,1,19,1,64,2,2,8,0,1,22,2,7,13,1,1,0,0,0,48,85,0,10,0,2,9,9,3,0,78,11,2,3,0,18,0,21,0,7,5,5,6,33,50,69,66,23,12,16,9,12,2,13,6,10,18,0,6,0,13,6,1,19,5,1,0,3,1,1,1,4,1,0,2,2,0,7,7,2,5,3,4,5,0,1,1,0,2,0,7,3,2,3,10,4,4,0,13,2,1,0,0,0,1,1,1,0,0,0,0,0,3,2,24,0
1860,42,1,2,0,0,0,1,13,2,1,18,0,10,13,17,2,16,37,24,33,80,2,0,3,2,6,0,3,10,11,15,47,0,7,31,7,3,1,34,7,1,0,17,5,7,5,4,55,16,2,0,16,4,25,0,0,0,0,0,5,1,1,19,3,4,3,10,10,10,5,4,1,1,13,5,3,9,1,6,29,1,2,1,1,1,6,0,10,1,31,0,81,3,3,5,0,6,29,1,0,14,0,3,0,0,0,56,120,2,6,0,3,14,2,5,0,103,19,2,4,0,19,1,20,0,7,9,15,3,18,64,71,77,20,20,15,9,9,1,17,10,10,40,3,2,0,11,14,3,16,8,0,0,4,0,1,2,8,0,4,0,0,0,4,8,6,6,2,5,10,3,1,2,0,0,3,4,3,2,0,6,6,2,7,12,6,1,1,2,3,1,0,0,1,0,0,2,0,1,2,37,0
1861,33,0,2,0,0,0,1,10,1,1,17,0,2,7,13,1,6,18,12,18,61,0,0,1,0,5,1,2,9,13,12,45,0,7,23,7,1,2,12,4,3,0,14,5,6,2,2,36,9,5,0,6,2,14,0,1,3,0,0,4,0,1,4,3,3,4,5,6,14,13,13,0,1,3,2,4,7,0,6,52,3,5,0,2,3,6,0,15,0,19,1,45,6,0,10,0,3,26,3,1,2,0,3,0,0,0,49,103,0,6,1,2,11,1,3,0,56,17,1,8,0,6,2,21,1,6,5,14,2,11,45,39,36,22,8,8,12,8,2,15,8,8,26,3,6,0,10,6,1,11,5,0,0,1,0,0,0,4,2,0,0,0,0,4,5,1,6,3,2,5,2,5,2,0,4,2,0,3,1,2,5,1,2,2,12,3,9,3,14,7,4,1,0,0,0,0,1,0,4,3,39,0
1862,25,0,0,0,0,0,6,16,1,1,18,0,6,10,11,1,5,17,7,19,45,1,1,0,0,3,0,1,11,6,5,35,0,5,35,10,1,4,27,3,1,0,12,7,6,3,7,35,11,5,0,12,1,11,1,2,1,0,0,3,2,0,9,3,3,3,2,8,8,17,20,0,0,2,1,1,8,0,2,41,1,2,2,3,0,15,0,21,2,19,1,48,2,3,4,3,2,25,2,0,6,0,3,0,0,0,50,96,0,4,4,3,6,8,3,0,47,12,4,5,2,10,2,16,0,1,5,11,1,13,48,47,35,27,5,12,9,6,8,7,5,12,27,0,1,0,4,8,0,8,7,3,1,0,1,0,0,1,0,0,0,1,0,9,11,1,4,1,3,6,4,7,2,1,2,0,5,1,0,4,4,1,3,3,3,3,12,5,10,8,2,3,3,2,0,0,2,1,1,0,26,0
1863,29,1,2,0,0,0,3,7,1,1,14,1,8,13,11,0,9,24,22,28,56,0,0,6,1,4,1,2,8,8,10,33,0,2,34,4,1,1,7,0,3,0,19,3,4,6,2,24,9,4,1,15,2,7,0,4,0,0,0,7,3,0,13,2,4,2,9,20,9,20,39,0,0,6,1,3,11,2,4,108,1,8,1,3,0,9,0,12,1,18,1,28,2,5,9,1,1,16,6,5,5,1,0,0,0,0,54,82,1,4,0,3,5,4,4,0,62,10,1,7,2,18,3,15,0,7,12,4,6,28,65,39,33,10,9,16,9,8,2,10,6,8,24,0,2,0,8,5,0,7,12,2,0,1,0,2,0,3,0,0,0,0,0,5,8,0,6,3,0,7,0,3,0,1,1,0,3,3,1,4,3,6,0,1,8,11,20,7,5,4,3,6,4,1,0,0,0,0,2,4,35,0
1864,59,0,0,0,0,0,2,15,1,3,13,1,5,9,14,1,3,19,19,29,46,2,0,6,0,5,0,3,10,8,14,41,0,3,31,11,1,1,19,3,1,0,14,3,5,1,2,32,8,4,0,9,2,12,2,10,0,0,0,3,1,1,7,3,7,2,10,15,9,24,42,0,0,6,5,4,8,0,2,210,2,5,1,3,2,7,0,20,3,14,1,44,4,2,5,1,3,22,6,1,4,0,3,1,0,0,71,105,3,3,2,3,10,3,5,0,80,18,1,7,1,27,2,13,0,6,7,7,2,16,56,86,60,26,5,20,14,8,4,4,4,13,31,0,3,0,9,3,0,8,5,1,1,2,0,0,1,6,1,0,0,0,0,6,5,0,4,3,2,9,4,4,0,0,0,2,3,4,2,6,7,6,3,2,13,4,15,2,2,5,4,1,4,1,2,0,1,1,5,5,41,0
1865,64,0,0,0,0,0,1,21,1,4,29,1,9,13,14,1,11,22,11,24,54,1,0,7,0,1,0,3,7,15,14,22,0,2,37,4,0,2,19,4,0,0,14,4,5,6,1,33,9,2,1,18,2,7,2,1,0,0,0,10,2,0,9,1,9,3,11,17,7,13,23,0,0,4,5,0,6,1,2,80,3,6,0,3,2,6,0,19,0,20,1,32,5,3,6,2,3,17,6,3,6,0,4,0,0,0,65,105,1,12,1,3,5,5,4,0,95,17,2,4,2,17,1,15,1,7,6,6,0,19,71,62,61,16,14,14,9,9,5,11,6,4,22,0,4,0,7,6,1,8,3,2,1,0,1,2,2,4,1,0,0,1,0,3,5,0,7,2,5,4,2,0,5,0,2,1,4,3,1,5,16,7,1,4,10,4,10,2,4,3,0,0,1,0,0,0,2,0,1,5,32,0
1866,293,1,1,1,0,0,2,21,1,2,17,1,14,4,16,0,10,22,12,27,53,1,0,1,2,3,0,2,11,6,10,32,0,5,32,10,1,1,14,2,1,0,12,6,7,6,3,28,9,4,1,15,5,6,1,1,1,0,0,2,2,2,17,2,4,6,12,9,4,8,12,0,2,3,3,3,9,3,6,22,2,5,1,4,0,10,0,13,0,13,3,49,4,1,12,1,2,30,5,4,7,2,3,0,0,0,63,102,0,9,1,8,13,4,3,1,101,25,0,6,2,10,1,17,2,8,7,11,2,31,62,91,69,19,11,22,18,13,8,15,7,12,33,1,7,0,7,6,1,28,6,0,1,1,1,0,1,2,0,0,0,1,0,1,11,1,10,4,6,3,0,0,1,0,3,0,3,2,3,2,12,4,1,6,10,1,1,0,0,1,4,1,1,1,1,0,3,0,6,4,32,0
1867,31,0,0,0,0,0,3,10,0,1,13,1,7,10,12,2,12,22,13,27,52,1,0,3,1,5,1,1,14,9,15,56,0,4,41,10,1,2,14,5,1,0,14,8,9,4,4,21,10,1,0,7,2,8,2,1,0,0,0,6,0,1,8,1,10,8,18,16,10,20,13,1,1,9,4,1,13,2,3,20,3,13,1,3,0,4,2,13,3,16,1,42,1,0,9,1,3,25,8,3,10,0,2,0,0,0,85,108,1,15,0,8,9,1,5,1,106,24,2,6,1,12,6,20,1,13,5,13,0,34,84,63,97,25,13,22,17,21,8,15,5,15,24,3,5,0,15,9,1,10,11,0,1,3,3,3,0,7,1,0,0,0,0,4,11,2,9,2,6,12,4,3,4,1,1,2,4,6,4,4,8,4,4,3,17,3,2,0,3,1,0,0,1,0,0,0,0,0,1,1,59,0
1868,4,0,0,0,0,0,1,23,1,0,16,0,5,9,10,1,7,20,12,28,59,2,0,4,0,2,1,2,12,11,16,43,0,7,28,10,2,2,12,2,3,0,12,4,10,3,3,41,17,4,0,3,5,12,0,1,4,0,1,5,1,2,22,4,4,4,11,28,7,20,17,2,0,5,4,1,12,2,2,37,2,7,1,4,0,11,2,25,3,16,0,47,10,1,7,1,4,36,8,1,7,0,1,0,0,0,94,99,1,9,4,7,13,11,5,1,100,21,4,8,1,19,0,17,3,11,14,24,4,25,60,94,71,18,11,30,16,23,6,17,7,11,24,6,4,0,9,6,0,20,3,3,1,5,2,3,1,15,3,1,0,1,0,4,6,0,7,1,2,14,2,3,4,0,4,3,2,5,1,2,22,7,0,5,8,5,1,0,0,0,3,2,0,0,0,0,0,1,4,0,48,0
1869,8,0,1,0,0,0,4,29,3,1,26,2,13,9,13,2,12,26,6,24,68,2,1,3,0,1,2,1,12,9,19,53,0,8,38,11,2,4,12,5,0,0,13,4,11,3,4,33,14,5,0,5,2,8,1,0,1,0,0,9,1,3,13,3,8,3,13,17,15,13,12,1,1,14,8,1,14,0,3,17,2,9,1,9,2,13,1,17,4,20,2,42,5,4,14,3,1,23,3,4,8,0,3,0,0,0,82,144,1,8,2,6,4,4,3,0,126,24,3,9,2,12,3,17,1,8,12,6,6,26,59,69,60,20,15,18,13,14,10,13,19,14,25,2,3,0,8,6,1,11,4,0,1,3,0,1,1,10,0,0,0,3,0,6,7,1,5,2,3,8,6,4,4,0,1,2,3,6,2,4,8,7,4,1,8,2,2,2,0,0,1,0,0,1,2,0,0,0,6,2,30,0
1870,9,0,1,0,1,0,5,24,2,5,21,1,5,11,10,0,12,25,13,17,65,2,0,0,0,3,2,2,13,15,17,39,0,6,51,8,0,3,12,2,0,0,17,5,7,1,2,30,8,3,2,4,4,7,0,0,3,0,0,10,3,4,24,0,10,5,19,18,19,22,7,0,3,16,9,3,22,2,4,14,4,4,0,2,3,11,1,13,1,24,0,70,4,5,8,1,2,40,8,2,7,0,3,0,0,1,100,125,2,12,3,9,11,3,8,0,142,34,3,10,4,23,6,11,1,15,10,7,2,35,62,111,60,24,11,29,14,18,3,17,12,15,30,1,3,0,13,10,1,20,3,2,0,7,1,0,0,7,3,0,3,2,0,10,8,0,8,5,1,7,4,4,3,0,2,2,3,4,1,2,11,9,0,4,8,2,1,2,0,1,3,0,1,1,0,0,0,2,5,2,50,0
1871,9,0,0,0,0,0,1,21,2,2,13,0,7,10,12,1,11,25,18,17,47,0,0,2,1,4,1,0,15,7,20,36,0,8,78,8,0,1,13,0,1,0,11,10,7,6,0,35,12,5,0,2,0,13,0,4,1,0,1,5,2,2,10,3,5,3,17,12,15,10,5,0,1,13,7,1,12,5,4,30,5,6,1,4,1,14,2,16,0,17,0,55,6,4,13,0,6,34,6,3,7,0,3,1,0,0,95,130,3,7,1,5,4,6,3,0,135,20,1,6,1,16,2,17,1,6,11,18,7,25,57,70,96,35,21,26,13,16,5,10,12,6,17,5,9,0,12,6,1,19,6,4,2,3,2,2,1,9,1,0,0,2,0,8,12,4,6,1,2,4,2,5,0,0,3,2,5,4,3,3,13,8,3,4,7,4,2,0,0,0,3,2,0,0,0,0,0,1,2,0,38,0
1872,12,0,2,0,1,0,2,17,0,2,24,0,18,13,15,0,12,31,15,18,47,0,0,6,3,3,2,1,18,16,17,44,0,10,59,11,1,3,21,2,2,0,16,11,4,6,5,27,15,2,1,6,2,16,0,2,1,0,0,11,2,0,15,4,12,8,14,14,15,8,8,0,3,11,9,1,18,4,3,13,0,11,1,7,2,26,0,25,2,19,0,70,6,6,11,1,5,39,7,7,7,1,3,0,0,0,98,152,1,12,1,8,9,8,11,0,149,21,3,11,2,14,6,17,1,9,11,11,5,38,61,78,85,35,11,34,21,25,14,23,11,9,26,2,5,1,10,13,3,11,4,4,1,5,2,2,3,1,3,0,2,3,0,9,6,1,3,2,2,8,8,5,8,0,4,3,1,4,3,4,14,6,2,5,17,5,1,0,0,1,3,0,0,0,0,0,1,0,3,1,46,0
1873,12,1,2,0,0,0,3,24,2,5,34,1,14,16,18,1,14,27,6,15,53,0,0,5,0,3,5,0,21,16,16,31,0,8,38,13,1,3,15,3,3,0,17,7,11,6,2,35,11,8,0,3,3,12,2,5,2,0,0,7,3,2,21,4,9,2,13,14,7,21,6,0,3,9,3,0,16,2,4,18,1,5,0,6,1,10,0,24,1,27,1,63,2,8,7,1,3,33,4,7,3,2,7,0,0,1,104,130,4,15,3,9,11,6,9,0,136,30,1,12,2,19,3,20,1,7,10,6,3,25,72,81,93,39,15,37,18,24,21,22,7,21,15,2,13,1,5,11,3,13,3,3,0,3,1,0,1,10,2,0,0,4,0,8,9,0,7,2,4,10,12,5,3,0,2,4,7,7,2,1,10,7,1,4,11,5,2,0,0,1,2,2,1,0,0,0,1,0,6,1,51,0
1874,11,0,2,0,0,0,5,21,1,3,29,0,10,15,15,4,9,25,17,17,73,0,0,3,2,5,1,4,16,13,40,49,0,3,55,13,2,8,15,3,1,0,13,9,12,5,3,35,19,7,2,11,1,17,0,3,0,0,1,9,3,2,19,1,17,2,15,24,12,21,14,1,2,9,4,1,12,3,4,18,8,7,1,3,2,16,0,18,2,19,1,59,11,7,12,1,5,37,16,10,7,1,3,1,0,0,90,149,3,13,2,4,7,2,6,0,133,38,0,14,4,15,8,17,0,4,11,19,4,24,73,86,94,40,14,34,19,18,20,19,21,19,22,5,7,1,18,14,0,16,1,4,0,1,2,0,0,7,1,0,1,0,1,9,3,0,8,2,2,11,5,13,3,0,5,2,2,9,1,9,11,5,2,6,13,4,0,0,0,1,3,1,1,0,0,0,1,0,6,4,55,0
1875,5,2,0,0,0,0,4,14,0,2,30,1,7,14,14,2,12,27,18,26,59,0,1,2,0,2,0,0,15,12,20,55,0,8,32,14,0,7,22,6,1,0,11,11,14,3,4,52,17,10,1,1,3,22,1,7,1,0,0,7,1,2,20,8,11,3,20,18,7,20,8,1,7,10,5,1,8,4,5,17,2,6,0,4,0,15,0,21,2,20,2,53,5,4,14,1,8,39,16,0,7,1,2,2,0,1,102,136,1,13,1,7,13,15,15,0,128,32,1,12,4,15,3,21,0,11,13,16,7,48,73,85,77,34,13,40,19,21,20,30,11,25,22,3,7,0,5,13,0,14,1,1,0,2,0,1,1,7,1,0,0,2,0,3,9,0,8,3,5,16,11,7,2,0,3,1,2,5,2,7,13,8,2,3,12,6,3,2,2,1,0,1,0,0,0,0,1,0,3,0,58,0
1876,15,3,0,0,0,0,2,26,0,3,23,0,6,28,23,1,11,31,12,23,51,3,0,0,0,4,4,3,23,10,24,48,0,7,38,10,2,9,22,2,2,1,10,8,6,2,8,37,8,7,0,5,2,18,2,1,1,0,0,7,2,5,18,5,10,7,18,11,6,32,9,1,2,7,3,0,15,1,7,16,3,5,0,3,3,16,0,28,0,30,1,64,5,3,18,2,2,50,14,1,9,1,2,0,0,1,143,155,0,17,3,1,12,9,9,1,119,31,4,11,7,21,3,27,2,12,5,23,5,40,74,71,116,30,16,33,14,23,25,13,11,9,25,2,8,1,11,9,1,20,6,4,0,7,0,1,2,10,2,0,1,1,0,8,10,2,3,4,0,28,8,9,3,0,2,4,4,5,0,3,10,3,4,8,10,2,2,1,3,0,2,0,1,0,0,0,0,0,2,2,56,0
1877,6,0,0,0,0,0,6,23,0,5,22,1,7,27,7,2,9,33,15,18,58,2,0,6,2,9,0,1,23,9,24,54,0,4,31,13,0,6,29,2,0,0,23,11,9,3,16,55,20,3,0,5,1,23,1,1,2,0,1,6,2,4,12,4,10,3,15,17,8,29,12,1,1,10,7,1,22,3,12,23,3,8,0,4,8,13,0,21,0,12,3,66,7,3,15,0,4,40,10,3,10,0,4,0,0,0,138,150,5,14,4,12,12,10,15,0,129,41,5,5,3,20,1,23,2,9,16,16,7,41,84,70,103,39,10,25,17,18,17,23,16,23,29,2,7,0,10,8,0,11,3,2,1,7,2,2,1,3,5,0,0,2,0,2,13,2,11,2,5,17,6,6,4,0,2,4,7,5,2,3,6,7,5,2,13,5,1,1,0,3,2,3,4,0,0,0,0,0,3,2,55,0
1878,17,1,0,0,0,0,8,22,0,1,24,0,9,16,13,4,7,26,15,16,43,0,2,8,0,3,1,3,36,7,20,49,0,2,38,16,5,6,15,3,1,0,11,7,2,2,17,67,18,4,0,4,0,20,0,2,0,0,0,15,2,2,24,7,19,8,15,16,22,25,7,0,4,9,2,1,24,8,5,12,3,4,0,2,1,15,0,25,0,22,4,64,4,2,10,1,3,39,9,1,7,0,3,0,0,0,181,113,2,13,4,16,21,9,27,0,142,36,0,7,6,26,5,30,0,7,12,14,7,28,76,73,108,40,17,34,26,16,21,29,8,11,18,1,9,0,11,12,2,17,8,3,2,4,0,0,1,6,2,0,0,3,0,10,8,3,5,2,2,13,11,6,3,0,6,3,3,6,8,6,17,4,7,6,15,1,3,1,1,1,0,0,1,1,0,0,0,0,2,2,76,0
1879,17,1,0,0,2,0,4,31,1,6,25,0,14,23,9,0,11,19,17,20,59,2,0,3,0,6,0,0,28,10,31,57,0,15,45,15,1,3,17,5,2,0,13,9,9,5,7,73,14,6,0,3,2,23,0,2,0,0,0,15,0,2,15,0,13,6,15,24,16,25,10,1,2,6,5,4,13,5,3,19,4,10,0,4,2,12,0,25,5,27,1,60,14,2,6,2,2,36,10,9,12,0,4,0,0,1,161,115,3,18,5,11,24,9,15,0,117,38,3,11,2,15,8,27,2,8,22,20,4,55,67,89,98,40,19,49,19,17,17,9,9,17,27,1,10,1,12,13,1,25,8,3,3,4,2,1,2,8,2,0,0,3,0,5,7,2,16,2,3,11,4,5,0,0,1,4,6,3,5,2,9,5,1,7,9,4,2,1,0,2,3,1,0,1,0,0,0,1,5,0,66,0
1880,13,0,0,0,0,0,10,27,0,2,27,0,6,21,19,3,12,27,21,17,79,2,2,1,4,10,0,4,34,18,32,58,0,11,51,15,3,4,24,1,2,0,19,8,11,3,8,48,22,11,5,7,1,24,1,1,1,0,0,8,4,2,48,4,15,6,23,21,21,15,9,1,1,10,3,1,16,3,6,22,0,12,1,3,3,13,0,31,2,31,1,55,8,1,9,2,3,44,11,3,13,0,2,0,0,0,196,166,5,22,6,10,25,14,17,0,222,36,2,8,4,25,7,43,3,12,17,18,10,70,129,130,113,47,14,36,16,17,17,13,14,15,30,6,13,1,8,13,3,20,8,4,1,4,4,2,1,11,3,0,2,7,2,11,21,4,12,3,1,15,5,6,2,1,1,5,4,7,4,7,7,5,1,6,20,5,2,1,0,1,1,0,1,0,0,0,1,0,3,0,60,0
1881,6,0,1,0,0,0,5,41,0,3,25,0,20,23,12,2,14,31,21,22,69,0,3,3,0,3,1,1,31,15,22,55,0,7,39,12,0,6,20,0,3,0,20,11,9,2,0,71,31,9,0,4,1,22,2,1,1,0,0,11,8,2,19,9,8,7,28,19,20,17,13,4,4,12,4,0,18,2,5,14,2,6,0,6,6,11,0,28,1,17,3,69,10,2,7,0,4,31,8,4,5,0,2,0,0,0,180,112,2,31,3,9,21,10,19,1,156,26,2,16,5,17,4,26,3,17,10,12,3,49,86,98,129,38,14,45,18,16,8,18,12,12,19,3,11,0,10,7,0,34,13,5,3,3,2,1,1,5,4,0,1,1,0,9,13,2,7,4,1,9,5,10,4,0,2,1,6,6,7,9,11,5,3,3,11,5,3,1,0,0,2,0,1,0,0,0,0,1,2,2,78,0
1882,10,0,3,2,0,0,5,22,0,4,29,1,15,47,10,2,12,20,20,15,71,0,0,3,1,4,2,0,24,3,29,55,0,8,49,14,1,3,15,2,2,0,21,10,14,1,6,52,21,7,3,7,2,22,1,2,1,0,0,10,7,2,29,1,17,11,17,16,21,17,9,2,2,12,6,0,11,1,5,19,1,12,1,4,1,18,0,29,1,22,2,78,7,5,14,1,3,28,12,2,8,1,1,0,0,1,184,135,5,20,4,14,24,16,14,0,190,33,1,21,2,30,10,26,4,14,14,15,7,56,96,114,125,38,17,35,27,21,17,22,11,21,34,4,11,2,5,14,2,20,2,3,1,6,1,1,1,8,4,1,0,6,1,9,14,6,12,3,7,14,5,4,4,0,4,1,9,3,7,5,11,16,3,10,23,3,2,2,0,1,3,0,3,0,0,0,1,0,2,0,84,0
1883,9,1,0,0,1,0,7,18,1,7,26,2,13,22,18,2,31,25,24,20,79,2,0,7,1,7,3,2,29,16,37,72,0,13,39,14,0,5,26,6,0,0,22,5,14,2,6,65,20,10,1,2,4,20,1,2,1,0,0,10,11,3,18,5,19,5,10,23,14,7,8,3,3,7,4,0,16,3,5,17,3,4,3,5,4,16,0,37,4,28,1,70,6,4,9,0,6,39,11,0,7,1,2,0,0,1,199,150,6,19,5,8,18,17,17,0,205,34,7,21,7,19,7,39,3,19,26,16,3,74,92,118,160,48,14,40,19,23,30,12,22,23,20,4,10,1,6,12,4,27,6,3,2,5,0,2,1,7,8,0,0,3,1,4,21,3,11,15,2,8,8,5,2,0,4,4,9,8,10,13,8,9,5,4,22,4,1,0,1,3,1,1,0,2,0,0,0,0,3,2,87,0
1884,13,4,5,0,0,0,4,21,3,4,38,0,20,35,16,3,23,31,24,25,63,0,0,2,0,3,3,4,26,21,32,71,0,8,37,13,1,4,15,4,1,0,15,3,10,1,1,87,25,7,2,3,4,22,2,2,0,0,0,10,4,8,30,4,17,5,25,13,23,11,6,1,2,11,2,0,23,5,5,22,2,9,0,8,4,14,0,23,3,22,1,62,8,3,7,1,2,48,14,8,11,0,9,1,0,0,222,155,8,25,5,10,10,14,10,1,197,26,2,32,3,23,4,37,2,13,14,23,10,49,93,144,124,42,14,33,19,37,22,20,10,17,24,5,16,1,13,11,3,26,9,1,2,4,0,2,0,7,3,0,1,5,4,13,14,6,11,10,2,14,6,7,7,0,5,2,3,8,12,9,18,8,7,5,20,4,1,0,2,1,4,0,0,0,0,0,0,0,4,3,68,0
1885,8,0,1,1,0,0,7,27,3,1,33,1,11,22,20,3,14,26,14,16,69,0,0,2,0,8,0,1,25,16,25,81,0,5,35,7,2,6,13,2,3,0,19,8,10,1,7,75,18,11,1,4,5,23,1,3,2,0,1,13,5,3,26,1,22,8,20,11,17,24,10,4,1,13,1,0,16,7,9,20,1,13,1,4,5,18,1,33,2,31,2,80,14,2,10,3,10,51,13,8,15,0,6,0,0,1,248,124,2,21,3,9,18,19,15,2,230,42,3,24,6,14,2,24,3,15,10,18,12,69,105,131,125,44,18,34,15,26,19,15,18,31,32,4,9,0,11,13,6,25,3,1,1,2,5,5,4,8,5,0,0,2,6,6,21,2,11,2,4,10,6,3,8,0,1,2,7,6,12,3,7,4,1,4,19,1,0,0,1,0,3,1,0,0,0,0,0,0,2,4,80,0
1886,9,1,1,0,1,0,6,19,1,5,32,1,12,25,10,2,19,28,17,23,70,0,1,1,0,4,0,3,25,13,30,82,0,8,49,25,2,5,13,2,0,0,12,7,5,1,9,61,18,11,3,5,1,19,0,3,2,0,0,9,4,5,28,4,27,11,22,17,9,34,9,0,10,10,3,2,20,8,8,15,5,11,0,3,5,10,0,27,3,15,1,64,5,5,11,3,3,57,24,6,8,0,6,0,0,0,229,133,4,19,3,5,18,21,11,0,244,33,1,24,3,20,6,45,2,17,16,21,12,62,97,130,136,46,23,33,18,18,14,18,12,16,24,2,6,4,12,12,2,25,5,1,0,8,2,2,1,5,6,0,0,3,4,8,15,2,22,2,3,9,7,8,4,2,3,3,6,3,4,6,5,5,5,6,21,4,2,0,0,1,1,1,1,0,0,0,0,0,2,2,97,0
1887,10,1,2,0,0,0,4,17,2,4,42,1,13,16,15,2,25,24,19,22,87,3,1,5,0,5,1,6,31,17,36,82,0,4,51,9,0,7,25,1,2,0,25,7,13,1,10,55,19,12,1,9,7,19,1,2,0,0,0,7,8,2,28,6,24,20,29,23,17,25,14,0,4,7,2,0,30,5,6,12,8,4,0,6,5,14,0,30,2,28,2,90,9,6,12,0,5,41,23,6,8,0,3,0,0,0,231,160,5,13,5,7,9,16,12,2,269,36,4,15,4,21,7,49,0,16,16,21,11,70,90,171,144,32,16,53,19,24,36,12,17,29,33,4,13,3,11,5,2,26,5,3,2,7,3,1,3,10,6,0,1,4,3,7,17,3,7,8,3,11,9,1,8,1,8,1,6,9,4,3,10,4,8,3,25,8,0,2,1,2,3,1,0,1,0,0,0,0,1,2,85,0
1888,7,0,2,0,0,0,6,26,1,2,32,1,23,30,12,5,12,28,28,23,94,0,0,0,3,3,3,4,47,12,37,67,0,7,46,19,5,3,21,2,2,0,12,5,16,1,6,75,21,9,1,7,1,14,0,2,1,0,0,7,4,7,30,2,26,16,29,24,39,17,10,0,9,10,4,0,17,6,4,26,1,4,0,3,5,11,0,30,5,24,2,66,9,5,12,2,2,47,8,6,13,1,7,0,0,0,250,151,8,29,3,12,28,16,15,0,294,32,0,26,6,28,8,83,1,18,14,19,9,80,125,168,186,37,24,52,13,27,47,26,14,13,26,2,13,0,11,10,2,12,7,4,1,6,0,3,1,6,7,1,0,6,3,5,16,4,9,4,4,7,7,6,3,0,5,2,3,9,8,5,12,10,4,7,21,8,0,0,2,1,1,1,2,0,0,0,0,0,3,4,100,0
1889,10,0,1,0,0,0,9,51,2,8,39,2,17,27,26,4,12,31,24,23,83,1,0,5,1,7,0,3,37,14,29,67,0,3,61,14,1,9,24,5,1,0,20,10,10,5,5,53,29,15,2,6,0,22,1,1,0,0,0,13,5,1,41,0,27,9,29,16,12,19,11,2,3,12,3,2,26,4,5,20,3,7,5,5,5,18,0,31,2,26,0,58,9,5,7,0,4,45,27,7,9,3,12,0,0,0,231,180,4,25,6,12,18,8,16,0,281,44,1,15,9,29,13,48,1,19,11,18,11,79,98,143,136,49,21,41,33,25,36,27,10,22,37,1,11,5,6,11,1,16,6,2,3,4,2,4,4,10,5,0,0,2,3,8,10,1,17,8,5,14,5,3,9,0,5,6,9,10,8,7,8,8,3,8,14,8,2,1,3,1,2,0,1,0,0,0,2,0,2,3,99,0
1890,9,1,1,0,1,0,11,31,2,3,39,1,28,27,23,2,17,29,16,37,128,3,1,2,2,7,1,3,43,20,36,86,0,4,72,8,1,8,18,0,2,0,28,9,10,3,8,61,54,5,1,15,5,17,1,5,1,0,0,15,11,3,59,3,15,12,42,21,17,29,8,1,6,13,4,1,35,12,8,30,3,7,3,4,2,22,0,55,3,25,4,62,7,3,16,4,4,43,23,9,20,3,2,0,0,1,252,159,9,17,9,15,30,10,14,1,318,46,2,20,7,28,6,47,5,20,10,25,21,72,114,212,150,50,18,38,21,21,44,21,18,17,31,2,12,2,14,17,2,21,6,4,0,5,2,2,2,9,5,0,0,7,1,10,14,2,17,6,3,16,3,8,5,0,4,7,10,11,10,4,15,8,8,7,36,10,4,0,0,1,4,2,1,0,1,0,0,0,5,2,95,0
1891,11,2,0,0,0,0,7,23,2,5,44,3,23,26,15,9,21,31,33,30,90,1,0,7,3,10,4,1,37,14,27,78,0,6,47,20,3,3,26,3,1,0,17,7,12,5,2,85,25,10,3,4,1,15,1,2,0,0,2,6,6,5,29,4,28,3,34,15,20,24,13,2,6,13,4,1,33,22,13,20,4,7,3,5,2,19,0,29,1,22,1,56,12,2,9,1,2,48,19,5,16,0,6,0,0,1,247,136,4,23,4,5,23,12,19,0,318,44,1,28,6,24,4,29,1,16,15,25,8,73,112,178,174,52,19,55,32,34,53,27,12,18,23,4,12,6,15,16,1,23,5,4,2,5,1,3,1,6,5,1,3,1,0,11,13,2,9,5,4,14,11,5,2,1,9,2,6,7,14,14,12,12,6,9,23,7,1,1,0,2,2,1,1,0,0,1,0,0,1,5,106,0
1892,7,0,1,0,0,0,10,19,1,3,31,4,21,29,22,6,23,38,26,35,78,1,0,7,0,8,2,5,43,17,30,75,0,7,55,21,0,11,20,0,1,0,19,4,6,1,8,77,27,11,1,7,3,23,1,4,1,0,0,17,8,3,35,10,15,6,30,16,27,32,18,3,5,16,4,1,27,14,12,24,3,13,3,3,3,24,0,39,1,21,1,78,11,3,12,0,3,51,24,2,16,1,10,0,0,0,273,171,7,28,9,12,34,10,18,1,345,50,5,27,5,26,5,53,1,22,23,28,13,74,117,163,190,55,23,53,29,38,54,31,14,30,29,3,8,2,8,18,5,27,2,3,1,6,1,4,3,8,6,1,1,4,0,7,11,3,11,4,5,21,4,5,0,2,9,4,17,11,13,6,11,7,3,5,20,7,1,1,1,1,1,2,1,0,0,0,0,0,4,0,115,0
1893,25,2,0,4,1,0,10,31,2,1,45,1,22,41,21,9,34,41,21,33,90,0,0,2,2,4,1,3,36,16,22,77,0,3,79,19,1,5,20,0,2,0,16,7,7,3,6,82,29,10,2,8,3,16,2,0,0,0,0,18,6,2,43,4,24,12,51,22,14,38,10,3,8,18,3,0,39,12,9,25,3,13,1,6,1,23,0,37,2,22,4,70,15,6,10,1,4,61,24,3,12,2,10,0,0,1,272,189,10,22,3,7,23,11,20,0,371,52,0,14,7,24,3,60,5,17,24,23,6,66,106,170,185,60,27,52,33,34,62,41,21,18,44,8,15,2,13,18,2,27,8,2,2,6,6,5,2,9,4,3,1,2,4,11,15,5,11,1,5,53,8,8,6,1,9,4,6,10,15,6,13,11,8,6,27,7,3,1,1,1,3,3,1,0,0,0,0,1,6,6,108,0
1894,23,1,1,0,1,0,5,39,2,3,53,0,16,25,27,4,21,40,30,29,62,4,0,2,2,5,1,5,49,16,26,82,0,6,68,15,3,5,23,0,4,0,19,6,14,2,11,82,31,11,1,10,2,29,2,4,2,0,0,11,6,2,58,1,19,6,46,20,12,31,13,5,13,11,6,0,21,12,6,30,6,11,2,7,4,17,0,32,0,16,3,90,15,4,14,5,6,39,17,4,14,0,13,0,0,1,302,178,4,17,2,9,29,9,14,3,377,47,2,24,9,36,4,41,3,35,12,37,6,70,134,185,182,48,32,45,20,37,56,24,21,32,30,9,14,3,13,14,4,30,4,2,2,7,3,3,1,12,8,0,1,6,1,12,21,2,17,2,3,32,9,10,5,4,5,2,7,9,17,9,9,5,9,6,35,6,2,1,0,1,5,1,4,0,1,0,0,0,5,3,109,0
1895,13,0,1,0,1,0,8,25,2,6,41,0,11,26,27,8,30,48,24,36,83,1,0,5,0,4,1,2,40,23,27,86,0,10,84,16,3,3,19,5,1,0,28,7,10,6,10,103,31,12,1,8,3,22,1,3,2,0,0,10,4,5,52,8,19,7,36,19,15,50,20,7,14,14,5,0,35,11,14,22,1,10,0,13,4,23,0,43,2,21,2,88,9,0,9,6,4,47,30,5,9,0,7,0,0,0,298,219,6,28,7,21,38,22,18,0,493,54,0,20,7,28,13,65,0,14,13,24,1,108,130,244,213,63,28,69,28,34,65,24,18,30,55,4,12,4,11,17,4,21,12,7,3,6,2,2,3,11,10,0,2,7,3,11,13,3,17,2,10,23,5,9,6,1,2,3,11,12,9,3,15,10,2,9,36,8,1,3,1,0,2,0,1,0,0,0,0,1,3,5,123,0
1896,10,0,1,0,0,0,8,34,4,7,50,2,20,22,29,11,36,48,36,32,85,4,1,2,1,1,0,3,51,12,27,89,0,20,90,16,2,9,23,4,2,0,36,9,7,6,12,103,31,6,0,8,1,31,3,2,1,0,0,13,9,4,40,3,23,13,35,14,21,59,12,3,13,17,7,1,29,12,19,26,5,9,0,8,3,39,0,35,3,30,1,70,10,4,9,2,5,59,32,9,15,0,3,0,0,0,331,243,13,34,7,16,32,12,20,0,466,65,6,27,3,30,6,86,4,30,14,28,5,93,136,249,210,70,37,74,30,43,72,39,30,38,39,3,20,5,9,8,3,24,6,4,1,7,6,5,1,7,4,2,0,6,1,4,21,2,14,8,5,18,4,5,7,0,4,3,9,12,17,7,12,13,13,10,28,5,1,1,1,2,1,0,4,1,0,0,0,0,5,2,138,0
1897,11,0,0,1,0,0,7,70,1,11,58,2,26,32,13,5,37,53,23,31,92,3,1,1,3,8,1,5,60,13,32,94,0,12,65,17,0,11,25,5,1,0,24,9,13,7,6,108,46,10,0,14,1,34,2,6,0,0,0,13,6,1,46,3,24,10,33,16,29,27,19,7,10,23,6,0,28,13,5,31,2,15,3,6,9,19,0,53,2,29,2,88,16,7,4,1,3,56,24,12,18,0,11,1,0,2,340,237,8,34,5,19,32,12,15,0,476,64,1,31,5,42,13,64,0,9,9,36,6,114,125,191,203,73,27,67,26,60,66,32,23,40,52,8,11,4,16,14,7,32,8,5,1,8,4,5,0,8,3,0,0,3,5,10,14,3,14,2,5,23,8,9,9,0,6,5,10,13,6,6,20,12,9,10,21,17,4,1,1,2,3,1,3,0,1,0,0,0,5,3,158,0
1898,14,5,2,0,2,0,7,40,1,9,50,2,23,35,16,5,37,75,30,72,97,1,0,3,2,5,1,6,76,13,46,130,0,20,57,40,6,10,22,7,4,0,17,14,11,2,11,117,54,21,0,21,5,37,3,8,0,0,0,12,9,6,42,4,33,20,52,31,17,31,24,14,15,15,6,3,26,7,5,38,11,14,1,8,7,26,0,31,4,26,2,74,11,6,13,0,4,60,25,9,11,0,10,0,0,0,336,186,9,33,10,12,37,14,17,2,513,86,2,26,8,34,10,58,7,26,28,40,10,135,149,286,211,98,35,61,33,42,56,35,27,33,42,3,18,5,12,9,3,30,7,5,3,8,4,3,3,12,4,1,3,7,6,15,22,6,14,8,8,13,9,11,7,0,7,4,5,22,11,5,19,10,10,11,26,8,4,1,1,2,3,1,4,0,0,0,0,2,5,2,117,0
1899,9,1,0,0,0,0,11,64,1,6,71,1,30,33,12,5,57,73,30,76,134,2,1,3,1,8,1,3,72,20,47,102,0,11,79,31,0,8,26,5,2,0,26,14,13,11,6,137,63,12,1,17,4,35,3,3,2,0,2,13,6,5,28,5,22,12,57,25,23,21,24,4,11,18,7,2,30,19,15,20,4,8,3,9,10,51,0,48,2,29,3,73,20,5,12,0,5,52,31,10,15,0,18,1,0,0,324,171,12,24,10,13,41,14,22,0,549,51,4,25,4,27,16,70,4,17,18,42,7,147,134,324,212,78,23,71,36,35,83,32,25,39,57,3,19,5,9,7,6,13,15,6,3,4,2,3,0,10,3,1,2,2,4,9,17,7,11,3,7,6,8,17,12,0,7,2,10,10,6,4,11,8,12,15,32,13,0,2,0,1,1,4,2,0,0,0,0,0,4,3,140,0
1900,73,14,13,4,16,0,52,267,5,11,184,8,56,137,171,111,80,165,74,104,322,23,10,105,7,24,14,20,271,61,205,151,0,55,159,98,5,45,81,22,15,3,140,77,91,27,103,1041,179,23,1,31,10,74,13,50,14,8,5,76,60,29,182,160,127,335,503,119,129,91,62,23,71,69,16,69,105,77,20,43,20,52,73,40,24,69,5,453,8,24,12,240,60,110,74,10,8,396,132,68,14,625,27,5,0,3,893,1664,62,198,23,47,140,32,134,15,729,168,19,123,19,80,31,306,62,146,186,705,18,398,533,388,297,225,119,223,55,140,104,141,98,166,154,8,29,8,44,72,11,86,20,10,3,16,12,10,2,24,27,7,0,4,4,88,103,39,55,31,18,139,83,41,61,9,25,5,48,70,110,53,71,67,27,81,187,33,9,14,1,5,26,4,6,0,1,0,2,2,32,16,680,0
1901,16,1,2,1,2,0,21,57,3,10,80,1,20,34,20,6,50,81,41,64,147,5,0,2,1,7,1,3,63,20,45,142,0,9,87,40,5,13,41,7,4,0,24,15,13,4,10,126,58,13,0,18,6,20,1,4,1,0,3,20,9,6,42,8,31,23,55,27,34,26,17,12,10,25,7,0,37,26,4,35,1,16,2,13,9,19,0,42,5,21,6,78,8,5,10,0,6,67,47,8,19,1,11,0,1,0,255,181,12,51,6,19,53,18,32,0,646,75,4,40,6,52,9,50,10,28,9,40,9,176,145,257,235,98,50,91,27,49,59,36,33,56,70,7,26,9,8,16,7,30,6,3,2,7,10,4,2,10,3,2,0,3,3,11,25,5,27,3,7,31,11,7,11,0,8,3,9,12,20,5,19,15,8,20,37,9,1,3,3,0,2,3,3,0,0,0,0,0,4,4,140,0
1902,28,5,4,0,2,0,35,86,2,6,85,2,28,35,35,7,62,68,55,82,151,1,0,5,1,6,2,9,73,13,65,149,0,15,91,46,0,17,51,2,3,0,33,7,11,4,7,147,82,16,1,13,2,39,3,6,2,0,1,18,13,8,55,5,39,25,76,33,59,39,23,9,10,22,6,2,43,19,12,31,7,24,4,16,15,36,1,54,2,29,5,82,14,8,12,3,3,70,36,17,12,0,10,3,0,3,262,172,14,53,11,15,72,16,36,0,661,84,13,28,9,52,13,66,6,36,29,50,8,184,183,284,243,116,55,126,35,79,77,47,42,56,74,8,25,11,10,16,4,26,9,3,3,6,4,4,1,12,3,1,1,2,5,18,28,13,31,6,9,20,16,14,16,0,11,6,13,21,12,13,23,20,11,14,50,8,1,0,0,2,7,0,1,1,0,0,0,0,0,9,195,0
1903,15,4,2,1,3,0,12,81,2,16,68,0,41,37,37,13,44,73,54,70,142,7,0,7,0,2,2,5,86,20,56,137,0,12,82,48,4,10,36,5,3,0,44,14,15,7,8,145,61,13,1,18,1,31,5,10,2,0,1,22,11,4,50,8,41,33,109,45,74,63,11,10,9,23,12,4,35,26,10,28,10,17,8,13,14,39,0,48,4,29,4,93,12,8,16,5,6,92,61,18,18,3,9,0,0,0,280,183,11,62,14,21,74,19,26,0,680,72,7,42,13,54,27,51,4,24,17,70,6,173,161,327,230,82,42,130,39,89,111,70,42,71,73,11,30,15,17,23,6,34,13,4,5,12,4,1,1,18,7,1,1,2,5,30,44,5,37,4,8,20,12,14,16,1,16,7,19,22,21,12,21,23,9,22,57,11,1,3,3,0,2,1,0,1,0,0,0,1,4,5,186,0
1904,9,0,0,0,1,0,20,57,3,8,47,1,36,31,37,14,41,89,50,77,157,5,2,10,2,8,0,12,76,25,36,131,0,18,66,43,1,12,45,5,4,0,39,16,12,6,10,161,40,10,0,23,8,39,4,11,2,0,2,28,10,6,35,14,40,31,118,42,68,46,19,8,18,23,10,6,49,17,6,44,6,22,3,18,8,37,0,44,2,17,5,95,15,8,19,1,6,95,57,19,21,2,12,0,0,0,239,203,17,79,11,21,74,16,39,0,671,64,15,30,15,69,20,70,6,34,21,41,7,164,168,260,246,98,60,131,35,89,108,77,35,57,94,8,36,13,18,14,9,32,5,10,1,8,3,1,2,15,5,1,0,2,3,30,31,8,25,7,16,48,15,16,13,0,12,6,10,16,28,17,33,20,7,32,60,6,3,2,2,2,0,2,2,0,1,0,0,2,12,8,185,0
1905,17,3,5,0,1,0,22,57,2,10,58,3,26,35,33,10,43,66,45,66,124,4,3,9,2,2,3,3,80,25,61,120,0,19,79,41,3,12,33,8,1,0,47,15,11,1,12,173,45,5,0,21,5,28,4,5,2,0,2,23,8,4,51,10,28,23,133,53,45,49,25,7,15,32,10,4,37,20,10,37,6,31,2,18,16,43,0,56,4,20,3,83,17,6,11,2,4,89,56,17,26,2,6,0,0,3,236,198,12,74,13,17,76,21,41,1,648,69,6,34,9,62,15,57,10,29,16,40,9,204,166,244,238,96,64,142,27,85,99,67,32,53,74,9,29,8,15,31,2,32,6,6,2,4,6,6,3,20,11,1,2,6,2,29,41,9,28,4,6,31,22,22,9,2,8,6,20,26,20,14,45,23,2,10,43,7,6,4,4,1,3,3,1,1,0,0,1,0,2,3,209,0
1906,8,4,7,0,1,0,20,65,5,15,61,5,30,53,31,6,52,85,54,69,130,10,0,6,2,6,1,3,67,15,42,127,0,18,86,24,1,9,44,11,6,0,40,13,17,1,14,148,48,8,0,22,3,43,4,13,3,0,0,12,11,4,58,19,48,22,135,46,65,52,33,10,13,26,7,4,32,30,18,40,3,28,3,18,10,44,0,79,2,21,1,103,24,7,16,7,6,88,60,6,16,2,9,0,0,2,246,217,15,67,13,13,68,22,34,0,668,59,9,29,18,92,11,39,11,33,24,41,5,181,173,239,219,93,42,110,39,85,73,66,32,41,62,7,23,9,12,24,4,20,7,7,7,7,3,4,5,16,10,1,2,4,5,31,38,14,29,8,9,30,24,23,13,4,24,6,17,40,26,8,28,30,9,21,58,10,3,0,1,3,3,2,3,0,0,0,0,0,3,10,184,0
1907,6,6,3,0,2,0,32,66,0,15,66,1,30,48,40,13,51,84,52,101,139,6,1,13,2,4,1,4,99,14,56,134,0,22,79,41,1,18,55,0,8,0,43,10,20,5,17,153,37,11,2,18,6,45,3,4,1,0,2,18,4,3,51,23,39,32,155,61,61,55,40,16,19,30,10,6,52,43,21,41,7,42,3,19,18,63,1,53,0,14,3,101,10,10,12,2,4,92,61,17,22,0,11,1,0,5,269,204,20,80,14,15,79,16,48,0,669,49,5,44,10,49,10,31,15,42,21,26,16,198,168,268,237,124,52,102,37,60,48,58,44,45,71,9,21,5,15,29,5,38,10,3,4,11,4,1,4,14,10,4,1,0,2,39,42,11,25,15,14,30,28,30,16,0,30,2,29,35,22,22,45,27,12,21,64,4,4,0,0,3,2,2,2,1,0,0,0,0,4,8,200,0
1908,13,2,3,1,1,0,26,60,3,13,91,7,27,44,34,7,46,63,51,84,176,8,1,11,3,11,1,7,90,21,51,129,0,25,97,29,2,13,43,5,6,0,39,12,23,7,19,123,59,14,3,24,6,29,4,9,2,0,1,23,9,7,47,15,49,58,129,67,72,79,59,7,16,20,7,1,59,52,16,57,11,36,5,24,12,76,1,58,0,21,4,110,9,5,21,2,4,88,71,22,13,1,7,1,0,0,312,199,13,80,19,16,114,42,55,0,668,58,4,24,16,51,11,37,14,48,29,31,13,159,180,248,238,146,41,108,42,76,53,68,39,52,49,6,16,5,18,27,10,52,8,5,5,10,4,6,0,9,8,2,0,2,15,35,45,11,23,10,12,34,38,26,10,8,25,11,19,81,33,25,46,32,9,22,50,8,9,1,1,2,2,1,7,0,0,0,0,2,7,5,200,0
1909,12,3,5,0,4,0,51,65,7,19,86,3,39,55,31,11,49,78,49,79,124,11,0,12,2,6,0,3,84,30,43,127,0,35,101,29,4,13,61,4,1,0,39,11,28,4,36,140,63,10,1,22,6,35,2,9,0,0,0,18,14,4,71,8,46,38,165,83,68,78,55,11,17,41,8,2,81,40,11,41,9,31,5,30,17,68,0,63,4,24,4,111,15,13,15,4,3,99,75,15,9,2,19,0,0,1,334,174,16,70,13,20,93,27,44,1,707,59,16,33,17,50,10,43,6,62,29,41,14,211,202,292,273,165,48,71,46,55,51,74,41,44,63,8,27,11,15,34,6,41,14,4,7,5,7,8,0,23,8,2,1,3,12,34,48,12,31,7,14,34,29,25,16,2,20,9,21,45,34,85,50,34,13,25,45,12,3,2,2,0,7,3,6,0,0,0,0,2,3,8,173,0
1910,16,3,2,0,1,0,41,67,3,14,78,5,44,52,36,16,56,90,42,82,150,6,0,22,0,8,0,7,80,25,40,122,0,21,114,40,0,7,54,5,5,0,36,17,20,8,24,191,64,11,0,30,9,29,7,13,1,0,0,34,17,9,91,10,53,70,191,81,78,109,48,17,39,57,14,13,87,52,22,45,12,34,6,30,14,92,0,58,2,27,4,110,16,10,17,2,6,84,93,25,25,4,12,1,0,3,305,219,13,88,16,14,81,31,55,2,772,72,11,32,20,45,25,57,4,58,28,28,6,255,230,303,279,216,69,77,40,73,49,83,30,59,74,7,19,11,15,46,3,50,20,10,4,7,10,4,5,17,8,4,0,3,7,49,62,20,45,18,26,51,27,13,13,2,44,7,21,44,18,91,56,30,15,24,66,12,9,2,1,3,8,2,5,3,1,0,0,1,5,14,241,0
1911,16,5,7,0,3,0,37,91,4,28,102,4,42,49,29,11,59,80,46,107,134,6,0,18,0,2,1,1,89,13,66,167,0,27,97,43,2,16,70,7,5,0,35,11,24,2,21,170,66,22,0,22,8,47,5,15,2,0,1,18,10,10,66,11,44,61,205,82,113,103,47,8,38,67,7,12,75,43,19,71,10,37,4,33,26,101,3,68,2,31,6,118,22,11,14,4,5,105,101,26,20,1,15,3,0,4,326,210,19,72,24,23,89,40,51,0,776,76,9,40,16,52,19,82,7,46,46,48,8,238,234,348,296,224,55,92,45,63,55,108,61,54,66,6,31,16,23,45,9,70,11,7,6,9,13,6,4,23,9,4,2,4,3,65,87,19,55,6,16,58,36,22,8,3,17,9,25,47,37,74,67,42,10,45,56,16,7,1,1,4,9,6,1,0,0,0,0,1,6,8,199,0
1912,12,3,4,0,1,0,31,79,3,21,92,3,41,61,48,16,62,70,52,104,144,10,0,21,3,4,3,6,106,25,63,168,0,24,138,63,2,16,56,7,5,0,40,16,25,10,23,173,76,18,0,28,6,38,7,13,5,0,0,47,13,9,88,12,56,62,264,73,99,85,48,13,39,94,9,3,62,44,15,101,9,48,8,18,15,111,0,73,2,26,2,135,12,17,17,0,4,119,105,39,14,1,10,2,0,2,358,216,20,92,19,25,77,47,41,2,821,98,7,43,27,48,40,63,9,55,22,52,8,270,274,342,309,251,74,105,31,87,55,101,56,67,68,10,38,14,25,36,16,67,22,6,4,8,17,10,8,22,8,5,1,1,3,56,77,19,56,14,22,62,31,17,20,4,16,10,30,43,31,61,61,45,13,46,69,13,5,4,3,2,12,2,4,0,0,0,1,2,15,9,227,0
1913,13,4,4,0,1,0,23,81,3,18,74,2,46,59,38,11,60,61,53,87,141,11,1,30,0,7,1,10,101,33,64,140,0,20,99,67,0,16,38,7,4,0,45,7,16,3,44,180,65,16,1,23,8,34,6,14,5,0,0,30,13,8,76,11,48,57,251,96,117,105,47,14,37,78,14,13,81,37,18,79,10,30,6,29,21,100,0,64,3,23,6,128,9,9,16,3,4,103,111,34,22,0,13,0,0,0,319,251,22,96,15,25,85,40,66,1,811,62,9,37,19,63,27,62,12,58,36,33,10,266,285,320,332,241,58,86,46,79,61,94,54,65,73,8,24,9,21,45,9,71,13,3,5,11,13,9,6,25,7,4,0,4,6,75,59,16,56,16,15,47,34,34,18,4,15,9,24,43,48,50,84,33,7,36,53,13,5,0,3,0,3,3,6,0,0,1,0,0,10,7,241,0
1914,23,0,3,0,3,0,27,84,4,16,87,2,43,45,28,13,63,62,46,91,125,9,3,16,2,5,0,8,104,38,363,113,0,23,83,92,7,14,35,8,1,0,51,17,26,7,35,158,47,11,2,26,11,27,6,6,3,0,1,20,13,10,92,13,45,53,221,87,104,73,55,10,39,73,16,7,73,24,27,73,9,26,8,28,10,103,0,67,4,28,6,121,11,16,17,3,5,109,122,32,21,0,6,1,0,3,331,252,12,101,14,20,73,36,47,1,712,69,2,43,15,56,28,61,16,43,35,34,9,257,274,288,347,216,51,88,27,73,76,106,55,58,51,9,27,12,14,45,7,57,19,5,5,5,8,8,8,21,2,10,0,2,7,52,69,10,46,7,11,62,33,29,21,8,12,7,30,49,39,26,83,36,6,42,64,23,6,6,4,6,7,6,7,0,0,0,0,1,9,7,244,0
1915,17,0,4,0,2,0,23,51,2,7,66,6,33,39,27,12,43,64,42,93,106,6,1,9,2,7,3,7,71,24,997,112,0,22,48,132,0,18,30,21,6,0,62,18,9,1,38,124,44,9,3,18,12,27,5,11,0,0,1,16,15,7,77,22,40,77,202,87,111,78,42,20,29,47,14,7,91,25,12,57,9,8,3,36,6,141,2,57,3,17,8,110,8,15,15,1,4,97,94,26,29,2,3,0,0,3,284,186,16,44,12,22,22,22,37,0,717,56,6,35,20,45,22,53,9,29,21,49,4,234,191,235,343,153,46,91,31,54,43,99,37,35,58,9,24,8,13,44,3,59,15,4,2,10,16,9,8,16,4,5,0,5,6,46,52,14,44,7,12,62,46,37,10,2,15,9,28,48,32,23,78,28,7,36,73,33,8,5,3,9,6,4,6,0,0,1,1,1,10,11,220,0
1916,16,1,2,0,0,0,33,49,1,16,86,2,44,44,21,11,47,52,38,95,126,3,1,10,2,6,1,8,60,33,787,96,0,26,48,83,1,7,19,19,2,1,78,7,12,6,29,127,23,12,1,33,13,15,4,5,1,0,0,15,11,8,88,11,24,88,205,65,109,84,60,10,26,47,12,7,56,15,17,68,17,14,7,23,12,102,0,44,1,12,5,137,16,4,5,2,8,97,101,25,25,2,2,1,0,3,275,194,12,34,11,13,29,23,28,0,692,59,1,39,9,41,24,63,5,22,24,33,6,233,237,323,411,120,39,82,33,69,53,77,38,35,59,7,25,13,16,47,12,67,15,7,3,12,17,9,4,21,2,10,0,4,1,35,39,12,49,9,8,69,38,34,14,1,15,11,24,28,42,33,72,44,8,36,64,40,15,3,8,12,14,2,6,1,0,0,0,1,11,8,213,0
1917,13,2,4,0,3,0,37,48,4,13,94,3,46,39,17,6,60,67,54,134,159,9,1,10,2,6,2,16,40,20,873,86,0,27,33,66,0,6,23,22,1,0,80,11,11,5,35,133,21,6,1,29,8,18,5,9,1,0,1,21,10,6,55,8,23,94,243,47,128,75,72,11,23,46,12,3,58,21,23,59,12,23,8,23,10,109,2,38,1,7,3,101,19,13,6,2,9,83,126,27,20,3,7,2,0,4,279,242,8,35,9,20,30,14,22,0,692,38,4,49,3,40,18,48,6,27,20,46,3,143,227,249,407,143,44,80,22,73,39,58,25,43,57,10,25,11,15,52,8,50,18,7,4,11,10,6,4,21,12,6,0,3,6,42,54,10,48,9,6,57,32,26,16,2,13,7,21,41,34,62,82,28,5,33,86,16,40,13,17,28,34,17,3,2,2,0,0,4,9,17,192,0
1918,5,0,2,0,1,0,23,58,4,12,83,1,27,33,25,17,47,61,51,96,128,2,0,11,2,2,1,6,39,23,906,80,0,30,50,91,1,9,22,19,2,0,109,11,22,2,44,137,27,10,0,29,5,15,7,4,1,0,1,23,4,0,48,7,20,125,209,50,121,54,71,10,24,39,11,10,58,43,29,52,9,29,12,24,9,108,0,39,2,13,3,73,13,23,4,3,5,78,67,39,11,1,2,0,0,2,268,262,9,29,8,18,34,10,27,0,624,53,6,63,11,40,10,58,5,56,17,51,5,157,240,289,348,108,46,56,25,55,52,69,31,37,45,4,26,10,14,25,7,50,31,4,3,4,6,11,1,23,3,7,0,1,2,37,45,14,29,8,7,60,20,16,12,1,4,6,13,28,18,71,83,41,8,34,97,18,40,11,8,11,23,17,2,1,0,0,1,1,24,22,185,0
1919,15,2,1,0,1,0,24,48,2,14,102,5,21,50,21,13,49,62,48,95,129,12,1,12,0,7,3,5,32,27,904,95,0,40,69,145,1,8,26,12,3,0,156,12,10,3,47,168,23,10,0,22,7,9,7,8,2,0,1,17,7,4,64,6,34,163,272,67,149,82,53,11,45,46,5,40,74,72,25,56,10,25,12,21,11,139,0,55,3,8,1,133,18,20,8,3,1,66,91,26,14,1,5,1,0,0,284,279,15,33,7,23,43,11,30,0,767,42,4,45,6,47,2,72,6,53,21,29,9,163,304,299,361,131,51,52,23,59,47,64,36,44,55,3,41,10,18,33,8,62,20,2,0,8,7,3,1,9,6,10,0,2,8,36,47,16,36,6,8,70,31,11,12,2,12,4,16,35,42,74,78,37,9,36,50,10,21,8,3,7,9,3,2,0,0,0,0,1,18,15,137,0
1920,36,3,4,0,2,0,20,86,7,16,160,8,38,46,40,9,55,76,45,126,158,10,2,17,1,5,0,6,52,29,542,179,0,40,64,79,1,14,39,10,5,1,120,17,12,6,27,208,52,15,1,32,6,30,6,7,2,0,1,27,15,7,87,10,49,124,316,68,134,82,44,26,40,52,12,7,51,89,21,90,14,37,11,16,12,80,0,44,2,16,7,121,6,14,11,0,4,65,98,37,27,2,5,1,0,0,354,327,30,44,12,38,67,36,53,2,822,86,7,72,8,60,8,101,9,67,44,29,5,193,495,329,434,215,64,68,26,131,72,74,46,47,61,10,24,10,21,60,4,73,15,7,3,7,13,7,1,20,7,4,1,2,1,28,36,18,46,14,14,77,26,14,4,5,10,6,24,51,63,71,95,53,17,65,74,4,14,6,3,8,12,4,2,1,2,1,1,0,9,14,204,0
1921,27,2,1,0,3,0,26,83,7,22,114,2,25,59,32,10,53,71,36,139,141,14,0,11,1,13,2,7,48,30,321,156,0,28,67,59,0,18,26,10,0,0,117,16,18,5,22,194,47,12,0,39,12,54,6,10,2,0,2,25,16,8,81,16,52,86,275,57,142,84,71,16,22,63,14,10,66,59,16,57,14,29,7,5,22,97,13,52,2,24,5,123,10,15,8,0,3,89,110,25,19,4,8,1,0,2,438,362,37,56,20,41,73,16,50,1,767,68,8,56,8,54,9,89,8,64,23,53,7,184,480,319,412,191,75,88,29,114,76,83,60,45,70,9,37,21,29,40,8,49,16,6,4,9,11,10,5,29,10,6,0,0,4,28,41,10,38,18,13,68,36,26,6,1,12,10,20,37,48,45,73,52,18,54,41,4,8,1,0,9,10,2,3,1,1,0,2,0,7,14,216,0
1922,26,3,3,0,0,0,27,113,6,27,167,4,32,69,53,16,80,101,62,151,183,14,1,7,2,9,1,7,57,24,265,142,0,21,82,78,4,14,39,8,5,0,88,11,28,4,29,201,60,15,1,21,4,33,4,14,5,0,4,35,22,11,98,24,55,113,258,79,224,110,53,31,30,64,14,11,107,48,19,65,11,19,3,18,15,87,3,65,0,28,6,129,19,17,9,2,8,117,153,36,21,4,8,1,0,5,453,432,38,60,22,26,95,37,79,1,895,96,11,76,10,71,8,167,5,76,43,46,5,259,471,392,487,205,96,88,44,131,110,90,45,55,77,7,54,10,21,38,7,75,13,7,1,11,17,11,6,30,9,9,2,5,7,34,52,18,47,12,10,66,24,18,6,2,15,9,18,48,61,42,86,62,16,58,69,5,3,0,3,6,10,5,0,0,0,0,0,1,8,13,229,0
1923,35,4,3,1,0,0,37,129,5,28,152,8,46,87,47,19,75,105,60,179,206,28,3,9,3,12,2,11,61,42,270,154,0,38,70,63,1,10,57,6,2,1,100,15,30,5,26,202,83,18,0,26,6,47,3,12,4,0,1,55,20,13,118,19,65,103,256,61,184,98,68,54,20,41,20,38,78,51,20,54,10,27,11,18,19,107,1,69,2,22,3,116,21,15,11,4,3,101,145,40,21,1,10,1,0,6,472,454,47,68,29,32,116,45,71,1,943,87,6,70,12,63,14,171,7,73,31,49,7,280,560,507,533,191,84,101,41,127,101,89,67,52,104,14,59,23,22,44,8,81,18,8,4,19,18,10,3,42,11,9,0,3,1,45,57,19,46,8,22,58,30,23,11,14,11,10,23,45,58,27,77,57,11,63,60,11,6,2,1,2,4,4,2,0,0,0,0,0,15,12,256,0
1924,68,5,7,0,2,0,26,130,6,22,141,8,47,68,40,11,88,133,101,170,238,12,0,11,1,11,4,5,60,38,233,193,0,38,124,83,2,19,66,6,4,0,77,18,31,5,26,236,79,23,3,36,5,69,3,4,3,0,4,61,21,11,99,21,52,114,254,75,240,115,67,29,31,57,35,23,78,47,23,63,5,31,10,19,30,106,1,79,0,33,6,208,17,20,11,4,6,119,179,37,23,4,14,0,1,3,498,480,42,103,27,30,94,39,85,0,1039,77,8,66,12,64,6,110,16,60,48,39,9,342,632,498,532,303,75,110,35,139,109,87,62,59,69,11,61,14,30,38,9,98,12,9,3,17,20,7,7,37,7,3,0,1,2,54,67,20,35,12,14,73,38,18,10,1,18,18,25,41,79,34,84,59,9,47,72,16,4,2,0,2,6,2,2,3,0,0,0,0,16,17,278,0
1925,77,6,4,0,5,0,32,133,5,31,154,9,52,90,47,16,79,141,87,187,270,22,1,16,3,6,1,5,73,41,241,185,0,34,131,102,2,23,84,2,9,0,129,22,33,5,33,265,87,19,3,29,8,87,5,10,2,0,3,57,30,18,109,23,91,109,264,83,210,110,73,32,20,80,19,14,98,48,19,49,11,24,11,19,15,133,0,100,4,41,1,147,16,18,23,6,10,175,190,47,22,2,11,6,0,2,511,556,47,98,26,36,111,38,82,0,1101,121,16,80,10,81,21,91,9,64,35,62,2,308,652,554,556,313,61,106,39,174,102,127,98,65,103,8,54,14,33,60,7,101,28,9,5,6,12,8,4,43,8,3,1,1,2,35,62,17,49,16,22,80,48,26,7,5,12,10,22,31,62,43,84,55,10,60,63,6,7,2,0,6,7,5,4,2,0,0,1,0,16,18,322,0
1926,102,2,5,0,1,0,34,123,3,23,142,10,40,107,48,19,75,112,86,183,255,15,1,14,5,13,3,7,83,41,194,157,0,41,121,88,3,16,58,3,2,0,88,13,37,8,29,265,82,18,1,33,4,73,2,14,5,0,3,49,25,13,123,19,64,124,319,81,198,137,76,27,30,64,15,19,112,45,30,58,9,28,14,18,21,149,1,103,4,34,5,303,29,23,22,6,4,146,225,65,13,2,9,0,0,1,466,525,45,118,35,37,94,42,107,0,1082,88,7,62,12,68,17,112,12,84,45,87,12,326,701,518,584,267,73,125,56,139,137,121,78,58,86,9,66,17,32,58,12,124,21,13,4,6,24,13,7,42,19,9,0,3,2,34,62,22,52,20,20,68,39,33,17,0,27,18,20,45,53,54,88,56,6,45,73,9,1,3,1,3,6,0,4,0,1,0,0,0,14,16,353,0
1927,163,8,13,0,8,0,37,133,10,32,161,13,54,109,67,20,106,125,84,182,264,17,3,9,7,11,4,3,70,58,226,182,0,27,135,103,3,23,86,5,4,1,109,18,42,9,28,307,79,26,2,32,4,71,9,13,4,0,2,67,20,23,126,21,97,160,311,87,222,126,69,33,26,80,16,13,116,73,40,55,8,28,18,22,15,191,3,104,3,42,4,208,21,30,31,6,10,178,208,47,19,2,18,3,0,5,574,697,64,96,36,38,115,45,78,2,1260,98,16,73,15,80,21,121,11,95,41,103,3,350,720,551,666,287,69,120,53,149,125,118,90,73,102,14,75,24,46,62,6,106,12,12,6,14,25,10,9,34,17,10,0,5,1,44,79,21,35,14,17,65,48,35,11,6,20,11,31,49,63,71,69,61,16,60,67,9,6,1,0,0,8,1,3,0,1,0,1,1,17,17,341,0
1928,128,5,3,0,12,0,41,146,9,30,171,11,42,85,71,23,102,119,97,180,266,19,3,11,5,5,3,19,99,58,261,191,0,57,149,98,4,17,96,10,6,1,129,17,56,10,42,335,93,28,2,31,13,89,5,12,9,0,1,61,30,15,148,16,87,140,349,69,234,129,67,27,18,97,20,14,119,77,37,76,13,37,38,22,21,185,2,157,4,49,9,302,21,29,27,7,12,155,253,53,21,2,14,0,0,4,576,900,54,133,24,39,129,49,93,2,1356,104,6,89,12,110,22,172,15,97,46,128,10,428,782,545,708,346,82,117,48,148,157,106,93,71,130,12,67,27,38,55,9,113,30,8,3,16,20,15,2,35,19,8,0,4,5,40,79,27,44,25,27,69,55,28,11,7,11,9,27,44,78,109,81,60,12,54,79,11,11,1,1,4,6,1,3,1,0,0,0,0,14,19,360,0
1929,198,2,7,0,6,0,49,159,7,52,154,7,37,93,56,17,115,145,99,181,289,18,4,10,2,9,5,12,98,67,258,163,0,44,172,133,5,21,65,7,3,0,131,13,83,7,32,346,91,75,0,30,17,108,7,9,6,0,3,48,32,17,141,19,95,145,357,116,263,150,79,35,26,118,13,22,137,100,42,55,17,39,21,14,18,145,3,155,8,40,3,207,21,22,31,5,11,185,245,50,26,0,7,3,0,6,505,880,53,130,41,35,120,51,97,2,1533,97,16,59,15,116,20,133,16,95,37,124,4,430,800,555,631,358,115,134,42,143,127,120,87,70,110,10,70,15,46,57,12,114,27,4,5,14,15,11,5,38,14,17,0,3,2,40,60,25,51,21,18,69,49,23,7,4,10,18,25,35,70,107,93,58,19,63,69,8,3,0,1,4,4,4,4,1,0,0,0,0,20,14,391,0
1930,116,3,4,0,1,0,46,167,9,33,176,8,43,101,73,13,112,133,97,188,312,27,5,9,3,7,0,10,131,62,332,209,0,71,168,142,3,20,111,10,6,0,126,18,106,10,34,366,113,22,0,40,16,133,6,9,6,0,6,55,33,19,145,21,105,202,386,86,300,176,90,28,21,116,19,22,164,99,43,58,24,44,40,32,23,162,1,160,7,44,3,321,21,22,31,4,15,189,260,64,20,4,11,1,0,7,580,836,53,145,34,57,156,55,99,1,1665,119,12,96,13,100,24,152,6,94,35,126,6,485,816,573,654,383,104,138,58,158,118,116,92,78,130,25,73,27,71,73,10,89,18,9,7,14,21,15,8,42,6,14,1,1,0,53,77,16,54,29,30,91,82,25,11,8,10,9,25,41,73,120,95,63,18,65,103,13,7,2,0,2,7,1,9,1,0,0,0,0,18,18,465,0
1931,97,6,8,1,3,0,46,161,6,29,182,12,30,83,71,21,103,120,87,174,303,29,4,22,7,8,2,5,93,67,304,179,0,50,150,135,6,26,68,5,4,0,168,12,94,9,26,340,130,23,1,50,13,111,8,15,7,0,3,67,22,21,146,25,109,195,390,69,292,172,68,42,32,123,10,10,161,85,54,61,16,46,22,29,22,181,1,124,2,56,5,247,35,16,20,8,13,190,274,56,24,2,14,1,0,4,584,923,50,121,32,41,142,35,73,1,1560,95,11,78,13,100,19,108,12,73,43,129,11,430,661,556,592,302,108,140,50,148,126,134,114,70,133,23,71,22,58,71,20,133,32,16,5,21,13,8,5,25,13,10,0,2,3,44,81,23,60,33,28,78,57,28,14,9,10,15,33,55,76,102,81,56,19,53,80,13,8,0,0,2,7,3,4,0,0,0,0,2,15,20,438,0
1932,56,3,11,1,6,0,37,150,9,31,140,11,33,98,45,17,69,99,65,177,314,31,1,17,6,5,3,7,84,62,288,203,0,47,159,149,5,18,80,4,8,1,143,15,78,11,25,363,90,22,2,39,13,130,3,18,3,0,4,56,29,12,146,24,114,235,424,101,206,182,108,32,39,94,17,20,126,101,44,64,11,46,26,35,15,210,1,122,5,44,2,326,47,19,25,4,11,186,232,53,23,1,19,3,0,2,591,766,42,113,20,29,87,24,63,0,1481,80,10,89,16,93,17,80,12,62,41,190,4,370,630,534,454,353,142,111,45,144,127,122,85,46,122,13,73,27,54,47,18,111,34,6,5,13,14,14,9,40,16,11,0,3,4,46,73,23,57,30,14,61,57,35,7,2,10,13,28,32,50,80,88,55,17,59,77,22,9,0,1,1,11,0,5,1,0,0,0,1,16,14,410,0
1933,45,7,6,2,8,0,34,150,10,38,130,7,49,96,46,18,141,93,102,150,305,32,0,15,2,14,0,4,79,59,264,212,0,40,123,259,1,32,69,8,9,0,131,16,85,6,23,357,85,17,2,31,13,105,5,14,1,0,5,62,15,17,124,23,125,239,469,96,190,230,84,42,46,103,9,22,131,83,54,76,15,44,24,36,13,135,0,125,6,56,2,206,53,28,36,5,7,181,197,46,32,4,12,3,0,3,612,890,55,100,23,35,90,22,76,1,1030,89,13,61,9,88,22,102,12,80,53,177,7,354,570,470,530,362,113,140,48,133,122,104,69,62,112,16,64,26,50,49,9,81,18,9,7,21,11,13,12,37,15,8,0,1,3,36,72,27,68,16,24,55,44,13,11,5,16,11,19,42,80,93,76,69,20,51,86,27,8,1,0,3,13,1,1,0,0,0,1,3,14,15,420,0
1934,49,5,8,0,5,0,40,210,10,29,143,6,48,132,58,13,180,145,134,244,367,38,6,13,3,2,2,9,93,70,332,208,0,69,124,267,4,21,74,17,2,0,126,20,60,6,26,432,88,26,0,33,14,118,8,8,3,0,7,75,18,21,140,31,125,249,456,117,206,253,89,45,41,115,21,19,167,93,71,63,20,62,31,30,21,153,2,136,8,58,0,245,36,26,30,3,11,223,207,54,23,4,17,4,0,3,592,1023,43,115,24,29,112,22,73,0,1332,100,11,75,18,101,39,120,6,96,55,158,3,368,604,519,653,350,182,156,67,134,130,99,78,68,133,19,77,14,51,52,15,123,28,17,2,21,18,12,10,27,12,13,0,3,4,40,63,26,54,21,27,64,55,26,18,5,9,19,23,38,68,103,60,83,30,44,91,29,13,1,2,5,13,3,12,3,0,0,0,0,13,18,389,0
1935,51,2,5,1,3,0,47,211,11,22,175,10,69,132,83,21,137,169,90,213,391,35,3,13,0,10,3,8,95,72,281,286,0,71,116,161,2,23,80,9,2,0,155,29,81,6,47,404,167,35,0,54,17,106,9,18,6,0,5,85,22,26,152,17,121,259,522,128,241,231,92,40,38,95,15,10,180,103,81,75,11,55,35,35,11,149,2,143,5,48,4,309,30,30,49,0,2,194,220,64,30,4,16,4,0,3,635,1085,61,125,21,49,105,29,77,2,1365,91,11,89,16,125,29,149,17,104,48,139,7,444,758,534,645,409,179,135,61,120,122,165,84,91,130,19,74,27,66,67,7,122,20,6,4,19,17,13,9,36,11,13,1,7,3,43,95,34,75,20,19,87,71,32,7,12,13,12,31,56,78,141,64,54,43,52,109,30,10,2,0,5,25,3,9,0,0,0,0,1,11,23,495,0
1936,75,8,4,0,6,0,58,186,6,28,151,8,60,120,55,21,108,160,111,241,335,29,0,22,1,18,2,6,85,83,271,257,0,83,144,215,5,25,67,8,6,1,144,32,68,4,40,490,177,48,2,48,16,99,7,16,3,0,4,81,20,23,196,21,143,265,581,119,256,206,98,40,53,103,19,23,188,77,56,92,19,46,49,39,21,168,1,134,5,55,5,287,41,39,28,10,8,241,224,47,31,4,20,2,0,4,600,1155,61,132,33,45,147,37,99,0,1440,121,10,69,10,113,41,145,14,108,54,122,13,451,698,482,637,410,139,133,37,150,141,145,91,97,166,15,78,27,76,68,17,124,21,17,2,13,18,25,6,42,14,11,0,4,2,68,120,32,87,23,35,78,73,31,18,14,13,9,36,57,84,130,93,59,53,81,103,31,7,1,4,2,10,3,4,1,0,0,0,0,13,24,485,0
1937,24,8,13,0,5,0,64,156,15,35,152,10,50,93,64,28,111,161,112,249,368,36,4,31,2,12,2,10,93,103,239,323,0,86,129,183,6,15,70,5,5,0,150,21,277,8,37,523,136,33,0,56,18,85,8,16,3,0,4,72,35,35,203,35,152,242,630,127,279,205,96,39,61,116,16,21,187,74,70,90,25,59,32,35,20,163,2,185,2,51,8,326,62,42,47,14,10,242,225,46,39,4,20,1,0,1,680,1229,76,151,37,36,163,27,95,1,1459,88,17,78,13,102,40,138,14,133,55,120,7,478,731,457,703,398,138,140,40,171,146,149,104,81,158,16,100,23,68,76,10,130,33,13,5,23,21,13,6,24,19,16,0,1,1,69,134,28,84,32,29,77,71,17,16,6,27,15,54,54,115,124,118,84,59,59,110,28,8,2,1,4,30,6,6,2,0,0,1,0,18,24,541,0
1938,31,3,25,2,3,0,80,156,12,22,151,6,69,98,60,16,122,144,125,217,366,28,1,26,4,9,2,6,106,83,265,244,0,137,129,198,4,18,89,4,9,0,126,36,228,10,54,507,126,33,1,59,25,89,9,24,6,0,4,66,26,21,184,32,133,256,650,123,290,189,113,53,49,132,23,27,222,69,77,105,31,47,30,33,33,177,0,185,6,87,5,300,45,60,33,8,6,230,251,57,27,8,13,2,0,3,743,1357,78,135,24,46,147,33,77,2,1343,99,9,89,15,109,41,125,19,110,61,120,16,536,767,419,700,436,143,153,44,141,159,155,93,78,135,20,97,28,57,91,21,122,41,11,4,15,18,23,8,54,11,19,0,0,3,85,94,37,90,39,26,77,68,30,22,7,18,14,39,73,81,125,89,76,67,83,135,36,11,5,1,6,31,1,13,3,0,0,0,0,19,16,482,0
1939,14,5,12,1,1,0,86,202,10,30,149,6,62,89,59,19,110,136,65,192,334,39,5,37,1,5,0,12,112,74,384,228,0,99,127,230,1,28,80,10,7,0,154,45,186,14,58,517,120,33,0,61,28,93,6,23,5,0,9,76,17,30,183,28,141,301,676,167,331,205,112,49,51,112,21,26,168,78,97,97,22,66,43,46,44,137,0,153,3,56,8,351,43,48,35,4,6,262,252,57,34,8,8,5,0,4,730,1365,76,150,33,48,132,32,88,0,1305,101,17,97,15,111,35,151,20,103,58,147,15,521,804,367,651,375,176,143,42,162,128,159,92,72,187,24,83,39,68,95,7,140,30,9,5,23,24,25,9,57,7,18,1,0,3,87,128,45,72,42,30,106,76,33,14,4,20,12,54,78,91,119,117,78,83,87,129,45,13,4,6,5,42,3,10,2,0,0,2,1,17,23,507,0
1940,17,3,7,2,3,0,108,205,8,33,136,9,58,120,66,24,111,104,133,226,394,32,5,37,2,10,1,16,134,73,674,212,0,94,100,214,3,24,110,9,15,0,153,33,148,31,77,500,101,60,1,75,30,66,5,37,6,0,5,72,20,27,157,24,123,330,747,176,327,226,99,49,50,105,18,21,183,69,105,111,25,47,36,61,25,121,0,147,5,32,11,349,46,61,23,8,7,224,236,79,40,15,11,2,0,7,726,1442,84,141,29,51,145,17,90,2,1391,98,11,117,9,134,33,125,20,102,85,140,17,512,830,357,724,532,120,146,40,136,141,135,110,89,142,17,85,25,77,87,14,153,46,11,9,14,11,22,10,48,22,23,0,0,3,93,132,31,72,25,16,102,90,18,25,8,30,8,47,62,116,181,128,86,51,80,127,52,20,8,5,10,38,6,9,2,1,0,0,4,22,24,553,0
1941,28,3,16,2,4,0,124,165,8,28,136,3,61,85,54,26,91,120,97,198,336,29,2,69,3,9,1,18,103,68,760,153,0,61,116,193,5,19,94,11,13,3,126,44,84,22,52,418,76,51,0,69,20,68,6,14,2,0,6,67,25,19,164,28,133,301,718,161,308,170,104,52,80,92,16,18,161,47,115,91,28,46,40,51,29,78,1,121,3,29,3,343,49,49,26,0,1,223,239,64,24,13,8,3,0,6,728,1286,87,114,33,49,121,24,79,2,1330,70,10,116,14,97,36,116,18,81,67,95,6,543,783,342,710,436,123,127,47,156,152,139,108,90,137,17,84,24,55,88,12,187,40,13,3,24,21,26,5,43,20,18,0,1,6,92,124,35,78,39,17,119,88,15,26,13,20,18,64,82,92,209,107,78,41,117,132,78,32,10,11,14,58,6,14,4,1,0,0,0,22,32,483,0
1942,20,3,4,1,4,0,101,179,11,40,146,9,52,71,49,12,107,96,79,218,379,32,2,57,1,3,4,7,105,66,981,134,0,60,130,149,3,21,94,17,12,1,170,30,90,16,39,485,85,49,0,59,11,74,11,18,8,0,6,53,18,16,148,27,136,341,668,127,230,137,107,56,74,112,13,16,144,38,92,103,44,46,35,40,25,76,0,149,4,17,5,250,56,71,28,0,8,172,202,60,32,6,5,2,0,3,664,1319,45,115,38,44,147,16,54,2,1291,90,10,120,9,89,34,76,17,73,54,111,8,413,862,318,582,585,126,160,41,137,110,135,72,107,142,28,85,21,51,88,22,176,59,10,7,13,20,15,8,60,17,24,0,5,0,92,135,35,75,24,15,99,88,23,18,9,15,19,55,98,109,264,97,86,28,112,129,117,29,16,10,21,79,5,16,0,2,0,0,2,28,32,464,0
1943,24,4,5,0,0,0,81,159,7,38,129,5,38,70,42,21,101,97,95,199,365,25,2,18,5,3,1,9,75,74,1000,123,0,71,137,169,2,29,66,18,15,2,122,34,107,9,37,453,108,48,0,75,10,69,17,15,6,0,3,59,26,24,128,33,114,281,616,100,160,141,84,33,49,96,19,7,105,45,79,76,29,47,22,37,30,100,0,128,1,23,5,250,58,63,16,1,13,198,143,38,29,3,10,1,0,2,630,1268,52,105,31,51,175,32,58,1,1190,70,8,115,11,75,36,125,20,76,46,121,11,321,890,303,438,882,118,180,42,140,114,119,75,80,132,17,73,29,55,95,17,178,53,14,6,18,21,23,7,33,23,18,0,2,0,89,115,28,95,19,15,108,84,16,19,9,10,11,53,107,139,242,89,84,17,101,133,59,38,22,11,12,69,8,14,4,2,0,1,11,42,43,378,0
1944,15,4,5,0,6,0,70,153,6,20,101,4,32,78,41,36,97,93,77,182,361,39,2,20,2,6,3,8,43,50,876,115,0,54,105,103,5,11,87,29,18,0,136,37,108,20,43,374,88,50,3,61,11,45,11,16,7,0,1,49,36,18,135,15,84,294,587,88,177,138,70,37,43,79,15,10,126,50,84,75,38,52,19,16,20,117,0,106,2,24,4,179,71,80,16,3,3,218,176,45,25,11,6,3,0,0,907,1074,53,108,29,73,144,21,57,3,1220,81,16,88,13,76,34,143,32,68,70,115,18,344,904,347,445,723,112,150,33,133,101,120,65,77,115,29,60,14,55,88,13,159,42,10,5,19,17,16,5,41,27,18,0,3,1,92,87,27,68,28,14,106,66,16,16,4,19,13,42,84,84,208,100,70,33,108,88,31,56,9,6,10,51,11,12,5,3,0,0,7,31,27,315,0
1945,14,3,2,0,1,0,67,130,7,22,112,8,32,65,61,24,76,93,103,188,349,24,2,16,0,6,2,7,58,59,1208,116,0,41,132,99,2,16,117,24,22,1,126,25,109,16,25,315,77,40,0,71,11,50,8,10,7,0,5,55,19,14,111,18,103,270,560,114,217,128,85,35,56,77,6,15,109,71,89,60,35,103,22,32,17,166,2,122,4,23,5,263,50,68,40,3,10,177,141,54,25,8,10,1,0,1,769,860,48,102,30,65,192,24,44,1,1145,73,11,80,8,60,9,147,28,88,68,74,9,356,1069,330,406,398,87,113,28,121,75,92,66,61,103,16,58,29,56,81,7,148,44,5,4,8,11,11,7,28,20,18,0,1,3,62,71,32,72,18,21,101,63,22,18,3,17,5,37,55,87,119,74,48,29,54,69,23,62,5,2,7,19,2,3,3,2,0,0,5,19,19,320,1
1946,30,4,13,0,1,0,83,208,9,58,147,9,59,79,78,27,112,126,99,220,399,39,2,20,2,11,2,7,77,77,1043,176,0,84,135,126,3,14,85,21,28,2,174,49,100,23,32,456,102,46,0,66,21,68,9,23,5,0,2,60,44,11,159,18,117,273,580,181,248,136,71,40,47,100,18,25,139,89,86,92,36,85,39,39,22,167,1,166,3,45,3,339,54,69,27,8,15,240,192,52,30,8,16,1,0,4,1089,1057,51,141,38,85,226,25,78,1,1606,90,7,93,6,86,25,306,31,102,88,90,7,471,1068,487,504,665,131,149,39,154,94,126,83,89,123,19,69,14,64,103,12,179,36,13,7,16,12,12,6,37,19,28,0,0,3,99,94,23,80,35,41,143,71,21,14,11,16,7,48,59,114,146,89,87,36,91,108,24,35,5,2,13,21,7,12,3,1,0,1,2,6,24,370,0
1947,23,6,6,0,5,0,77,205,15,52,181,9,67,80,71,30,115,129,109,212,390,50,4,19,4,13,2,5,89,87,661,205,0,96,133,136,4,33,61,14,18,1,174,44,81,31,27,446,116,51,2,67,18,86,6,28,7,0,4,52,30,17,206,30,94,279,569,149,275,133,89,43,58,81,20,20,147,112,78,88,22,87,60,34,18,149,4,210,6,41,4,423,59,79,38,3,17,321,194,48,35,7,14,4,0,2,1059,1060,77,166,45,92,255,38,125,0,1641,82,21,83,12,87,23,303,18,144,89,146,16,597,880,504,526,535,124,173,42,162,120,151,101,109,186,14,56,29,77,73,6,160,41,9,12,21,27,16,9,40,19,18,0,3,1,116,110,35,120,48,36,103,110,27,18,5,25,12,52,79,152,144,88,121,46,102,125,25,22,3,0,9,25,5,7,1,1,0,0,2,25,28,419,0
1948,28,3,10,0,5,0,93,232,19,39,195,13,50,115,69,31,128,129,104,226,382,44,2,26,1,8,1,12,88,70,506,195,0,86,174,102,2,33,73,21,21,0,171,104,86,41,39,436,109,59,3,68,17,76,15,34,3,0,3,61,37,22,261,32,130,263,544,149,250,152,78,48,54,120,13,24,142,128,96,124,26,109,56,55,22,202,0,206,7,53,5,476,52,77,44,5,13,371,240,55,41,8,15,1,0,0,946,1643,114,195,47,86,309,37,124,0,1528,76,20,76,12,104,18,332,21,140,65,172,8,496,725,449,474,327,165,207,47,219,148,196,128,98,185,26,71,24,52,83,16,155,38,10,2,12,23,14,7,30,16,21,0,0,3,120,128,33,83,36,44,132,105,26,9,5,14,25,61,87,171,132,94,114,66,116,100,26,23,4,6,5,14,3,5,0,0,0,0,5,21,29,436,0
1949,18,5,5,0,9,0,110,278,12,50,212,3,68,99,83,32,108,112,95,190,360,56,4,21,0,12,3,7,103,106,410,233,0,56,146,107,7,21,99,26,22,1,123,103,78,22,46,477,126,52,0,46,14,106,10,29,10,0,4,76,39,30,283,32,143,322,591,146,328,183,86,55,68,140,13,20,159,112,80,126,24,79,54,45,35,165,1,243,4,64,4,481,70,61,53,4,17,388,258,64,29,10,13,3,0,0,1033,1745,86,169,52,106,282,35,126,1,1521,90,12,99,14,103,31,309,20,132,88,175,6,552,822,487,486,437,125,218,54,270,151,180,135,122,214,20,74,18,79,77,12,139,40,10,5,25,24,21,2,36,20,26,0,0,3,123,146,48,125,54,41,138,113,41,21,8,23,18,73,113,160,138,132,115,47,126,160,28,22,1,1,10,11,1,8,3,0,0,0,4,19,30,462,0
1950,25,10,14,1,6,0,94,328,17,51,225,10,67,107,101,72,135,166,108,216,406,47,6,29,1,16,1,17,112,104,389,273,0,74,133,137,8,22,116,20,22,0,162,126,84,24,46,561,176,57,0,58,22,101,15,36,6,0,4,79,42,32,286,51,140,362,648,193,316,162,104,83,87,138,27,23,168,115,93,103,24,63,45,44,30,168,1,330,9,45,9,510,96,95,43,10,19,466,258,81,43,10,15,10,0,1,1245,1582,107,178,42,109,270,32,153,3,1878,77,11,106,12,118,28,362,26,166,138,251,13,652,977,495,489,363,148,280,62,312,196,169,111,134,209,19,85,18,82,71,16,171,31,17,4,31,17,13,2,34,9,31,0,0,1,119,136,55,104,51,40,147,134,45,37,8,21,25,64,116,165,166,127,124,47,138,145,46,21,4,3,22,12,3,4,3,0,0,0,4,26,39,617,0
1951,23,2,6,0,7,0,119,232,12,52,236,3,65,125,77,42,115,120,82,248,365,47,2,41,3,14,3,13,108,80,330,285,0,57,135,123,6,22,74,17,16,0,201,83,89,29,57,483,145,42,3,56,21,118,13,27,9,0,10,88,55,40,268,63,145,323,591,154,311,179,102,70,67,131,20,24,197,88,70,104,19,81,48,46,24,168,0,311,2,57,8,473,61,89,47,3,7,373,283,87,39,14,18,3,0,0,1171,1492,68,160,42,91,211,24,123,3,1894,94,11,92,15,97,35,412,22,145,82,183,16,552,900,407,502,270,186,236,55,243,158,185,137,103,221,22,63,27,78,79,16,178,37,11,8,17,19,9,1,48,28,22,0,0,3,129,162,41,96,44,29,102,123,26,36,5,15,15,55,92,170,152,99,110,58,153,136,58,28,7,3,14,18,8,6,2,3,0,2,4,32,28,516,0
1952,34,7,7,1,5,0,120,226,19,50,233,13,74,98,80,39,114,140,106,235,431,38,9,40,2,9,1,12,91,97,364,250,0,60,121,129,6,25,69,15,17,0,178,88,109,19,61,460,197,64,0,50,28,125,18,35,11,0,6,60,56,38,283,64,150,285,615,143,303,163,92,67,81,138,22,31,203,84,71,107,19,89,58,41,24,148,0,313,3,53,6,462,60,93,51,3,11,382,262,60,29,10,21,4,0,5,1215,1187,78,171,33,75,248,28,117,2,1916,85,27,106,18,83,34,386,28,156,84,187,12,609,1060,439,496,423,164,242,68,229,154,218,152,110,208,19,80,21,66,94,18,168,37,10,8,14,19,22,7,38,15,26,0,3,14,134,137,41,114,66,43,135,119,45,29,8,22,19,63,88,174,135,107,96,43,147,163,60,22,4,4,8,17,1,2,2,1,0,0,3,30,34,527,0
1953,37,6,10,0,6,0,109,256,10,54,207,14,67,108,82,62,144,178,138,241,462,42,11,40,0,13,4,18,123,97,271,266,0,78,123,126,0,35,64,15,19,0,202,117,107,23,54,474,178,56,3,64,21,140,17,49,10,0,4,83,57,30,293,62,133,309,607,181,347,187,87,59,86,133,21,24,181,88,43,101,13,80,51,35,26,169,5,279,5,53,16,522,81,107,50,5,8,386,330,95,23,14,24,3,1,1,1061,1225,87,173,34,72,268,35,144,0,2093,85,18,131,22,72,28,369,35,154,115,226,11,654,967,405,462,395,165,242,56,238,165,242,151,117,233,20,87,35,74,74,12,203,32,11,5,17,23,13,5,31,13,13,0,0,6,176,155,55,112,73,42,115,118,42,46,3,17,24,52,129,185,150,120,105,45,177,148,49,21,11,1,7,23,4,4,4,0,1,0,3,27,34,543,0
1954,34,8,7,0,5,0,107,224,24,42,213,7,52,95,93,55,144,178,150,285,515,49,8,41,4,8,2,16,135,88,326,184,0,57,116,130,5,21,55,14,14,0,226,73,99,11,60,534,178,62,1,50,19,124,17,32,19,0,5,86,57,40,251,66,148,339,635,141,332,196,109,47,80,119,24,26,221,74,71,107,18,101,68,41,25,179,2,318,6,62,9,603,75,117,62,8,15,406,314,104,34,4,16,2,0,1,370,1391,78,191,45,101,238,38,131,0,2155,95,14,99,21,95,30,406,15,145,158,177,16,547,959,419,452,398,152,226,61,280,183,243,126,102,260,21,76,28,81,76,15,194,39,8,5,22,24,21,8,35,16,30,0,1,2,151,161,51,122,50,53,149,107,45,27,5,18,23,52,114,200,137,137,116,63,139,138,55,17,9,5,13,29,2,6,1,1,0,1,3,15,50,536,0
1955,89,9,8,0,6,0,139,232,21,58,202,13,73,116,119,52,127,206,137,304,515,32,8,38,7,17,5,12,142,115,331,207,0,74,110,170,4,34,81,8,15,0,287,98,88,14,61,560,203,61,2,71,19,128,13,67,18,0,2,85,63,28,255,47,134,348,733,151,377,198,93,63,93,156,22,40,234,93,73,132,23,99,55,54,23,211,2,366,7,47,12,587,64,113,64,10,15,444,338,83,35,10,24,8,0,2,305,1446,75,186,56,105,234,30,148,1,2134,103,21,94,23,97,35,480,23,158,181,178,22,551,1009,361,497,380,134,248,68,338,166,225,154,111,232,18,81,40,62,82,12,198,54,9,2,14,34,25,7,34,24,29,0,0,1,186,153,50,108,61,40,144,130,41,30,12,21,25,66,130,211,178,161,135,65,135,153,44,22,10,3,6,26,1,4,3,4,0,1,10,24,48,618,0
1956,39,9,18,0,13,0,127,260,20,54,250,4,56,138,99,43,126,195,153,331,532,47,6,50,6,11,3,20,141,93,307,206,0,72,107,142,1,21,95,15,12,3,264,89,91,15,68,653,194,61,1,65,36,143,12,56,9,0,2,97,53,36,317,54,139,400,825,173,332,217,112,78,98,144,23,32,215,82,75,127,32,100,80,48,23,198,3,326,8,66,14,594,57,129,63,10,5,472,359,89,35,5,22,13,0,2,183,1629,62,209,36,103,263,39,130,4,2194,78,10,96,16,106,32,560,30,141,218,239,16,533,1005,372,456,280,151,283,63,296,177,273,156,125,237,17,71,27,72,96,14,197,35,7,4,16,10,17,5,29,10,26,0,0,5,159,159,37,114,37,35,163,142,36,25,10,25,18,60,119,228,193,151,132,60,120,119,39,25,9,4,8,39,0,3,7,1,1,3,7,31,47,601,0
1957,33,6,8,0,9,0,117,230,29,61,250,10,71,142,110,48,147,219,119,305,500,51,12,37,3,12,2,11,129,90,346,191,0,121,126,155,2,35,79,11,12,1,368,67,94,17,59,622,224,61,1,62,22,155,15,53,21,0,7,77,68,25,242,71,146,393,808,141,380,199,87,69,104,157,24,37,245,119,74,100,38,107,80,60,34,164,4,369,8,73,13,593,73,156,72,9,9,476,326,86,41,8,16,14,0,1,167,1976,76,253,65,115,273,35,144,3,2330,74,18,112,17,124,32,631,35,152,226,257,16,602,1089,408,429,294,209,319,88,333,171,264,176,114,208,26,85,25,74,111,19,213,43,8,6,23,22,15,9,32,17,23,0,1,9,143,154,56,90,61,36,140,137,52,28,7,18,23,50,108,206,190,155,89,71,101,111,58,14,9,9,9,33,2,8,4,4,1,0,6,16,46,587,0
1958,42,11,14,0,14,0,117,273,10,39,225,7,60,145,136,65,149,214,161,310,532,50,14,52,1,18,2,21,140,110,398,219,0,100,102,153,7,44,82,20,17,0,340,63,97,15,66,702,231,57,1,68,17,139,10,71,16,0,1,92,76,37,324,76,159,492,827,149,421,218,113,77,105,153,20,48,258,116,62,92,32,140,84,60,26,203,2,340,9,63,13,663,88,135,79,10,7,490,388,90,27,13,21,12,0,1,207,2056,86,243,55,124,323,54,152,5,2279,88,12,108,13,91,30,636,40,181,255,300,21,517,1054,424,387,228,189,354,74,367,202,285,183,115,263,17,98,36,102,106,15,243,43,8,3,19,34,20,3,41,16,32,0,0,4,153,154,35,104,64,41,139,137,49,46,11,21,23,73,128,235,220,185,133,51,117,162,70,14,9,4,14,48,11,4,1,2,0,0,10,19,41,718,0
1959,41,9,17,2,15,0,137,259,23,74,240,11,55,178,170,54,149,239,187,311,585,53,15,67,2,28,8,16,151,111,387,181,0,121,133,206,6,47,101,10,12,2,335,60,91,11,72,698,249,72,1,79,38,139,17,98,23,0,3,116,73,29,299,66,188,591,958,175,440,276,100,79,142,195,16,50,298,132,77,119,25,131,85,74,28,218,3,397,9,74,12,645,80,164,68,7,12,564,456,121,33,9,15,9,0,2,175,2476,99,296,80,112,353,35,168,5,2279,111,15,114,18,131,37,548,37,153,313,310,25,639,1070,398,463,272,245,366,99,411,234,347,232,159,266,36,124,34,89,121,20,219,42,14,8,21,27,34,5,37,17,29,0,0,5,180,147,59,96,54,37,157,173,56,51,25,26,27,84,133,242,212,185,162,70,125,118,61,11,8,1,19,52,6,9,7,2,0,1,10,31,44,757,0
1960,56,8,11,4,21,0,157,381,21,67,267,14,77,219,171,177,189,255,212,390,645,60,12,57,4,27,6,20,198,131,482,248,0,118,154,236,7,69,140,18,15,1,420,64,91,16,93,904,412,73,4,81,24,184,19,105,32,0,4,135,79,36,391,95,210,669,1265,220,485,297,124,102,166,281,15,64,344,143,103,159,27,151,126,96,30,238,3,471,9,83,19,661,92,188,110,12,6,783,510,169,40,14,31,10,0,2,271,2935,128,370,74,152,381,63,176,4,2632,154,22,146,14,130,37,627,46,316,496,565,29,767,1425,566,507,347,267,495,128,524,297,413,244,159,323,36,167,39,120,128,18,282,61,13,8,23,38,19,8,38,24,27,0,1,5,232,203,74,125,74,39,180,223,77,80,38,36,15,84,140,307,287,208,160,97,140,169,61,19,19,8,13,51,3,10,4,1,0,2,7,35,56,999,0
1961,64,8,12,0,10,0,113,360,25,83,282,13,96,228,193,161,195,266,203,350,705,74,14,57,7,34,5,21,182,134,494,235,0,100,150,260,4,38,141,21,24,1,348,58,141,28,99,838,432,89,0,92,33,162,26,91,42,0,5,127,78,44,412,73,233,733,1263,222,507,284,128,111,182,217,23,65,327,156,65,133,29,204,100,96,29,236,3,508,10,113,21,756,125,161,92,10,10,813,533,147,34,13,20,15,0,1,155,2751,103,325,89,132,341,54,205,6,2652,122,26,167,10,160,47,629,61,315,620,506,25,736,1385,608,534,318,247,534,135,518,288,356,219,168,382,32,164,44,119,157,23,275,49,7,4,23,32,25,8,46,21,39,0,1,4,179,190,61,101,70,49,177,226,50,59,22,28,25,74,146,282,266,198,157,79,137,192,52,19,21,5,16,40,5,15,2,1,1,2,9,29,58,919,0
1962,84,11,12,0,15,0,112,488,37,67,323,19,133,376,167,255,200,282,198,380,727,69,16,70,6,39,5,22,179,157,555,274,0,114,177,252,15,44,152,21,21,2,353,56,142,21,109,1162,452,120,3,95,54,155,26,127,47,0,6,129,77,44,455,104,242,832,1357,248,514,349,134,156,202,296,15,89,389,260,108,164,45,188,124,113,38,282,2,609,15,119,22,679,95,258,100,12,9,922,574,175,41,14,25,14,0,2,148,3050,127,393,110,154,411,66,226,7,2689,163,32,162,24,161,59,655,68,358,2541,1292,27,938,1595,691,585,523,280,557,152,486,299,460,275,198,377,40,185,43,132,181,32,298,54,18,2,41,42,29,6,40,26,39,0,2,8,189,224,72,137,78,46,211,248,75,59,43,27,25,85,166,340,308,237,161,83,151,197,93,19,18,8,19,59,8,19,1,6,1,0,10,25,45,1020,0
1963,88,12,19,0,27,0,167,528,28,74,372,23,138,455,178,250,238,355,276,502,838,76,21,61,8,55,5,26,190,146,541,283,0,129,164,274,3,54,137,32,34,0,383,60,152,39,122,1291,398,129,5,127,52,193,19,118,38,0,12,163,101,56,496,113,273,912,1539,270,612,355,140,164,231,316,36,104,404,245,106,165,41,179,143,121,24,297,2,666,18,122,16,826,135,168,137,15,18,957,664,195,36,18,33,17,1,2,143,3553,119,452,97,125,468,78,237,12,2838,193,23,192,24,180,54,818,110,344,1930,1221,20,1014,1980,794,607,634,412,614,147,630,332,524,317,241,423,50,182,50,172,225,36,348,57,18,5,33,55,22,7,51,28,39,1,1,2,254,211,87,146,91,52,234,283,86,76,41,35,23,94,165,369,324,254,205,68,184,249,84,24,19,8,21,43,9,9,3,5,0,1,7,33,57,1069,0
1964,101,17,14,2,20,0,190,575,54,90,399,19,142,439,260,291,269,371,261,479,917,82,19,62,1,58,4,31,229,164,713,350,0,150,221,319,7,79,167,24,31,1,415,57,157,28,153,1427,494,121,6,170,38,240,36,126,53,0,3,186,121,60,516,142,316,989,1720,350,669,389,155,199,265,314,29,155,477,284,139,206,35,190,148,124,38,334,0,643,17,109,21,761,116,146,108,14,10,980,783,245,40,18,39,19,0,1,161,4535,152,533,111,152,453,109,262,11,2768,195,30,233,35,190,69,875,116,444,1925,1190,38,1066,2145,894,638,747,380,710,171,616,398,616,347,222,468,36,242,48,183,251,24,445,55,24,8,38,53,38,8,58,35,55,1,3,3,272,230,90,139,75,51,258,286,117,94,50,44,17,90,149,347,313,272,182,102,156,281,113,23,13,4,20,41,8,11,3,5,0,0,6,31,49,1166,0
1965,113,12,17,4,25,0,228,727,29,132,464,25,140,454,222,287,312,381,293,540,908,84,16,57,3,56,10,37,247,144,741,453,0,183,279,528,7,87,194,33,26,0,435,87,168,50,144,1474,559,146,5,176,59,203,20,132,57,0,8,167,152,59,579,143,404,1139,1921,382,686,467,182,219,335,390,38,209,532,270,133,213,54,271,176,114,30,369,3,758,22,138,27,1111,109,210,138,23,15,1146,922,268,61,13,57,9,0,3,191,3753,133,613,128,175,539,90,294,18,2997,263,26,251,27,242,96,877,119,467,2111,1170,42,1176,2466,1080,729,1032,393,827,175,724,407,575,352,242,482,56,251,52,174,307,28,428,60,21,8,47,56,40,9,80,32,41,0,3,9,290,262,91,178,96,65,243,394,145,157,66,57,16,83,191,443,372,311,187,110,215,326,112,33,13,8,14,34,7,16,5,1,0,3,8,41,74,1436,0
1966,149,20,27,3,24,0,302,869,51,189,724,41,174,539,241,286,466,523,432,639,1262,117,36,85,7,79,11,34,301,190,982,633,0,224,383,609,11,110,211,30,39,0,507,178,188,36,222,1773,632,215,2,166,52,302,36,172,84,0,14,217,184,75,724,167,480,1349,2641,488,929,609,226,285,360,485,52,325,709,366,147,280,70,373,211,168,49,556,3,821,25,198,48,1346,99,266,165,12,5,1511,1187,336,61,21,45,23,0,2,225,2900,195,806,196,282,755,156,356,25,3728,352,40,377,65,369,139,1507,152,518,2312,1438,51,1554,3362,1792,884,1930,571,1097,259,956,584,700,530,342,676,62,340,75,243,404,59,680,133,57,16,74,109,61,13,101,58,85,0,3,14,448,411,195,314,131,76,357,517,132,226,102,58,20,176,289,593,622,402,248,151,264,398,143,43,27,11,24,53,5,40,1,7,1,3,10,66,99,1905,0
1967,158,23,27,4,30,0,376,1127,64,187,721,45,210,606,297,303,523,604,484,704,1529,138,38,83,10,115,10,53,428,230,1140,784,0,216,418,659,14,132,459,42,59,1,786,210,213,61,232,2021,718,238,7,235,79,440,41,219,102,0,12,261,201,116,828,184,557,1649,3070,654,1125,713,313,295,378,613,65,420,827,384,189,309,84,472,269,189,48,750,3,952,16,256,86,1630,76,312,213,18,12,1828,1343,480,58,35,94,34,0,5,293,2294,238,1028,259,298,868,178,451,38,4683,594,66,448,75,410,150,1457,149,469,2294,1583,40,1802,4162,1921,1026,2238,595,1270,289,1199,608,831,548,366,776,57,376,96,285,459,58,793,171,45,16,96,105,68,17,136,58,81,0,2,16,584,467,267,377,176,115,490,602,146,265,139,75,11,214,369,713,787,439,320,173,393,467,171,62,34,8,39,59,12,41,3,7,0,1,26,55,120,2281,0
1968,183,31,41,6,42,0,412,1442,62,193,858,63,224,660,223,293,609,694,646,856,1578,162,40,85,5,97,13,39,505,297,1285,1014,0,405,586,743,17,145,518,42,63,0,684,267,202,76,315,2226,810,368,8,361,66,437,53,246,113,0,23,343,299,136,981,231,704,1875,3569,797,1264,851,379,372,531,748,78,514,1055,475,268,373,104,468,246,257,49,712,0,1253,23,262,86,1754,77,339,243,18,13,2029,1521,492,70,44,84,39,0,4,685,2551,238,1110,283,364,970,227,518,83,5260,572,83,447,72,482,175,2048,200,491,2365,1662,47,2149,4660,2348,1397,2326,776,1371,305,1329,701,955,650,445,873,79,458,144,350,557,58,1000,230,72,18,104,172,62,17,177,60,111,0,6,20,667,509,269,350,243,119,565,684,180,300,143,71,20,244,378,779,830,463,367,172,424,608,161,70,55,17,32,101,16,64,5,3,0,1,21,90,125,2573,0
1969,163,32,32,5,42,0,343,1259,66,177,907,38,296,727,292,303,524,613,549,816,1412,169,25,82,7,111,18,49,490,274,1201,1213,0,308,556,705,23,136,483,61,67,2,662,209,194,70,266,2207,997,383,9,523,86,417,65,288,130,0,32,314,250,126,1000,213,643,1908,3508,762,1293,843,342,411,573,751,56,575,1069,535,268,325,93,510,250,192,80,687,2,1163,29,264,70,1909,50,310,247,11,13,2056,1609,554,86,38,100,30,0,1,1360,2412,253,1150,264,360,973,240,488,113,5466,555,56,391,45,445,184,2089,228,563,2262,1473,57,2148,4369,2654,1511,2086,697,1330,281,1266,575,1008,610,438,743,82,420,123,312,560,69,1041,196,65,23,126,144,85,21,161,51,83,0,6,17,732,503,268,407,273,116,614,607,176,356,144,82,25,270,334,677,936,468,355,202,414,646,181,87,43,14,23,93,14,54,5,4,0,2,15,104,130,2464,0
1970,198,21,33,5,43,0,411,1427,69,176,1016,58,269,845,269,437,565,675,496,781,1330,185,56,126,12,122,15,51,591,277,1269,1212,0,293,621,644,23,142,450,59,83,5,856,235,237,87,255,2352,961,361,8,498,137,410,68,309,134,0,42,383,277,133,1041,260,769,2138,3790,752,1300,829,374,485,672,853,54,654,1230,665,251,336,116,469,341,235,92,825,3,1301,54,268,83,2415,73,310,249,17,22,2331,1609,614,88,33,90,49,0,6,992,3059,255,1176,283,376,929,200,566,148,5581,575,67,488,68,453,168,2041,271,618,2206,1500,58,2242,4390,3187,1614,2232,724,1379,265,1157,605,1001,727,411,782,67,448,104,372,570,82,996,197,64,37,95,184,79,11,206,61,94,0,1,19,768,484,247,393,291,131,659,642,198,603,121,88,32,272,357,680,952,523,331,207,427,704,176,82,65,14,25,97,10,50,9,6,0,1,18,81,157,2630,0
1971,173,22,24,7,35,0,566,1206,72,170,993,48,211,724,206,321,568,617,491,799,1308,177,44,109,7,105,17,47,596,284,1148,1116,0,319,605,605,18,166,455,66,96,3,707,239,304,86,303,2244,861,309,9,470,134,397,50,289,96,0,67,393,252,128,1003,289,856,2213,3775,817,1299,832,368,520,724,897,52,663,1280,613,256,346,109,496,273,249,104,825,1,1141,40,264,116,2341,73,338,255,21,20,2083,1610,626,84,42,102,35,0,2,859,2743,208,1122,278,386,1051,216,564,187,5104,494,55,584,57,423,146,2021,252,529,1760,1599,50,2166,4277,2613,1588,2037,565,1389,269,987,551,998,741,386,835,67,481,121,332,596,92,1152,223,59,39,120,226,67,17,205,53,88,0,7,15,702,483,215,384,234,109,630,600,173,741,106,86,21,225,299,698,684,398,401,210,377,776,175,67,46,15,34,108,18,70,4,3,0,4,18,76,127,2640,0
1972,140,23,40,3,44,0,566,1330,60,169,1097,59,206,764,220,357,540,637,488,802,1298,162,38,132,8,108,17,64,698,259,1129,1078,0,248,674,644,14,177,562,195,99,4,729,250,299,74,298,2309,857,325,10,413,155,409,67,298,133,0,103,441,235,133,1220,298,841,2263,3969,764,1322,917,349,527,757,1013,67,781,1398,625,266,403,138,477,309,260,69,913,0,1134,35,327,115,2626,66,366,255,20,25,2123,2052,728,66,49,80,57,1,3,1006,2856,246,1100,274,366,979,214,577,209,5043,532,73,654,67,408,171,1943,316,574,1836,1700,69,2340,4672,2571,1541,2082,521,1349,264,930,574,1013,848,431,889,56,470,123,336,673,113,1209,227,72,29,139,267,91,26,242,61,113,1,7,22,726,566,177,434,224,131,735,593,188,680,109,134,29,202,312,637,622,414,366,254,424,748,225,72,51,8,35,91,9,49,3,6,1,2,10,94,125,2844,0
1973,134,22,27,4,51,0,552,1405,67,212,1146,64,211,708,244,343,531,598,468,817,1486,186,41,139,4,115,12,48,640,236,1122,976,0,358,696,685,14,166,598,203,98,2,719,252,377,92,318,2214,850,331,22,335,155,375,46,376,129,0,99,462,272,127,1237,263,957,2459,4563,848,1424,894,411,618,803,1078,65,888,1573,666,294,330,155,580,296,321,72,676,2,1260,19,323,151,2576,85,422,371,29,20,2317,1804,699,71,33,96,64,1,1,2167,3407,192,1088,267,372,1109,244,635,194,4993,498,88,702,57,363,213,1938,433,536,1414,1265,88,2324,5916,2883,1539,2283,500,1378,315,877,547,1153,819,439,1058,49,473,159,366,702,106,1483,266,64,42,163,245,86,26,264,91,116,1,15,30,639,590,188,428,226,148,816,606,210,681,131,104,27,276,347,634,636,480,393,361,387,803,151,78,48,12,42,67,7,38,6,6,1,2,12,74,144,3062,0
1974,173,17,49,5,60,0,464,1351,60,230,1311,74,220,838,255,337,510,608,558,814,1629,155,42,165,9,136,24,73,747,277,1299,831,0,356,787,916,28,157,644,114,147,10,775,324,509,153,365,2282,868,323,13,276,264,443,45,397,138,0,78,531,274,151,1643,332,1138,2501,5302,979,1541,1051,443,562,847,1185,79,933,1738,811,337,436,140,693,305,305,85,631,3,1683,33,328,167,2844,116,564,401,31,17,2751,1979,829,60,32,100,47,3,1,1260,3633,212,1306,310,420,1231,266,640,215,5195,467,68,1105,65,334,213,1929,507,530,1175,1180,89,2583,5966,2837,1510,2995,472,1609,258,998,634,1136,886,513,1139,59,488,162,384,828,124,1483,254,92,54,162,293,104,28,305,92,110,0,8,34,793,593,214,497,274,134,984,724,197,697,126,144,23,350,473,679,671,579,470,303,442,925,208,78,51,18,25,101,15,40,7,1,1,3,7,96,136,3249,1
1975,151,26,34,4,69,0,428,1366,68,201,1572,65,256,831,297,384,556,711,604,963,1851,156,53,169,8,136,24,52,795,301,1436,1019,0,459,765,878,24,144,744,123,197,16,811,337,613,208,356,2467,901,359,11,285,203,450,62,427,145,2,84,548,335,156,1814,328,1168,2678,5940,1003,1741,1194,487,582,915,1480,108,885,1829,904,327,345,168,746,330,261,101,675,2,1732,32,385,210,3025,171,656,458,22,18,3176,2148,974,56,29,111,55,2,3,995,4750,222,1473,301,496,1184,271,630,194,5435,477,84,998,65,392,229,2070,518,547,1335,1336,77,2664,6130,2781,1605,3210,613,1587,281,1023,660,1210,907,471,1142,70,528,162,441,875,115,1725,327,86,53,206,345,121,31,311,86,192,0,7,37,791,744,224,521,328,115,995,777,220,673,138,188,31,440,546,795,677,620,473,354,540,1014,224,88,47,11,37,137,15,49,5,2,0,2,11,127,177,3410,0
1976,159,21,66,10,79,0,382,1393,68,201,1626,73,260,858,294,356,597,766,588,983,1957,183,46,171,11,152,19,68,952,313,1355,955,0,413,749,908,36,183,776,138,155,12,830,381,640,129,410,2420,973,280,15,351,184,465,65,417,137,1,94,610,401,178,2101,403,1305,2786,6487,992,1845,1225,474,629,1001,1536,80,1019,2010,954,348,430,181,873,341,323,97,700,3,2074,41,400,245,3299,175,554,480,25,13,3580,2223,1093,97,47,150,44,1,6,901,6598,243,1603,347,566,1250,283,773,233,5577,501,123,1221,84,355,227,2414,574,562,1479,1467,128,2719,6632,3069,1708,3634,512,1583,291,944,567,1134,959,460,1140,68,557,152,511,1006,150,1896,348,93,51,203,329,100,35,350,98,167,0,11,40,764,793,218,623,307,123,1109,776,236,806,146,248,25,476,636,896,834,619,524,401,566,1111,246,90,43,27,43,170,22,37,6,2,1,2,22,135,168,3757,1
1977,182,25,60,8,89,0,399,1414,67,229,1604,75,279,965,398,405,582,825,644,1069,2003,215,67,211,8,139,31,74,910,354,1361,978,0,476,827,813,19,182,700,112,147,29,1056,385,589,121,493,2529,904,308,12,292,185,468,63,410,151,1,95,584,445,194,2111,326,1268,2766,6650,1106,1989,1204,537,573,980,1549,79,975,2223,1054,402,365,196,909,392,349,66,638,3,2262,33,322,265,3528,155,703,478,25,17,3648,2182,1089,59,36,161,45,1,0,1522,9765,229,1649,343,573,1191,293,792,248,5703,451,143,1198,85,424,236,2872,748,545,1811,1527,99,2960,6362,3630,1731,3330,584,1745,310,1067,568,1137,985,545,1124,61,532,179,529,1070,96,1830,295,83,44,239,324,108,28,271,105,156,0,10,49,780,741,234,634,362,169,1099,818,238,780,106,253,17,551,711,951,847,621,524,442,678,1206,299,93,67,17,41,182,35,41,6,6,0,5,25,122,202,3851,0
1978,208,27,42,12,88,0,387,1448,64,226,1469,88,259,956,412,471,526,770,633,992,1873,184,83,174,15,119,15,79,972,351,1508,805,0,499,726,927,16,205,800,97,125,26,1009,325,554,151,458,2753,934,329,12,274,173,509,56,414,142,1,97,526,424,228,2019,311,1217,2711,6456,1003,1981,1203,532,579,1016,1641,79,934,2189,908,420,363,214,928,376,316,77,617,4,2268,43,423,300,3687,156,591,511,57,18,3565,1978,1063,51,31,103,20,0,5,2050,12219,265,1725,320,487,1137,264,753,274,5571,467,141,1163,86,433,190,3115,717,631,2162,1782,100,2772,5757,3071,1532,2972,561,1787,277,1130,624,1178,967,520,1172,61,599,170,466,955,92,1670,281,80,54,215,310,94,36,262,93,180,0,5,32,742,683,239,549,300,145,1069,807,211,769,136,252,32,563,793,983,885,652,553,465,576,1094,260,82,32,15,27,159,16,39,7,2,1,3,15,118,185,3931,0
1979,199,22,52,12,81,0,390,1554,65,199,1381,80,274,851,492,551,533,761,545,902,1732,187,54,179,12,122,27,50,1109,400,1519,642,0,465,745,898,29,194,597,100,98,30,1061,339,524,118,541,3141,870,270,16,244,192,461,57,379,129,1,76,596,384,196,1867,242,1153,2757,7143,1004,1961,1276,551,633,936,1808,72,845,2052,873,376,325,241,901,399,291,81,566,6,2316,52,400,245,3756,168,638,482,70,17,3222,1831,1025,49,43,98,34,3,2,1182,14979,241,1658,319,493,1119,280,721,322,5004,565,109,938,72,419,212,2890,587,616,2039,2621,112,2618,4647,1974,1543,2176,574,1771,289,1123,612,1256,990,525,1115,62,668,178,443,952,132,1657,267,87,46,213,303,89,30,235,120,196,0,5,28,754,678,202,467,256,115,952,774,215,754,148,243,35,485,810,1042,836,725,559,544,591,920,284,90,26,22,36,160,15,37,3,1,0,4,9,132,180,3698,0
1980,288,23,69,5,95,0,342,1585,86,230,1377,73,278,924,663,768,492,708,485,821,1610,139,63,213,11,122,20,74,1336,402,1572,598,1,337,611,720,25,206,565,93,111,27,1099,363,488,104,582,3935,907,229,17,316,171,414,73,401,166,1,73,537,462,225,1846,305,1210,2841,7031,929,2040,1256,546,580,969,1824,89,717,2166,841,356,416,247,745,419,263,83,513,7,2540,80,330,227,3988,173,519,351,43,20,2654,1676,1055,60,38,76,40,1,3,853,19661,226,1635,316,430,1265,281,916,315,3366,465,82,785,56,433,171,2046,433,868,1868,4186,131,2824,3492,2215,2411,1585,583,1772,317,1110,620,1293,872,457,1050,57,685,181,442,1007,103,1759,307,86,48,213,329,97,28,285,130,178,0,8,25,744,648,214,477,263,97,952,854,238,702,134,218,18,554,833,1027,853,798,559,498,570,924,342,90,37,13,35,200,11,46,7,4,0,3,6,117,153,3874,2
1981,247,26,75,2,91,0,299,1683,70,225,1234,82,318,1071,505,683,520,734,516,835,1593,158,69,216,17,104,28,58,1135,371,1496,542,0,365,584,729,16,165,580,63,83,32,974,330,467,117,547,4617,842,173,20,306,136,420,61,368,166,2,79,552,408,271,1788,433,1201,2880,7023,948,2015,1306,545,616,897,1796,80,739,2083,828,347,379,195,756,464,307,92,557,4,2990,53,223,185,3622,192,562,377,34,25,2432,1658,1054,53,21,68,80,1,3,1230,19646,206,1917,360,476,1318,270,1022,291,2893,463,75,650,69,467,184,1833,257,837,1659,4989,91,2885,2881,2246,2629,1409,600,1913,331,1174,609,1275,833,551,1010,77,701,177,498,1017,94,1731,272,73,48,193,323,88,35,334,143,188,0,4,28,722,790,198,453,217,73,958,944,216,683,127,225,37,498,888,1183,888,949,621,527,582,1048,352,103,52,18,38,203,20,58,5,5,0,3,14,116,189,3794,0
1982,312,21,57,6,81,0,265,1991,75,243,1443,91,351,1069,551,778,561,808,557,880,1761,155,60,215,12,97,26,73,1331,399,1591,563,0,325,583,557,21,188,683,49,90,39,975,257,509,114,487,5451,802,208,13,301,162,425,58,406,134,2,99,552,452,307,1755,364,1177,3068,7493,966,2084,1362,545,613,958,1759,93,808,1990,854,391,333,233,622,573,274,107,635,9,3754,68,222,197,3899,257,833,469,18,32,2528,1658,985,63,29,80,86,0,3,1256,20880,225,1993,362,471,1518,302,1013,308,2881,490,77,644,50,487,162,1782,294,930,1196,5168,69,2986,2831,2354,2660,1352,602,2063,366,1156,569,1249,818,536,1038,61,661,169,509,1017,100,1830,315,72,36,207,315,86,28,331,167,170,0,3,23,664,756,184,437,253,82,930,923,211,586,135,249,34,467,846,1096,798,908,608,535,600,1107,419,111,37,11,58,227,20,60,9,3,0,2,20,122,128,3963,0
1983,281,26,64,6,86,0,240,2090,88,255,1362,121,403,1017,583,814,575,871,555,887,1697,142,50,225,15,127,22,66,1415,430,1612,628,1,337,648,638,26,170,546,63,69,49,930,246,536,139,550,5716,766,246,17,313,163,406,76,376,153,4,101,551,440,332,1777,397,1244,3212,7253,930,2249,1449,568,544,908,1745,114,688,1951,961,417,318,254,706,589,293,72,638,4,4135,127,226,189,3783,282,944,531,12,29,2520,1541,936,49,45,79,88,2,5,1905,21426,211,1916,350,548,1484,302,1015,325,2817,528,94,716,48,520,174,1830,350,890,1118,5357,104,3183,2764,2468,2775,1348,631,2454,335,1116,592,1139,794,521,962,71,634,155,555,983,122,1887,309,74,44,237,395,75,48,333,140,180,0,5,18,626,711,229,515,237,93,1017,961,216,647,134,283,47,440,733,1136,786,886,600,546,587,1175,465,97,32,14,40,200,22,58,6,5,0,3,18,118,176,3766,0
1984,251,32,65,3,85,0,225,2141,102,249,1322,129,394,986,611,673,594,914,604,981,1723,180,60,245,21,103,36,41,1312,447,1790,583,0,384,743,625,24,189,543,66,61,42,1001,281,556,106,559,5886,805,255,13,351,144,485,69,371,154,2,78,578,430,316,1902,324,1319,3210,7504,911,2356,1499,636,550,940,1833,102,695,2072,918,408,343,267,674,591,270,108,676,3,4294,87,228,207,4259,314,1019,630,18,16,2594,1609,927,60,45,78,93,0,1,2924,23256,241,1923,346,537,1464,283,1028,276,3009,549,86,677,61,535,185,1870,473,877,951,5251,83,3230,2941,2669,3045,1292,658,2982,339,1228,652,1263,844,555,962,69,630,230,558,1082,119,1845,331,90,47,268,330,68,43,350,159,147,0,7,19,642,718,218,472,246,86,1119,1040,212,611,139,282,42,448,805,1199,834,821,632,435,613,1192,515,129,32,10,41,250,20,55,7,1,0,2,20,105,168,3805,0
1985,282,27,63,10,86,0,222,2138,92,264,1325,117,406,1083,716,620,513,899,614,1032,1747,153,69,277,15,80,36,77,1291,371,1991,546,1,352,661,683,23,186,564,53,59,41,1021,217,528,103,517,6035,854,216,13,345,165,436,69,426,157,6,90,588,422,301,1616,256,1307,3230,7176,931,2235,1504,622,506,947,1892,101,688,2079,857,435,269,283,678,616,261,123,616,6,4259,86,242,218,3811,282,913,695,9,13,1913,1499,899,71,36,77,75,0,6,7376,23340,202,1836,363,464,1368,259,1065,296,3291,454,64,716,66,545,172,1830,452,755,1011,5517,100,3262,3132,2587,3189,1285,647,2746,398,1274,578,1289,838,497,922,73,635,207,581,1063,106,1824,328,81,46,235,346,79,31,362,145,175,0,3,16,618,679,194,449,234,87,1049,1046,191,664,127,259,33,406,678,1181,810,890,588,446,626,1191,474,118,29,13,41,269,13,79,3,4,0,6,21,109,178,3720,1
1986,237,24,90,2,73,0,178,1761,79,252,1280,116,450,986,823,604,545,890,624,1051,1719,157,65,229,15,92,22,60,1307,436,1466,597,1,334,668,682,20,147,494,45,57,46,975,163,488,86,520,5549,872,223,14,350,156,481,58,343,136,4,101,581,366,275,1540,238,1220,3136,7000,783,2070,1584,583,495,943,1738,114,602,1990,770,464,289,317,670,605,239,112,618,7,4103,104,282,205,4355,303,724,705,29,30,1439,1444,895,75,33,97,102,0,3,3015,21012,186,1921,318,415,1256,202,929,303,3289,432,82,728,64,518,205,1576,288,793,1084,5067,72,3074,3364,2660,3165,1304,691,2541,314,1266,595,1232,746,505,993,61,620,183,502,1113,99,1784,331,68,55,240,345,61,43,316,128,232,0,7,21,555,660,178,460,238,79,1062,1141,197,652,130,225,41,346,653,1195,849,807,546,409,647,999,485,116,43,13,50,329,17,64,6,3,0,0,18,133,174,3477,0
1987,289,19,57,12,83,0,233,1965,75,283,1281,134,385,1161,850,650,549,947,608,1053,1766,172,58,225,15,105,30,70,1202,391,1415,581,3,307,715,670,24,194,484,54,54,35,1138,196,512,85,544,6086,874,217,17,389,169,402,72,343,135,11,92,628,369,285,1539,237,1231,3203,6759,759,2137,1619,589,573,902,1816,123,649,2048,778,462,323,275,638,631,256,105,610,7,3900,94,220,145,4068,268,570,756,20,24,1440,1435,923,92,33,89,86,0,3,3456,24239,216,1971,383,402,1284,222,927,309,3290,506,60,769,46,484,184,1638,340,884,1431,4605,116,3291,3554,2609,3528,1377,704,2517,359,1135,616,1251,798,514,1010,55,720,184,493,1083,116,2006,370,92,56,234,358,52,39,323,86,153,0,0,35,571,673,194,462,231,83,1007,1086,178,745,107,170,48,331,558,1091,789,743,543,392,597,987,519,110,34,13,25,280,16,55,5,6,2,4,17,110,138,3651,0
1988,243,31,50,5,107,0,218,2046,84,327,1405,116,407,1179,872,760,602,975,627,1087,1773,148,69,231,10,83,28,54,1279,362,1420,609,2,431,761,725,25,188,548,54,68,51,1140,188,523,75,603,6516,840,271,17,419,159,494,56,348,128,20,97,640,380,346,1537,233,1269,3301,7033,794,2268,1554,615,576,946,2033,108,735,2067,771,441,295,283,624,694,297,113,601,19,3673,81,191,137,4437,250,598,658,33,21,1447,1582,896,92,39,102,83,1,5,4743,25321,220,2017,372,408,1321,239,955,306,3580,430,61,738,56,429,181,1616,345,908,1458,4604,88,3326,3434,2524,3454,1748,693,2582,383,1313,571,1276,806,510,1053,66,708,228,504,1066,109,1925,294,73,46,208,351,79,30,331,120,162,0,12,34,569,702,184,401,258,75,1039,1048,134,735,113,135,37,321,545,1111,734,698,531,376,619,994,496,114,24,18,37,236,15,58,6,3,0,4,14,94,132,3689,0
1989,222,29,38,4,100,0,168,2032,95,368,1478,129,393,1221,879,830,557,969,631,1094,1803,148,84,221,11,89,26,65,1176,344,1550,622,3,434,945,771,19,210,568,48,56,57,1178,208,623,51,558,6773,938,233,14,425,183,522,66,357,166,41,124,689,424,355,1593,214,1284,3519,7217,812,2287,1572,636,555,992,2101,115,752,2244,707,486,305,301,660,738,291,113,569,12,4031,102,201,177,4144,262,687,670,88,22,1441,1587,926,70,45,85,92,1,2,5856,24298,208,2154,393,442,1423,240,981,319,3591,452,72,743,56,480,237,1662,350,998,1629,4456,132,3329,3383,2580,3498,1370,737,2852,411,1321,563,1336,835,517,1129,62,678,197,481,1048,127,1958,305,77,33,204,380,56,31,321,104,163,0,13,16,591,722,238,436,254,63,1099,1248,160,819,115,167,23,311,538,1087,794,634,532,545,645,976,509,113,42,16,30,219,14,64,6,4,0,4,24,98,128,3535,0
1990,290,33,49,3,89,0,140,2270,99,343,1450,114,406,1382,1297,892,614,1031,678,1153,1936,162,79,257,20,103,28,96,1386,413,1749,636,4,437,757,961,33,243,673,34,67,115,1353,233,745,62,558,6687,969,274,26,495,198,527,51,350,163,91,140,738,401,397,1723,262,1235,3752,7327,936,2664,1829,616,620,1032,2281,88,848,2732,651,514,312,260,657,756,306,154,573,13,5306,114,198,187,4490,357,753,782,100,35,1265,1673,1086,92,43,93,70,3,6,5531,24334,200,2187,375,456,1568,228,1016,302,3935,488,71,808,49,554,164,1849,402,999,1489,4563,122,3404,3671,2675,3803,1472,803,3046,395,1406,559,1171,899,572,1161,68,697,196,469,1128,120,2108,366,84,48,244,397,62,34,369,130,153,0,10,30,600,779,253,528,233,75,1221,1330,178,955,117,184,43,395,668,1190,862,754,597,507,697,1037,498,110,45,10,25,218,13,56,4,1,1,2,21,99,137,3494,2
1991,228,36,61,6,82,0,146,2138,87,361,1610,108,446,1450,1323,698,619,1209,775,1321,2123,172,67,198,18,130,36,81,1192,357,1765,641,11,398,801,998,26,180,673,33,74,119,1508,235,795,97,556,6890,956,229,21,514,256,561,60,339,158,157,160,688,463,418,1805,364,1277,3646,7258,881,2699,1895,612,658,1054,2426,96,775,2750,623,527,349,315,612,877,323,158,554,29,5809,114,220,162,4203,350,995,980,166,36,931,1733,1107,75,33,90,80,1,1,3901,18639,279,2400,351,452,1618,232,1068,306,4126,552,80,885,69,580,218,2052,348,794,2167,4821,108,3460,4505,2936,4040,1508,819,3012,411,1448,506,1144,945,569,1222,71,709,198,573,1280,109,2172,392,92,51,250,429,74,35,357,154,155,0,15,35,566,865,259,562,284,84,1250,1198,179,1080,107,180,38,384,683,1275,810,640,594,470,679,1161,441,101,53,22,39,248,24,54,3,3,2,6,16,63,136,3273,1
1992,197,36,57,4,107,0,117,2292,78,334,1684,114,453,1571,1274,762,644,1276,784,1385,2211,194,81,292,19,126,34,99,1310,429,1725,631,7,333,962,968,30,249,659,54,93,77,1589,248,858,73,693,6787,988,244,24,524,248,518,73,292,133,328,164,717,495,440,1861,316,1229,3819,6975,911,2861,2083,619,712,1099,2569,82,819,2998,546,571,394,268,712,775,294,185,496,20,6002,90,232,168,4288,372,989,1014,234,43,869,1875,1163,83,47,83,67,1,2,2399,13393,279,2363,392,496,1544,223,1185,366,4786,562,107,815,64,601,219,2284,334,888,2628,5501,117,3847,5971,3211,4281,1651,746,3434,394,1411,504,1047,925,587,1143,73,705,182,630,1520,177,2229,399,90,47,314,431,78,43,389,156,191,0,17,51,614,851,287,543,232,101,1295,1096,159,1015,110,142,32,362,564,1169,878,540,549,514,653,1202,475,108,52,18,26,201,20,50,7,3,1,1,19,82,149,3297,6
1993,217,29,67,1,90,0,133,2208,68,402,1661,107,453,1416,1215,877,694,1248,829,1363,2250,192,76,227,27,105,38,93,1377,446,1853,686,11,387,908,1035,29,222,670,57,66,94,1933,264,803,53,849,7128,973,260,28,600,260,514,64,323,93,339,169,796,495,425,2056,310,1137,3790,7082,905,2939,2037,591,672,1135,2632,127,812,3016,503,628,378,281,744,786,340,173,532,38,6139,118,291,184,4034,392,1118,1092,294,57,902,2039,1159,71,45,110,78,0,4,2949,12395,247,2467,343,476,1541,245,1090,326,4968,600,127,816,80,634,240,3008,310,979,2527,5396,141,3943,5858,3291,4809,2018,757,3259,383,1249,451,940,952,512,1171,72,645,197,608,1470,154,2332,382,103,62,283,465,73,48,386,137,168,1,13,41,522,914,280,528,274,83,1405,1118,168,901,84,146,30,350,530,1231,827,452,514,511,625,1337,416,121,44,25,32,222,16,62,7,2,1,2,17,88,145,3154,7
1994,242,23,44,5,104,0,134,2184,75,356,1680,88,438,1400,1151,854,701,1268,814,1313,2295,187,81,227,16,129,36,108,1360,507,2192,680,10,435,995,989,30,208,718,64,78,84,1854,272,805,78,928,6399,1014,229,27,489,283,489,50,388,138,420,134,737,516,423,2162,286,1257,3653,7041,926,2814,2002,534,734,1187,2842,113,853,3039,467,616,397,311,894,796,342,217,463,81,5969,124,254,137,4264,479,1126,1105,288,80,875,2001,1241,82,54,111,74,0,4,2051,10668,221,2349,395,469,1615,233,1095,340,5423,554,120,896,73,603,229,3449,373,989,2699,4816,130,4163,6263,3224,4909,2081,763,3366,401,1278,449,838,957,475,1167,64,608,174,622,1561,135,2281,436,88,58,295,392,83,41,399,129,185,1,13,53,544,800,247,459,263,112,1419,911,134,896,80,156,37,318,469,1229,854,342,496,529,522,1408,408,103,51,21,30,184,17,54,4,4,0,3,14,100,130,3121,17
1995,255,23,41,2,113,0,124,2036,61,339,1660,98,454,1429,1085,918,685,1325,823,1480,2346,210,71,196,12,117,31,133,1306,522,2753,771,17,464,830,1038,33,203,738,74,94,89,1981,224,766,67,840,6163,907,280,31,563,256,474,73,326,101,406,114,705,493,410,2265,267,992,3283,6165,876,2383,1876,536,672,1155,2798,85,723,2882,397,615,372,269,887,739,361,176,335,127,5381,95,281,153,3710,522,938,895,336,162,827,1880,1113,73,44,105,65,0,3,1503,9974,243,2294,421,451,1602,215,1032,334,4942,592,115,921,61,585,213,3142,439,990,2417,3900,113,4124,5466,3368,5014,2278,702,3200,401,1222,408,789,956,465,1151,68,577,166,621,1448,139,2192,350,91,51,248,434,82,42,387,108,197,0,15,50,479,771,271,565,276,144,1453,950,128,855,65,152,32,324,447,1323,864,307,478,562,471,1491,423,101,53,17,33,219,23,44,7,7,0,4,17,85,136,2842,38
1996,288,28,34,3,106,0,111,2302,79,391,1769,113,497,1510,1061,910,813,1292,852,1498,2412,197,94,229,17,140,34,104,1226,527,1797,781,11,503,764,918,31,241,812,67,77,80,1984,266,662,69,936,6185,996,263,30,613,278,475,76,415,117,392,100,766,458,399,2385,260,1029,3107,6184,939,2420,1912,522,734,1229,2785,124,816,3021,443,642,389,280,891,812,328,155,217,210,4920,118,272,150,3554,574,792,1044,490,201,748,2003,1057,67,50,89,60,0,2,1359,11071,203,2349,401,451,1669,234,1113,316,5065,491,116,802,57,598,237,3200,359,938,2525,3842,140,4313,5207,3329,5415,2399,681,3326,381,1126,432,778,960,503,1242,76,514,164,651,1478,149,2297,332,86,62,290,422,68,37,458,134,200,0,28,58,454,740,258,586,308,103,1521,970,113,808,64,171,48,335,446,1532,835,313,470,527,447,1536,441,99,45,28,32,259,21,61,7,3,1,4,24,87,132,2571,65
1997,332,22,34,5,124,0,106,2233,79,362,1800,108,480,1535,1131,1099,760,1271,809,1528,2410,189,88,212,14,138,48,132,1338,533,1934,725,18,419,764,884,43,263,878,57,75,87,2298,273,682,82,825,6771,960,241,31,581,247,543,59,365,112,354,130,753,508,464,2585,300,1065,3217,6177,893,2447,2064,459,711,1080,2911,103,849,3023,438,655,336,345,851,726,340,177,37,309,6006,143,260,122,3606,562,910,1157,635,294,825,1994,1119,57,56,92,69,0,3,1172,14429,224,2555,444,437,1652,226,1160,352,5153,617,105,793,65,625,244,3591,383,1012,2687,4042,133,4413,5436,2941,5218,2275,654,3325,422,1107,393,687,1027,442,1247,80,577,162,754,1592,156,2296,354,109,66,309,455,72,50,458,131,220,2,25,61,465,840,245,643,267,112,1419,938,159,800,111,137,45,379,440,1555,988,297,491,631,473,1596,405,102,48,30,35,267,17,69,7,9,1,3,16,85,112,2419,80
1998,218,17,40,3,125,0,117,2230,80,373,1814,111,489,1571,1190,1171,714,1468,837,1597,2275,197,73,236,17,117,35,118,1414,592,2038,897,15,492,754,861,43,233,915,58,106,79,2344,248,696,135,998,6819,1085,249,42,573,239,548,59,460,117,401,112,808,496,490,2688,217,1133,3275,6200,836,2406,2119,525,750,1177,2936,127,781,3283,367,718,352,343,940,797,351,220,9,338,6576,177,322,135,3743,597,1116,1225,751,308,795,2087,1184,72,52,95,100,0,5,1316,16620,237,2565,420,461,1833,212,1219,373,5416,639,109,840,67,656,218,3675,334,1219,2443,3714,145,4375,5557,3358,5329,2334,688,3233,402,1065,375,673,1050,497,1303,55,564,150,786,1593,161,2224,334,94,62,343,479,85,39,461,135,193,1,16,67,508,881,283,758,311,117,1443,943,157,868,103,150,67,373,423,1436,970,313,508,670,407,1521,439,134,55,27,26,253,26,50,10,2,1,0,17,117,136,2330,49
1999,113,24,34,3,105,1,101,2487,66,341,1944,112,552,1544,1278,1375,764,1326,877,1685,2416,226,84,252,18,115,51,114,1342,614,2164,785,18,465,624,946,28,239,1017,67,89,82,2256,306,629,99,1231,7217,1203,248,37,574,214,579,60,524,105,389,111,794,520,525,2702,296,1030,3150,5876,895,2401,2128,557,846,1172,2953,138,767,3333,361,783,354,317,993,827,313,206,6,405,7285,282,426,160,3442,421,1258,1284,854,292,861,2086,1199,78,60,120,68,1,2,1133,19310,205,2627,409,500,1751,217,1145,350,5353,648,114,858,49,581,192,3793,364,1347,1770,3329,137,4588,5445,3428,5400,2548,644,3324,403,1030,427,696,1045,535,1332,61,521,148,809,1688,153,2300,359,94,53,294,486,73,59,466,162,203,1,18,70,464,870,268,768,312,170,1465,951,148,873,88,166,52,346,442,1568,927,274,505,747,461,1391,455,137,66,29,28,291,18,70,8,6,2,1,15,104,106,2174,73
2000,120,14,41,3,111,0,121,2598,80,439,1891,143,568,1616,1393,1738,839,1362,861,1676,2543,241,109,210,25,138,57,130,1335,702,2436,1009,16,500,639,1062,30,242,1045,68,81,78,2394,303,614,75,1211,7419,1293,261,55,593,238,587,67,491,122,361,137,793,564,543,2812,243,1008,3259,6128,863,2516,2011,508,932,1293,3190,141,896,3527,352,819,419,362,1003,822,395,232,7,457,7506,342,392,161,3673,590,1405,1271,774,404,869,2257,1263,99,55,96,99,0,1,1052,21418,218,2881,458,491,1813,212,1298,449,5549,586,145,986,53,636,217,3697,365,1379,1281,3466,130,4896,6208,3810,5683,2438,707,3555,441,1173,461,725,1160,527,1369,61,572,170,839,1715,124,2323,267,69,56,295,438,73,63,459,163,192,1,18,73,518,902,361,751,296,168,1448,982,164,912,79,159,43,428,426,1626,935,290,539,859,409,1452,508,140,75,31,32,313,20,77,5,3,2,2,21,137,134,2213,79
2001,134,14,26,4,112,1,98,2559,85,436,1857,128,519,1633,1394,1506,796,1367,863,1719,2435,203,116,179,22,121,42,135,1160,705,2396,852,10,386,654,895,30,232,1092,47,84,74,2491,249,539,66,1150,7365,1235,297,31,555,212,616,66,508,114,358,126,752,603,563,2691,266,1059,3085,5799,792,2493,2171,505,962,1314,2867,141,814,3540,370,821,395,380,921,883,388,228,4,509,7500,316,307,144,3625,434,1476,1321,826,319,716,2017,1147,68,44,99,78,0,2,821,20827,213,2821,449,580,1791,217,1256,380,5702,731,120,960,60,591,170,4041,445,1289,1102,3420,155,4685,6190,3778,5617,2223,704,3265,504,1188,397,657,1149,499,1490,70,548,150,794,1685,113,2266,278,91,48,260,470,52,45,422,140,205,1,15,60,515,854,295,738,325,138,1357,901,154,773,105,156,45,394,384,1661,882,289,465,891,392,1332,490,178,62,27,33,349,25,66,4,8,1,1,22,110,113,1966,88
2002,118,22,40,0,122,0,103,2762,77,373,1826,147,565,1688,1464,1730,839,1421,914,1835,2423,230,118,183,26,101,47,134,1099,654,2326,801,11,395,649,775,36,189,1074,55,90,70,2557,239,603,60,1110,7744,1310,264,47,608,278,647,70,557,123,351,135,806,601,573,2761,236,1293,3370,5909,825,2476,2063,565,1030,1324,2933,136,883,3893,398,816,394,408,1011,935,395,236,11,597,7591,331,317,142,3703,431,1596,1532,933,341,720,2015,1139,63,47,108,86,0,3,944,21117,248,2884,449,501,1835,179,1357,369,5675,659,112,939,51,743,182,4503,340,1311,1416,3827,138,5088,6096,3769,5913,2101,689,3473,466,1112,387,654,1237,493,1553,71,611,166,828,1742,147,2207,322,82,45,264,492,81,45,429,164,187,0,13,51,518,848,308,660,332,114,1462,868,160,793,87,157,51,420,388,1863,884,277,426,956,408,1387,474,166,52,19,36,320,21,59,6,6,2,2,15,96,105,2131,56
2003,92,20,36,2,93,0,78,2589,77,393,1746,137,530,1752,1437,1674,813,1457,881,2003,2420,200,110,193,12,108,46,116,1034,615,2270,927,10,344,565,624,34,175,1021,51,72,50,2461,182,658,74,1016,7713,1308,279,30,726,320,666,59,546,145,299,125,729,504,614,2677,210,1020,3184,6034,800,2440,2262,551,977,1350,2807,151,867,3744,360,802,413,354,864,896,346,251,9,578,7861,322,328,136,3690,513,1787,1467,910,377,696,2051,1072,77,52,108,86,0,6,766,20478,216,2758,423,547,1863,191,1350,320,5166,605,113,968,47,727,192,3545,369,1281,1662,3538,126,4852,5504,3495,6514,1704,647,3397,537,1193,397,633,1223,522,1604,78,556,130,793,1772,128,2203,291,77,38,265,453,76,42,436,174,195,0,7,64,519,783,357,748,296,172,1416,930,172,788,108,160,54,404,393,1793,997,281,446,897,379,1563,469,173,51,21,37,334,22,66,6,3,0,1,21,133,88,1799,66
2004,74,10,53,3,99,0,64,2612,89,373,1762,129,557,1763,1409,1606,858,1596,918,1957,2444,187,128,173,16,107,50,107,1007,709,2577,705,10,352,612,629,32,239,946,60,81,67,2497,226,612,96,1101,8376,1226,310,32,688,317,566,69,433,139,294,125,871,547,641,2575,188,1876,3011,6433,812,2426,2196,541,1073,1458,2963,137,923,3720,345,837,437,353,914,1007,356,301,3,722,7841,324,342,148,3783,517,1810,1468,964,335,683,2071,1118,60,51,120,83,1,7,830,21202,230,2677,446,576,1798,198,1405,351,5012,601,110,867,43,706,181,3827,433,1235,1669,3680,111,5004,5013,3315,6558,1839,665,3396,483,1226,462,705,1280,490,1495,72,582,195,819,1887,133,2307,353,67,43,303,483,69,54,435,156,193,1,9,57,570,808,344,780,308,112,1427,970,161,823,99,165,65,402,429,1731,1024,250,482,862,388,1419,420,180,58,21,33,306,26,63,4,7,0,1,27,116,117,1873,75
2005,68,22,55,0,103,0,62,2805,90,416,1811,141,579,1775,1262,1642,899,1483,884,2020,2635,210,102,181,27,118,41,130,934,720,2940,831,15,325,681,698,43,214,936,80,132,63,2485,289,672,93,1143,8655,1376,274,41,635,239,601,67,396,151,263,144,873,560,599,2848,168,1918,3097,6786,773,2470,2196,496,1098,1495,3082,152,961,3901,381,886,355,362,964,1018,312,312,8,759,7231,298,401,174,3757,524,1780,1518,1005,368,805,2289,1328,77,58,108,87,1,5,1003,20543,231,3042,448,603,1839,186,1330,341,5724,632,116,921,48,817,199,3865,445,1252,1801,3732,92,5407,5975,3753,6852,1984,680,3221,482,1359,450,637,1230,543,1632,77,645,208,892,1804,165,2401,314,65,52,261,505,60,56,497,149,209,0,17,60,479,789,368,881,299,92,1401,971,158,771,89,163,57,414,367,1760,872,258,491,987,378,1505,499,182,59,23,26,315,35,56,14,3,1,4,16,108,103,1806,64
2006,64,12,69,3,107,0,45,2855,95,417,1763,128,603,1815,1197,1713,943,1587,1000,2044,2592,223,143,164,19,118,47,116,853,641,2333,734,6,368,686,568,54,222,989,59,107,73,2528,273,748,83,1267,8525,1281,261,29,633,186,626,95,437,171,293,158,789,578,596,2962,148,1413,3207,6992,868,2631,2111,521,1174,1422,3108,147,1031,4187,386,936,412,390,976,1090,340,348,5,765,7208,286,438,150,3923,495,1700,1342,992,356,898,2443,1380,97,53,85,76,0,4,1110,18013,224,3166,475,657,1990,188,1290,367,6178,665,100,1015,39,906,159,3613,481,1263,1854,4042,96,5616,5884,3498,6779,1927,690,3237,489,1360,451,699,1345,595,1656,72,729,179,964,1932,163,2500,394,85,70,281,559,60,51,508,182,206,0,12,54,508,751,320,819,294,91,1578,976,185,919,77,162,54,460,498,1846,985,257,497,1048,385,1527,566,204,59,34,42,369,40,65,5,5,1,5,20,113,133,1767,75
2007,99,11,69,1,130,0,49,2946,76,493,1887,161,615,1930,1239,1701,865,1539,989,1939,2486,214,175,131,26,116,44,103,899,640,2218,814,10,266,713,539,34,209,948,65,81,63,2626,218,671,92,1220,9170,1379,284,46,625,232,685,102,421,136,291,148,932,637,658,2993,175,1780,3158,6571,799,2522,1744,432,1126,1483,3151,147,1010,4009,442,848,418,316,1013,1089,351,364,5,790,7461,286,461,112,3611,586,1406,1292,892,335,900,2337,1316,99,55,111,96,1,5,1277,16670,219,3235,511,638,1961,171,1346,345,6595,673,112,1008,36,691,186,3198,406,1233,1956,4402,149,5709,6145,3803,6767,1704,704,3209,520,1501,499,758,1341,523,1644,97,737,223,878,1965,163,2468,317,81,54,273,548,85,43,511,169,227,2,13,45,426,773,340,886,295,114,1555,995,173,940,84,178,66,424,521,1731,1033,275,545,1060,359,1571,610,186,66,23,39,400,29,64,7,5,0,2,14,107,146,1803,92
2008,84,14,56,3,115,0,48,2853,74,428,2037,139,580,1876,1142,1861,913,1630,927,1881,2433,227,161,121,21,120,51,125,814,592,2315,669,11,341,729,570,40,204,918,51,78,58,2758,222,755,45,1232,9384,1266,327,39,654,194,663,69,408,134,306,173,858,596,674,3076,194,1387,3024,6147,775,2299,1884,458,1132,1440,2910,138,956,3864,435,861,539,280,835,1097,329,348,9,811,7353,314,449,114,3785,502,1615,1094,626,335,860,2329,1283,73,64,139,113,1,3,771,15688,210,3197,474,626,2075,201,1328,339,6030,592,108,886,41,809,168,3218,406,1395,1992,4398,106,5885,6202,3940,6815,1724,634,3182,575,1458,418,740,1337,551,1684,90,631,198,841,1742,162,2464,336,75,43,249,522,73,42,446,134,214,0,10,41,425,732,303,822,281,121,1492,1023,171,769,93,164,72,429,501,1705,926,257,526,1039,336,1509,557,215,40,30,32,392,25,64,8,1,0,5,15,105,115,1754,76
2009,68,22,58,2,96,0,58,2921,82,499,2146,132,595,1850,1045,1886,837,1529,917,1857,2545,233,168,127,22,118,50,100,717,596,2360,777,12,330,642,644,41,232,989,74,97,74,2520,264,678,58,1259,9188,1258,229,29,641,176,662,63,395,146,349,141,856,563,707,2866,118,1454,2901,6157,744,2233,1917,411,1230,1419,2808,160,1044,3931,432,892,398,264,896,1121,334,420,8,807,8558,297,482,128,3672,594,1761,1419,795,352,782,2506,1290,66,43,119,85,1,3,908,15523,188,3260,457,537,1981,176,1301,374,6285,718,113,977,41,751,157,3093,553,1466,1963,4568,107,5922,6613,3874,6940,1939,690,3003,504,1383,427,588,1360,526,1686,94,658,182,841,1738,137,2450,362,51,50,222,482,87,43,483,178,246,0,10,50,436,735,305,853,241,84,1538,1048,179,909,71,123,75,370,529,1635,857,244,544,1041,348,1541,535,193,54,17,39,360,55,84,9,1,1,1,18,115,119,1552,75
2010,81,17,43,2,112,0,34,2961,84,509,2139,147,565,1831,973,1724,896,1461,923,1760,2350,232,164,92,24,104,50,99,607,580,2388,751,13,316,664,611,41,268,962,43,100,57,2371,318,737,80,1258,8998,1220,188,23,548,187,593,70,362,130,296,165,788,537,687,2847,135,2059,2786,5714,677,2139,1587,387,1261,1305,2649,145,968,3791,439,835,354,232,907,951,280,401,10,790,7935,337,388,88,3504,505,1504,1357,836,382,759,2357,1131,74,31,101,104,0,3,801,15589,185,3136,469,547,1928,195,1276,349,6436,679,103,988,47,762,147,3000,496,1404,1849,4626,84,6148,7208,3913,6757,2016,743,2928,498,1393,487,584,1249,475,1488,89,705,206,848,1614,175,2486,405,64,61,232,491,85,50,463,172,262,0,4,38,453,658,269,731,191,85,1464,982,204,795,75,129,60,356,506,1467,857,275,566,1042,330,1622,540,199,52,23,47,378,37,79,12,4,1,4,16,76,101,1504,96
2011,89,13,48,1,115,0,40,2673,63,452,1946,137,539,1522,890,1366,780,1313,830,1517,2048,195,148,102,16,89,49,93,522,463,2018,722,12,264,650,559,31,243,1006,53,78,42,1969,216,641,57,887,8052,1274,207,28,460,177,631,58,306,116,275,134,714,491,553,2566,145,1562,2432,5256,584,1967,1425,380,1201,1180,2320,113,946,3563,393,779,349,193,830,947,259,372,4,696,7004,290,391,85,3101,518,1265,1206,734,377,759,2094,1078,50,24,79,98,0,2,439,14521,174,2609,444,522,1759,162,1110,281,6104,679,85,849,34,672,161,2485,366,1192,1648,4214,82,5620,6837,3826,6560,1836,603,2598,424,1226,387,500,1128,445,1472,88,674,192,852,1369,148,2323,348,65,49,206,429,78,53,469,151,237,0,7,45,396,638,248,724,194,73,1231,946,153,673,48,122,52,319,463,1331,800,253,518,889,341,1394,434,179,47,21,34,284,31,75,9,2,0,4,21,75,90,1283,56
2012,48,6,52,0,72,0,27,2183,45,362,1694,88,429,1183,655,938,701,1046,682,1330,1584,150,130,53,10,59,36,52,315,329,1501,626,6,190,635,351,29,182,720,39,39,33,1098,163,604,29,466,5163,872,149,30,399,141,454,41,252,77,222,118,533,287,452,2306,185,722,1674,3531,422,1538,1085,238,978,846,1844,90,641,2662,294,647,349,106,655,563,145,291,11,580,5321,152,307,73,2789,270,825,931,471,294,457,1741,863,56,11,59,43,0,4,196,12022,146,1691,214,439,1018,84,616,223,5721,622,39,614,24,544,97,1394,205,819,1256,2590,47,4475,5224,3621,6252,1351,435,2324,376,1050,361,467,913,379,1355,55,591,175,564,1028,127,1810,234,46,28,153,323,53,24,369,92,143,0,5,27,232,506,181,555,127,42,1030,750,94,487,51,76,48,255,439,1171,601,169,438,668,250,1345,284,161,36,16,21,265,26,53,8,0,1,0,23,38,74,848,51
2013,12,4,27,0,35,0,4,920,37,178,1174,49,257,649,170,389,361,656,489,904,818,70,100,16,6,13,9,17,103,126,601,333,6,40,163,119,11,96,230,9,11,14,219,43,188,7,128,1881,369,71,6,332,98,218,29,93,30,127,82,306,108,188,1523,30,408,687,2110,149,1015,712,90,639,374,1058,28,295,1515,100,382,237,36,236,249,45,123,1,323,1661,53,241,17,1822,56,101,325,192,206,189,1304,517,36,0,13,8,1,1,68,4368,87,574,46,208,245,26,176,113,4127,283,15,208,8,410,35,308,22,286,367,768,17,2274,1588,2073,4877,341,247,1640,224,617,250,202,521,191,903,38,421,80,408,662,81,1244,140,28,26,126,245,32,19,307,75,138,0,3,26,121,279,66,420,78,50,687,430,46,203,13,29,18,154,262,709,299,56,315,267,145,858,177,72,11,8,12,118,26,19,4,0,0,2,13,23,35,399,31
2014,0,2,6,0,11,0,5,145,4,30,433,8,59,136,31,55,60,113,90,200,113,18,12,8,3,0,0,9,2,24,156,39,1,6,26,18,4,28,34,3,0,1,25,11,13,0,18,295,88,14,1,150,36,72,17,39,22,40,24,75,29,60,623,16,135,145,623,36,376,227,20,188,79,323,4,81,554,11,86,75,5,27,39,5,41,2,85,182,7,61,0,302,5,0,30,2,46,22,380,135,6,0,0,0,0,0,0,279,42,130,18,67,50,2,42,25,2236,63,5,23,1,195,6,33,1,36,18,50,5,562,98,401,1628,51,70,529,87,175,102,83,177,65,552,30,168,24,148,282,52,683,89,22,22,53,152,34,21,176,33,94,0,1,8,29,113,13,181,34,11,248,134,18,64,3,7,2,74,70,184,132,13,92,57,51,252,43,12,1,1,2,24,7,5,2,0,0,0,6,7,5,112,7
2015,0,0,2,0,0,0,0,1,0,0,24,1,2,4,0,0,1,2,0,0,0,1,0,0,0,0,0,1,1,1,8,3,0,0,1,1,0,1,1,0,0,0,3,1,0,0,0,12,6,0,0,3,1,2,0,2,2,2,0,2,4,4,28,5,6,1,31,2,47,8,0,12,2,14,0,1,32,0,1,5,0,0,0,0,0,0,2,0,0,0,0,12,0,0,0,0,0,0,30,4,0,0,0,0,0,0,0,15,0,2,0,10,0,0,0,0,98,1,0,1,0,7,0,0,0,0,0,0,0,3,0,2,6,0,12,71,9,12,9,18,21,9,112,4,19,4,16,23,3,24,2,0,2,2,8,4,0,8,2,14,0,0,1,2,6,0,24,1,0,39,7,1,0,0,2,1,12,10,7,12,0,3,4,1,18,3,0,1,1,1,6,0,0,0,0,0,0,1,0,1,0,0
2016,0,0,0,0,0,0,0,0,0,0,0,0,0,0,0,0,0,0,0,2,0,0,0,0,0,0,0,0,0,0,0,0,0,0,0,0,0,0,0,0,0,0,0,0,0,0,0,0,0,0,0,0,0,0,0,0,0,0,0,0,0,0,0,0,0,0,0,0,1,0,0,0,0,0,0,0,0,0,0,0,0,0,0,0,0,0,0,0,0,0,0,0,0,0,0,0,0,0,0,0,0,0,0,0,0,0,0,0,0,0,0,0,0,0,0,0,1,0,0,0,0,0,0,0,0,0,0,0,0,1,0,1,0,0,0,4,0,0,0,0,0,0,0,0,0,0,0,0,0,0,0,0,0,0,0,0,0,0,0,0,0,0,0,0,0,0,0,0,0,0,0,0,0,0,0,0,0,0,0,0,0,0,0,0,0,0,0,0,0,0,0,0,1,0,0,0,0,0,0,0,0,0
2017,0,0,0,0,0,0,0,0,0,0,0,0,0,0,0,0,0,0,0,0,0,0,0,0,0,0,0,0,0,0,0,0,0,0,0,0,0,0,0,0,0,0,0,0,0,0,0,0,0,0,0,0,0,0,0,0,0,0,0,0,0,0,0,0,0,0,0,0,0,0,0,0,1,0,0,0,0,0,0,0,0,0,0,0,0,0,0,0,0,0,0,0,0,0,0,0,0,0,0,0,0,0,0,0,0,0,0,0,0,0,0,0,0,0,0,0,1,0,0,0,0,0,0,0,0,0,0,0,0,0,0,0,0,0,0,0,0,0,0,0,0,0,0,0,0,0,0,0,0,0,0,0,0,0,0,0,0,0,0,0,0,0,0,0,0,0,0,0,0,0,0,0,0,0,0,0,0,0,0,0,0,0,0,0,0,0,0,0,0,0,0,0,0,0,0,0,0,0,0,0,0,0
2018,0,0,0,0,0,0,0,0,0,0,0,0,0,0,0,0,0,0,0,0,0,0,0,0,0,0,0,0,0,0,0,0,0,0,0,0,0,0,0,0,0,0,0,0,0,0,0,0,0,0,0,0,0,0,0,0,0,0,0,0,0,0,0,0,0,0,0,0,0,0,0,0,0,0,0,0,0,0,0,0,0,0,0,0,0,0,0,0,0,0,0,0,0,0,0,0,0,0,0,0,0,0,0,0,0,0,0,0,0,0,0,0,0,0,0,0,1,0,0,0,0,0,0,0,0,0,0,0,0,0,0,1,0,0,0,0,0,0,0,0,0,0,0,0,0,0,0,0,0,0,0,0,0,0,0,0,0,0,0,0,0,0,0,0,0,0,0,0,0,0,0,0,0,0,0,0,0,0,0,0,0,0,0,0,0,0,0,0,0,0,0,0,0,0,0,0,0,0,0,0,0,0
2020,0,0,0,0,0,0,0,0,0,0,0,0,0,0,0,0,0,0,0,0,0,0,0,0,0,0,0,0,0,0,0,0,0,0,0,0,0,0,0,0,0,0,0,0,0,0,0,0,0,0,0,0,0,0,0,0,0,0,0,0,0,0,0,0,0,0,0,0,0,0,0,1,0,0,0,0,0,0,0,0,0,0,0,0,0,0,0,0,0,0,0,0,0,0,0,0,0,0,0,0,0,0,0,0,0,0,0,0,0,0,0,0,0,0,0,0,0,0,0,0,0,0,0,0,1,0,0,0,0,0,0,0,0,0,0,0,0,0,0,0,0,0,0,0,0,0,0,0,0,0,0,0,0,0,0,0,0,0,0,0,0,0,0,0,0,0,0,0,0,0,0,0,0,0,0,0,0,0,0,0,0,0,0,0,0,0,0,0,0,0,0,0,0,0,0,0,0,0,0,0,0,0
