subclass,label,status,main_class,year,rank,cumulative
AC,General Collections,RENAMED,A,1480,,0
AE,Encyclopedias (General),RENAMED,A,1480,25.0,9
AG,Dictionaries (General),RENAMED,A,1480,,0
AI,Indexes,ABSENT,A,1480,,0
AM,Museums / Exhibitions,ABSENT,A,1480,,0
AN,Newspapers,ABSENT,A,1480,,0
AS,Academies / Societies,ABSENT,A,1480,,0
B,Philosophy (General),MERGED,B,1480,6.0,137
BC,Logic,MERGED,B,1480,30.0,5
BD,Speculative Philosophy,MERGED,B,1480,,0
BF,Psychology,ABSENT,B,1480,27.0,7
BH,Aesthetics,MERGED,B,1480,,0
BJ,Ethics,MERGED,B,1480,20.0,25
BL,Religion / Mythology,MERGED,B,1480,32.0,4
BM,Judaism,MERGED,B,1480,27.0,7
BP,Islam,MERGED,B,1480,11.0,105
BR,Christianity,MERGED,B,1480,9.0,115
BS,Bible,MERGED,B,1480,10.0,112
BT,Doctrinal Theology,MERGED,B,1480,13.0,72
BV,Practical Theology,MERGED,B,1480,14.0,57
BX,Christian Denominations,MERGED,B,1480,1.0,922
CB,History of Civilization,ABSENT,C,1480,,0
CC,Archaeology,ABSENT,C,1480,,0
CD,Diplomatics / Archives,ABSENT,C,1480,,0
CE,Chronology,ABSENT,C,1480,17.0,32
CJ,Numismatics,ABSENT,C,1480,,0
CN,Inscriptions / Epigraphy,ABSENT,C,1480,,0
CR,Heraldry,ABSENT,C,1480,,0
CS,Genealogy,ABSENT,C,1480,,0
CT,Biography (General),ABSENT,C,1480,,0
D,History (General),MERGED,D,1480,,0
DA,British History,MERGED,D,1480,,0
DAW,Central Europe,ABSENT,D,1480,,0
DB,Austria / Bohemia,ABSENT,D,1480,,0
DC,French History,MERGED,D,1480,,0
DD,German History,MERGED,D,1480,,0
DE,Greco-Roman World,MERGED,D,1480,,0
DF,Greek History,MERGED,D,1480,27.0,7
DG,Italian History / Rome,MERGED,D,1480,,0
DH,Low Countries History,ABSENT,D,1480,,0
DJ,Netherlands,ABSENT,D,1480,,0
DJK,Eastern Europe (General),ABSENT,D,1480,,0
DK,Russia / Former Soviet States,ABSENT,D,1480,,0
DL,Scandinavian History,ABSENT,D,1480,,0
DP,Iberian History,ABSENT,D,1480,,0
DQ,Switzerland,ABSENT,D,1480,,0
DR,Balkan History,ABSENT,D,1480,,0
DS,Asian History,ABSENT,D,1480,23.0,21
DT,African History,ABSENT,D,1480,,0
DU,Oceania,ABSENT,D,1480,,0
DX,Romani People,ABSENT,D,1480,,0
E18,African American History (E185),ABSENT,E,1480,,0
E99,Native Americans (E99),ABSENT,E,1480,,0
G,Geography (General),MERGED,G,1480,32.0,4
GA,Mathematical Geography,MERGED,G,1480,,0
GB,Physical Geography,MERGED,G,1480,,0
GC,Oceanography,ABSENT,G,1480,,0
GE,Environmental Sciences,ABSENT,G,1480,,0
GF,Human Ecology,ABSENT,G,1480,,0
GN,Anthropology,ABSENT,G,1480,,0
GR,Folklore,ABSENT,G,1480,,0
GT,Manners & Customs,ABSENT,G,1480,,0
GV,Recreation / Leisure,ABSENT,G,1480,,0
HA,Statistics,ABSENT,H,1480,,0
HB,Economic Theory,ABSENT,H,1480,,0
HC,Economic History,ABSENT,H,1480,,0
HD,Land / Agriculture Economics,ABSENT,H,1480,,0
HE,Transportation / Communications,ABSENT,H,1480,,0
HF,Commerce,MERGED,H,1480,,0
HG,Finance,ABSENT,H,1480,,0
HJ,Public Finance,MERGED,H,1480,16.0,36
HM,Sociology,ABSENT,H,1480,,0
HN,Social History,ABSENT,H,1480,,0
HQ,Family / Gender / Sexuality,ABSENT,H,1480,,0
HS,Societies / Clubs,ABSENT,H,1480,,0
HT,Communities / Classes / Race,ABSENT,H,1480,,0
HV,Social Pathology / Criminology,ABSENT,H,1480,,0
HX,Socialism / Communism,ABSENT,H,1480,,0
JC,Political Theory,MERGED,J,1480,,0
JK,US Political Institutions,MERGED,J,1480,,0
JL,Canadian / Latin American Politics,MERGED,J,1480,,0
JN,European Politics,ABSENT,J,1480,,0
JQ,Asian / African Politics,ABSENT,J,1480,,0
JS,Local Government,ABSENT,J,1480,,0
JV,Colonies / Colonialism,ABSENT,J,1480,,0
JX,International Law (old),ABSENT,J,1480,,0
JZ,International Relations,ABSENT,J,1480,,0
K,Law (General),MERGED,K,1480,8.0,126
KB,Religious Law,MERGED,K,1480,2.0,356
KD,UK Law,MERGED,K,1480,20.0,25
KE,Canadian Law,ABSENT,K,1480,,0
KF,US Law,MERGED,K,1480,,0
KG,Latin American Law,ABSENT,K,1480,,0
KH,South American Law,ABSENT,K,1480,,0
KJ,European Law,MERGED,K,1480,5.0,142
KL,Asian / African Law,ABSENT,K,1480,,0
KZ,International Law,ABSENT,K,1480,,0
LA,History of Education,ABSENT,L,1480,12.0,84
LB,Theory / Practice of Education,ABSENT,L,1480,,0
LC,Social Aspects of Education,ABSENT,L,1480,24.0,11
LD,US Universities,ABSENT,L,1480,,0
LE,American Universities (other),ABSENT,L,1480,,0
LF,European Universities,ABSENT,L,1480,,0
LG,Asian / African Universities,ABSENT,L,1480,,0
LH,College Publications,ABSENT,L,1480,,0
LJ,Student Fraternities,ABSENT,L,1480,,0
M,Music Scores,DIRECT,M,1480,3.0,240
ML,Literature on Music,DIRECT,M,1480,4.0,228
MT,Musical Instruction,DIRECT,M,1480,,0
N,Visual Arts (General),MERGED,N,1480,,0
NB,Sculpture,MERGED,N,1480,,0
NC,Drawing / Design,MERGED,N,1480,,0
ND,Painting,MERGED,N,1480,,0
NE,Print Media,ABSENT,N,1480,,0
NK,Decorative Arts,ABSENT,N,1480,,0
NX,Arts in General,ABSENT,N,1480,,0
P,Linguistics (General),MERGED,P,1480,,0
PA,Classical Languages & Literature,MERGED,P,1480,7.0,136
PB,Celtic Languages,MERGED,P,1480,,0
PC,Romanic Languages,MERGED,P,1480,,0
PD,Germanic Languages (old),MERGED,P,1480,,0
PE,English Language,MERGED,P,1480,,0
PF,West Germanic Languages,MERGED,P,1480,,0
PG,Slavic Languages & Literatures,ABSENT,P,1480,,0
PH,Uralic / Basque Languages,ABSENT,P,1480,,0
PJ,Oriental Languages / Literature,ABSENT,P,1480,,0
PK,Indo-Iranian Languages,ABSENT,P,1480,,0
PL,E Asian / African / Pacific,ABSENT,P,1480,30.0,5
PM,Indigenous American Languages,ABSENT,P,1480,,0
PN,General Literature,MERGED,P,1480,,0
PQ,French / Italian / Spanish Lit.,MERGED,P,1480,20.0,25
PR,English Literature,MERGED,P,1480,,0
PS,American Literature,MERGED,P,1480,,0
PT,Germanic Literature,MERGED,P,1480,,0
Q,Science (General),MERGED,Q,1480,,0
QA,Mathematics,MERGED,Q,1480,,0
QB,Astronomy,MERGED,Q,1480,15.0,38
QC,Physics,MERGED,Q,1480,,0
QD,Chemistry,MERGED,Q,1480,,0
QE,Geology / Mineralogy,MERGED,Q,1480,,0
QH,Natural History / Biology,ABSENT,Q,1480,,0
QK,Botany,MERGED,Q,1480,,0
QL,Zoology,MERGED,Q,1480,,0
QM,Human Anatomy,MERGED,Q,1480,,0
QP,Physiology,ABSENT,Q,1480,25.0,9
QR,Microbiology,ABSENT,Q,1480,,0
R,Medicine (General),MERGED,R,1480,18.0,31
RA,Public Health,ABSENT,R,1480,19.0,30
RB,Pathology,ABSENT,R,1480,,0
RC,Internal Medicine,MERGED,R,1480,,0
RD,Surgery,MERGED,R,1480,,0
RE,Ophthalmology,ABSENT,R,1480,,0
RF,Otorhinolaryngology,ABSENT,R,1480,,0
RG,Gynecology / Obstetrics,ABSENT,R,1480,,0
RJ,Pediatrics,ABSENT,R,1480,,0
RK,Dentistry,ABSENT,R,1480,,0
RL,Dermatology,ABSENT,R,1480,,0
RM,Pharmacology,ABSENT,R,1480,,0
RS,Pharmacy,ABSENT,R,1480,,0
RT,Nursing,ABSENT,R,1480,,0
RV,Botanic Medicine,ABSENT,R,1480,,0
RX,Homeopathy,ABSENT,R,1480,,0
RZ,Other Medical Systems,ABSENT,R,1480,,0
S,Agriculture (General),DIRECT,S,1480,,0
SB,Plant Culture,DIRECT,S,1480,,0
SD,Forestry,MERGED,S,1480,,0
SF,Animal Culture,MERGED,S,1480,,0
SH,Aquaculture / Fisheries,ABSENT,S,1480,,0
SK,Hunting / Wildlife,ABSENT,S,1480,,0
T,Technology (General),MERGED,T,1480,,0
TA,Engineering (General),MERGED,T,1480,,0
TC,Hydraulic Engineering,MERGED,T,1480,,0
TD,Environmental Technology,ABSENT,T,1480,,0
TE,Highway Engineering,MERGED,T,1480,,0
TF,Railroad Engineering,ABSENT,T,1480,,0
TG,Bridge Engineering,MERGED,T,1480,,0
TH,Building Construction,MERGED,T,1480,,0
TJ,Mechanical Engineering,MERGED,T,1480,,0
TK,Electrical Engineering,ABSENT,T,1480,,0
TL,Motor Vehicles / Aeronautics,ABSENT,T,1480,,0
TN,Mining / Metallurgy,MERGED,T,1480,,0
TP,Chemical Technology,MERGED,T,1480,,0
TR,Photography,ABSENT,T,1480,,0
TS,Manufactures,MERGED,T,1480,,0
TX,Home Economics,ABSENT,T,1480,34.0,1
UA,Armies / Land Forces,ABSENT,U,1480,,0
UB,Military Administration,ABSENT,U,1480,,0
UC,Military Maintenance,ABSENT,U,1480,,0
UD,Infantry,ABSENT,U,1480,,0
UF,Artillery,ABSENT,U,1480,,0
UG,Military Engineering,ABSENT,U,1480,,0
UH,Military Medicine,ABSENT,U,1480,,0
VA,Navies,ABSENT,V,1480,,0
VB,Naval Administration,ABSENT,V,1480,,0
VC,Naval Maintenance,ABSENT,V,1480,,0
VD,Naval Seamen,ABSENT,V,1480,,0
VF,Naval Ordnance,ABSENT,V,1480,,0
VG,Naval Auxiliaries,ABSENT,V,1480,,0
VK,Navigation / Seamanship,ABSENT,V,1480,,0
VM,Naval Architecture,ABSENT,V,1480,,0
Z,Books / Writing (General),DIRECT,Z,1480,,0
ZA,Information Resources,ABSENT,Z,1480,,0
AC,General Collections,RENAMED,A,1550,79.0,31
AE,Encyclopedias (General),RENAMED,A,1550,26.0,668
AG,Dictionaries (General),RENAMED,A,1550,76.0,38
AI,Indexes,ABSENT,A,1550,,0
AM,Museums / Exhibitions,ABSENT,A,1550,,0
AN,Newspapers,ABSENT,A,1550,,0
AS,Academies / Societies,ABSENT,A,1550,,0
B,Philosophy (General),MERGED,B,1550,11.0,3233
BC,Logic,MERGED,B,1550,50.0,138
BD,Speculative Philosophy,MERGED,B,1550,67.0,56
BF,Psychology,ABSENT,B,1550,29.0,449
BH,Aesthetics,MERGED,B,1550,,0
BJ,Ethics,MERGED,B,1550,25.0,698
BL,Religion / Mythology,MERGED,B,1550,46.0,150
BM,Judaism,MERGED,B,1550,21.0,862
BP,Islam,MERGED,B,1550,31.0,407
BR,Christianity,MERGED,B,1550,5.0,7769
BS,Bible,MERGED,B,1550,6.0,4583
BT,Doctrinal Theology,MERGED,B,1550,9.0,3364
BV,Practical Theology,MERGED,B,1550,8.0,3900
BX,Christian Denominations,MERGED,B,1550,1.0,17069
CB,History of Civilization,ABSENT,C,1550,57.0,86
CC,Archaeology,ABSENT,C,1550,,0
CD,Diplomatics / Archives,ABSENT,C,1550,,0
CE,Chronology,ABSENT,C,1550,32.0,305
CJ,Numismatics,ABSENT,C,1550,,0
CN,Inscriptions / Epigraphy,ABSENT,C,1550,65.0,62
CR,Heraldry,ABSENT,C,1550,81.0,30
CS,Genealogy,ABSENT,C,1550,,0
CT,Biography (General),ABSENT,C,1550,,0
D,History (General),MERGED,D,1550,18.0,968
DA,British History,MERGED,D,1550,36.0,227
DAW,Central Europe,ABSENT,D,1550,,0
DB,Austria / Bohemia,ABSENT,D,1550,65.0,62
DC,French History,MERGED,D,1550,94.0,7
DD,German History,MERGED,D,1550,30.0,438
DE,Greco-Roman World,MERGED,D,1550,84.0,19
DF,Greek History,MERGED,D,1550,42.0,161
DG,Italian History / Rome,MERGED,D,1550,20.0,925
DH,Low Countries History,ABSENT,D,1550,,0
DJ,Netherlands,ABSENT,D,1550,,0
DJK,Eastern Europe (General),ABSENT,D,1550,,0
DK,Russia / Former Soviet States,ABSENT,D,1550,99.0,1
DL,Scandinavian History,ABSENT,D,1550,,0
DP,Iberian History,ABSENT,D,1550,51.0,127
DQ,Switzerland,ABSENT,D,1550,97.0,3
DR,Balkan History,ABSENT,D,1550,47.0,147
DS,Asian History,ABSENT,D,1550,22.0,814
DT,African History,ABSENT,D,1550,,0
DU,Oceania,ABSENT,D,1550,,0
DX,Romani People,ABSENT,D,1550,,0
E18,African American History (E185),ABSENT,E,1550,,0
E99,Native Americans (E99),ABSENT,E,1550,,0
G,Geography (General),MERGED,G,1550,27.0,600
GA,Mathematical Geography,MERGED,G,1550,52.0,120
GB,Physical Geography,MERGED,G,1550,77.0,36
GC,Oceanography,ABSENT,G,1550,,0
GE,Environmental Sciences,ABSENT,G,1550,,0
GF,Human Ecology,ABSENT,G,1550,,0
GN,Anthropology,ABSENT,G,1550,,0
GR,Folklore,ABSENT,G,1550,,0
GT,Manners & Customs,ABSENT,G,1550,37.0,217
GV,Recreation / Leisure,ABSENT,G,1550,49.0,141
HA,Statistics,ABSENT,H,1550,,0
HB,Economic Theory,ABSENT,H,1550,72.0,43
HC,Economic History,ABSENT,H,1550,,0
HD,Land / Agriculture Economics,ABSENT,H,1550,,0
HE,Transportation / Communications,ABSENT,H,1550,43.0,158
HF,Commerce,MERGED,H,1550,82.0,28
HG,Finance,ABSENT,H,1550,63.0,71
HJ,Public Finance,MERGED,H,1550,53.0,106
HM,Sociology,ABSENT,H,1550,,0
HN,Social History,ABSENT,H,1550,99.0,1
HQ,Family / Gender / Sexuality,ABSENT,H,1550,61.0,80
HS,Societies / Clubs,ABSENT,H,1550,,0
HT,Communities / Classes / Race,ABSENT,H,1550,,0
HV,Social Pathology / Criminology,ABSENT,H,1550,74.0,40
HX,Socialism / Communism,ABSENT,H,1550,,0
JC,Political Theory,MERGED,J,1550,41.0,171
JK,US Political Institutions,MERGED,J,1550,,0
JL,Canadian / Latin American Politics,MERGED,J,1550,,0
JN,European Politics,ABSENT,J,1550,55.0,98
JQ,Asian / African Politics,ABSENT,J,1550,,0
JS,Local Government,ABSENT,J,1550,,0
JV,Colonies / Colonialism,ABSENT,J,1550,,0
JX,International Law (old),ABSENT,J,1550,,0
JZ,International Relations,ABSENT,J,1550,,0
K,Law (General),MERGED,K,1550,14.0,1716
KB,Religious Law,MERGED,K,1550,2.0,15236
KD,UK Law,MERGED,K,1550,12.0,2573
KE,Canadian Law,ABSENT,K,1550,,0
KF,US Law,MERGED,K,1550,96.0,5
KG,Latin American Law,ABSENT,K,1550,,0
KH,South American Law,ABSENT,K,1550,,0
KJ,European Law,MERGED,K,1550,3.0,13653
KL,Asian / African Law,ABSENT,K,1550,,0
KZ,International Law,ABSENT,K,1550,91.0,13
LA,History of Education,ABSENT,L,1550,10.0,3257
LB,Theory / Practice of Education,ABSENT,L,1550,34.0,246
LC,Social Aspects of Education,ABSENT,L,1550,59.0,81
LD,US Universities,ABSENT,L,1550,,0
LE,American Universities (other),ABSENT,L,1550,,0
LF,European Universities,ABSENT,L,1550,,0
LG,Asian / African Universities,ABSENT,L,1550,,0
LH,College Publications,ABSENT,L,1550,,0
LJ,Student Fraternities,ABSENT,L,1550,,0
M,Music Scores,DIRECT,M,1550,7.0,4208
ML,Literature on Music,DIRECT,M,1550,16.0,1228
MT,Musical Instruction,DIRECT,M,1550,86.0,16
N,Visual Arts (General),MERGED,N,1550,78.0,34
NB,Sculpture,MERGED,N,1550,,0
NC,Drawing / Design,MERGED,N,1550,68.0,55
ND,Painting,MERGED,N,1550,,0
NE,Print Media,ABSENT,N,1550,58.0,83
NK,Decorative Arts,ABSENT,N,1550,62.0,72
NX,Arts in General,ABSENT,N,1550,,0
P,Linguistics (General),MERGED,P,1550,69.0,54
PA,Classical Languages & Literature,MERGED,P,1550,4.0,12273
PB,Celtic Languages,MERGED,P,1550,,0
PC,Romanic Languages,MERGED,P,1550,40.0,198
PD,Germanic Languages (old),MERGED,P,1550,,0
PE,English Language,MERGED,P,1550,,0
PF,West Germanic Languages,MERGED,P,1550,83.0,23
PG,Slavic Languages & Literatures,ABSENT,P,1550,,0
PH,Uralic / Basque Languages,ABSENT,P,1550,,0
PJ,Oriental Languages / Literature,ABSENT,P,1550,38.0,213
PK,Indo-Iranian Languages,ABSENT,P,1550,,0
PL,E Asian / African / Pacific,ABSENT,P,1550,33.0,271
PM,Indigenous American Languages,ABSENT,P,1550,,0
PN,General Literature,MERGED,P,1550,64.0,67
PQ,French / Italian / Spanish Lit.,MERGED,P,1550,13.0,1786
PR,English Literature,MERGED,P,1550,86.0,16
PS,American Literature,MERGED,P,1550,,0
PT,Germanic Literature,MERGED,P,1550,24.0,704
Q,Science (General),MERGED,Q,1550,48.0,143
QA,Mathematics,MERGED,Q,1550,56.0,94
QB,Astronomy,MERGED,Q,1550,17.0,1114
QC,Physics,MERGED,Q,1550,54.0,100
QD,Chemistry,MERGED,Q,1550,97.0,3
QE,Geology / Mineralogy,MERGED,Q,1550,,0
QH,Natural History / Biology,ABSENT,Q,1550,92.0,12
QK,Botany,MERGED,Q,1550,35.0,232
QL,Zoology,MERGED,Q,1550,71.0,52
QM,Human Anatomy,MERGED,Q,1550,73.0,41
QP,Physiology,ABSENT,Q,1550,39.0,204
QR,Microbiology,ABSENT,Q,1550,,0
R,Medicine (General),MERGED,R,1550,15.0,1414
RA,Public Health,ABSENT,R,1550,28.0,509
RB,Pathology,ABSENT,R,1550,,0
RC,Internal Medicine,MERGED,R,1550,85.0,17
RD,Surgery,MERGED,R,1550,59.0,81
RE,Ophthalmology,ABSENT,R,1550,,0
RF,Otorhinolaryngology,ABSENT,R,1550,,0
RG,Gynecology / Obstetrics,ABSENT,R,1550,95.0,6
RJ,Pediatrics,ABSENT,R,1550,,0
RK,Dentistry,ABSENT,R,1550,,0
RL,Dermatology,ABSENT,R,1550,,0
RM,Pharmacology,ABSENT,R,1550,,0
RS,Pharmacy,ABSENT,R,1550,44.0,154
RT,Nursing,ABSENT,R,1550,,0
RV,Botanic Medicine,ABSENT,R,1550,,0
RX,Homeopathy,ABSENT,R,1550,,0
RZ,Other Medical Systems,ABSENT,R,1550,,0
S,Agriculture (General),DIRECT,S,1550,79.0,31
SB,Plant Culture,DIRECT,S,1550,,0
SD,Forestry,MERGED,S,1550,,0
SF,Animal Culture,MERGED,S,1550,,0
SH,Aquaculture / Fisheries,ABSENT,S,1550,,0
SK,Hunting / Wildlife,ABSENT,S,1550,,0
T,Technology (General),MERGED,T,1550,,0
TA,Engineering (General),MERGED,T,1550,88.0,15
TC,Hydraulic Engineering,MERGED,T,1550,,0
TD,Environmental Technology,ABSENT,T,1550,,0
TE,Highway Engineering,MERGED,T,1550,,0
TF,Railroad Engineering,ABSENT,T,1550,,0
TG,Bridge Engineering,MERGED,T,1550,,0
TH,Building Construction,MERGED,T,1550,23.0,733
TJ,Mechanical Engineering,MERGED,T,1550,,0
TK,Electrical Engineering,ABSENT,T,1550,,0
TL,Motor Vehicles / Aeronautics,ABSENT,T,1550,,0
TN,Mining / Metallurgy,MERGED,T,1550,93.0,11
TP,Chemical Technology,MERGED,T,1550,88.0,15
TR,Photography,ABSENT,T,1550,,0
TS,Manufactures,MERGED,T,1550,,0
TX,Home Economics,ABSENT,T,1550,19.0,964
UA,Armies / Land Forces,ABSENT,U,1550,,0
UB,Military Administration,ABSENT,U,1550,,0
UC,Military Maintenance,ABSENT,U,1550,,0
UD,Infantry,ABSENT,U,1550,,0
UF,Artillery,ABSENT,U,1550,,0
UG,Military Engineering,ABSENT,U,1550,75.0,39
UH,Military Medicine,ABSENT,U,1550,,0
VA,Navies,ABSENT,V,1550,,0
VB,Naval Administration,ABSENT,V,1550,,0
VC,Naval Maintenance,ABSENT,V,1550,,0
VD,Naval Seamen,ABSENT,V,1550,,0
VF,Naval Ordnance,ABSENT,V,1550,,0
VG,Naval Auxiliaries,ABSENT,V,1550,,0
VK,Navigation / Seamanship,ABSENT,V,1550,69.0,54
VM,Naval Architecture,ABSENT,V,1550,90.0,14
Z,Books / Writing (General),DIRECT,Z,1550,45.0,153
ZA,Information Resources,ABSENT,Z,1550,,0
AC,General Collections,RENAMED,A,1600,63.0,323
AE,Encyclopedias (General),RENAMED,A,1600,33.0,1357
AG,Dictionaries (General),RENAMED,A,1600,85.0,180
AI,Indexes,ABSENT,A,1600,,0
AM,Museums / Exhibitions,ABSENT,A,1600,,0
AN,Newspapers,ABSENT,A,1600,,0
AS,Academies / Societies,ABSENT,A,1600,,0
B,Philosophy (General),MERGED,B,1600,14.0,7064
BC,Logic,MERGED,B,1600,74.0,238
BD,Speculative Philosophy,MERGED,B,1600,81.0,192
BF,Psychology,ABSENT,B,1600,32.0,1365
BH,Aesthetics,MERGED,B,1600,,0
BJ,Ethics,MERGED,B,1600,25.0,1911
BL,Religion / Mythology,MERGED,B,1600,57.0,454
BM,Judaism,MERGED,B,1600,16.0,4629
BP,Islam,MERGED,B,1600,43.0,763
BR,Christianity,MERGED,B,1600,5.0,22871
BS,Bible,MERGED,B,1600,7.0,13179
BT,Doctrinal Theology,MERGED,B,1600,12.0,7681
BV,Practical Theology,MERGED,B,1600,11.0,8689
BX,Christian Denominations,MERGED,B,1600,2.0,38880
CB,History of Civilization,ABSENT,C,1600,71.0,246
CC,Archaeology,ABSENT,C,1600,,0
CD,Diplomatics / Archives,ABSENT,C,1600,,0
CE,Chronology,ABSENT,C,1600,45.0,717
CJ,Numismatics,ABSENT,C,1600,76.0,227
CN,Inscriptions / Epigraphy,ABSENT,C,1600,90.0,162
CR,Heraldry,ABSENT,C,1600,62.0,324
CS,Genealogy,ABSENT,C,1600,102.0,87
CT,Biography (General),ABSENT,C,1600,70.0,248
D,History (General),MERGED,D,1600,19.0,2958
DA,British History,MERGED,D,1600,26.0,1810
DAW,Central Europe,ABSENT,D,1600,,0
DB,Austria / Bohemia,ABSENT,D,1600,84.0,182
DC,French History,MERGED,D,1600,48.0,648
DD,German History,MERGED,D,1600,28.0,1693
DE,Greco-Roman World,MERGED,D,1600,94.0,137
DF,Greek History,MERGED,D,1600,50.0,632
DG,Italian History / Rome,MERGED,D,1600,17.0,4040
DH,Low Countries History,ABSENT,D,1600,83.0,183
DJ,Netherlands,ABSENT,D,1600,123.0,13
DJK,Eastern Europe (General),ABSENT,D,1600,,0
DK,Russia / Former Soviet States,ABSENT,D,1600,78.0,214
DL,Scandinavian History,ABSENT,D,1600,105.0,65
DP,Iberian History,ABSENT,D,1600,49.0,638
DQ,Switzerland,ABSENT,D,1600,110.0,53
DR,Balkan History,ABSENT,D,1600,47.0,662
DS,Asian History,ABSENT,D,1600,22.0,2634
DT,African History,ABSENT,D,1600,117.0,29
DU,Oceania,ABSENT,D,1600,,0
DX,Romani People,ABSENT,D,1600,,0
E18,African American History (E185),ABSENT,E,1600,,0
E99,Native Americans (E99),ABSENT,E,1600,,0
G,Geography (General),MERGED,G,1600,23.0,2505
GA,Mathematical Geography,MERGED,G,1600,41.0,850
GB,Physical Geography,MERGED,G,1600,95.0,133
GC,Oceanography,ABSENT,G,1600,,0
GE,Environmental Sciences,ABSENT,G,1600,,0
GF,Human Ecology,ABSENT,G,1600,,0
GN,Anthropology,ABSENT,G,1600,,0
GR,Folklore,ABSENT,G,1600,113.0,44
GT,Manners & Customs,ABSENT,G,1600,39.0,869
GV,Recreation / Leisure,ABSENT,G,1600,59.0,381
HA,Statistics,ABSENT,H,1600,127.0,1
HB,Economic Theory,ABSENT,H,1600,80.0,195
HC,Economic History,ABSENT,H,1600,119.0,20
HD,Land / Agriculture Economics,ABSENT,H,1600,124.0,11
HE,Transportation / Communications,ABSENT,H,1600,38.0,924
HF,Commerce,MERGED,H,1600,82.0,184
HG,Finance,ABSENT,H,1600,64.0,321
HJ,Public Finance,MERGED,H,1600,75.0,228
HM,Sociology,ABSENT,H,1600,,0
HN,Social History,ABSENT,H,1600,112.0,51
HQ,Family / Gender / Sexuality,ABSENT,H,1600,55.0,516
HS,Societies / Clubs,ABSENT,H,1600,,0
HT,Communities / Classes / Race,ABSENT,H,1600,127.0,1
HV,Social Pathology / Criminology,ABSENT,H,1600,68.0,282
HX,Socialism / Communism,ABSENT,H,1600,,0
JC,Political Theory,MERGED,J,1600,29.0,1630
JK,US Political Institutions,MERGED,J,1600,,0
JL,Canadian / Latin American Politics,MERGED,J,1600,,0
JN,European Politics,ABSENT,J,1600,56.0,483
JQ,Asian / African Politics,ABSENT,J,1600,,0
JS,Local Government,ABSENT,J,1600,120.0,17
JV,Colonies / Colonialism,ABSENT,J,1600,,0
JX,International Law (old),ABSENT,J,1600,107.0,56
JZ,International Relations,ABSENT,J,1600,,0
K,Law (General),MERGED,K,1600,10.0,10325
KB,Religious Law,MERGED,K,1600,4.0,35928
KD,UK Law,MERGED,K,1600,8.0,12260
KE,Canadian Law,ABSENT,K,1600,,0
KF,US Law,MERGED,K,1600,108.0,55
KG,Latin American Law,ABSENT,K,1600,126.0,4
KH,South American Law,ABSENT,K,1600,,0
KJ,European Law,MERGED,K,1600,1.0,64190
KL,Asian / African Law,ABSENT,K,1600,,0
KZ,International Law,ABSENT,K,1600,98.0,122
LA,History of Education,ABSENT,L,1600,9.0,11749
LB,Theory / Practice of Education,ABSENT,L,1600,52.0,566
LC,Social Aspects of Education,ABSENT,L,1600,96.0,131
LD,US Universities,ABSENT,L,1600,,0
LE,American Universities (other),ABSENT,L,1600,,0
LF,European Universities,ABSENT,L,1600,79.0,200
LG,Asian / African Universities,ABSENT,L,1600,,0
LH,College Publications,ABSENT,L,1600,,0
LJ,Student Fraternities,ABSENT,L,1600,,0
M,Music Scores,DIRECT,M,1600,6.0,14832
ML,Literature on Music,DIRECT,M,1600,21.0,2815
MT,Musical Instruction,DIRECT,M,1600,66.0,313
N,Visual Arts (General),MERGED,N,1600,69.0,256
NB,Sculpture,MERGED,N,1600,,0
NC,Drawing / Design,MERGED,N,1600,67.0,283
ND,Painting,MERGED,N,1600,121.0,15
NE,Print Media,ABSENT,N,1600,44.0,747
NK,Decorative Arts,ABSENT,N,1600,88.0,172
NX,Arts in General,ABSENT,N,1600,,0
P,Linguistics (General),MERGED,P,1600,89.0,164
PA,Classical Languages & Literature,MERGED,P,1600,3.0,37346
PB,Celtic Languages,MERGED,P,1600,,0
PC,Romanic Languages,MERGED,P,1600,37.0,1002
PD,Germanic Languages (old),MERGED,P,1600,,0
PE,English Language,MERGED,P,1600,115.0,33
PF,West Germanic Languages,MERGED,P,1600,100.0,101
PG,Slavic Languages & Literatures,ABSENT,P,1600,,0
PH,Uralic / Basque Languages,ABSENT,P,1600,,0
PJ,Oriental Languages / Literature,ABSENT,P,1600,36.0,1078
PK,Indo-Iranian Languages,ABSENT,P,1600,,0
PL,E Asian / African / Pacific,ABSENT,P,1600,46.0,715
PM,Indigenous American Languages,ABSENT,P,1600,103.0,75
PN,General Literature,MERGED,P,1600,35.0,1115
PQ,French / Italian / Spanish Lit.,MERGED,P,1600,13.0,7158
PR,English Literature,MERGED,P,1600,53.0,549
PS,American Literature,MERGED,P,1600,,0
PT,Germanic Literature,MERGED,P,1600,27.0,1733
Q,Science (General),MERGED,Q,1600,54.0,548
QA,Mathematics,MERGED,Q,1600,34.0,1152
QB,Astronomy,MERGED,Q,1600,18.0,3291
QC,Physics,MERGED,Q,1600,51.0,613
QD,Chemistry,MERGED,Q,1600,87.0,179
QE,Geology / Mineralogy,MERGED,Q,1600,,0
QH,Natural History / Biology,ABSENT,Q,1600,97.0,125
QK,Botany,MERGED,Q,1600,42.0,843
QL,Zoology,MERGED,Q,1600,77.0,219
QM,Human Anatomy,MERGED,Q,1600,58.0,400
QP,Physiology,ABSENT,Q,1600,61.0,358
QR,Microbiology,ABSENT,Q,1600,,0
R,Medicine (General),MERGED,R,1600,15.0,4645
RA,Public Health,ABSENT,R,1600,30.0,1516
RB,Pathology,ABSENT,R,1600,,0
RC,Internal Medicine,MERGED,R,1600,72.0,243
RD,Surgery,MERGED,R,1600,65.0,316
RE,Ophthalmology,ABSENT,R,1600,127.0,1
RF,Otorhinolaryngology,ABSENT,R,1600,,0
RG,Gynecology / Obstetrics,ABSENT,R,1600,91.0,161
RJ,Pediatrics,ABSENT,R,1600,118.0,22
RK,Dentistry,ABSENT,R,1600,,0
RL,Dermatology,ABSENT,R,1600,,0
RM,Pharmacology,ABSENT,R,1600,99.0,111
RS,Pharmacy,ABSENT,R,1600,40.0,851
RT,Nursing,ABSENT,R,1600,,0
RV,Botanic Medicine,ABSENT,R,1600,,0
RX,Homeopathy,ABSENT,R,1600,,0
RZ,Other Medical Systems,ABSENT,R,1600,,0
S,Agriculture (General),DIRECT,S,1600,73.0,242
SB,Plant Culture,DIRECT,S,1600,93.0,140
SD,Forestry,MERGED,S,1600,,0
SF,Animal Culture,MERGED,S,1600,111.0,52
SH,Aquaculture / Fisheries,ABSENT,S,1600,,0
SK,Hunting / Wildlife,ABSENT,S,1600,122.0,14
T,Technology (General),MERGED,T,1600,125.0,7
TA,Engineering (General),MERGED,T,1600,92.0,160
TC,Hydraulic Engineering,MERGED,T,1600,,0
TD,Environmental Technology,ABSENT,T,1600,,0
TE,Highway Engineering,MERGED,T,1600,,0
TF,Railroad Engineering,ABSENT,T,1600,,0
TG,Bridge Engineering,MERGED,T,1600,,0
TH,Building Construction,MERGED,T,1600,24.0,2159
TJ,Mechanical Engineering,MERGED,T,1600,116.0,31
TK,Electrical Engineering,ABSENT,T,1600,,0
TL,Motor Vehicles / Aeronautics,ABSENT,T,1600,,0
TN,Mining / Metallurgy,MERGED,T,1600,85.0,180
TP,Chemical Technology,MERGED,T,1600,104.0,69
TR,Photography,ABSENT,T,1600,,0
TS,Manufactures,MERGED,T,1600,114.0,36
TX,Home Economics,ABSENT,T,1600,20.0,2829
UA,Armies / Land Forces,ABSENT,U,1600,,0
UB,Military Administration,ABSENT,U,1600,,0
UC,Military Maintenance,ABSENT,U,1600,,0
UD,Infantry,ABSENT,U,1600,,0
UF,Artillery,ABSENT,U,1600,108.0,55
UG,Military Engineering,ABSENT,U,1600,101.0,92
UH,Military Medicine,ABSENT,U,1600,,0
VA,Navies,ABSENT,V,1600,,0
VB,Naval Administration,ABSENT,V,1600,,0
VC,Naval Maintenance,ABSENT,V,1600,,0
VD,Naval Seamen,ABSENT,V,1600,,0
VF,Naval Ordnance,ABSENT,V,1600,,0
VG,Naval Auxiliaries,ABSENT,V,1600,,0
VK,Navigation / Seamanship,ABSENT,V,1600,60.0,364
VM,Naval Architecture,ABSENT,V,1600,106.0,64
Z,Books / Writing (General),DIRECT,Z,1600,31.0,1377
ZA,Information Resources,ABSENT,Z,1600,,0
AC,General Collections,RENAMED,A,1650,37.0,2669
AE,Encyclopedias (General),RENAMED,A,1650,41.0,2104
AG,Dictionaries (General),RENAMED,A,1650,94.0,478
AI,Indexes,ABSENT,A,1650,,0
AM,Museums / Exhibitions,ABSENT,A,1650,,0
AN,Newspapers,ABSENT,A,1650,,0
AS,Academies / Societies,ABSENT,A,1650,,0
B,Philosophy (General),MERGED,B,1650,14.0,12589
BC,Logic,MERGED,B,1650,99.0,397
BD,Speculative Philosophy,MERGED,B,1650,92.0,499
BF,Psychology,ABSENT,B,1650,30.0,3836
BH,Aesthetics,MERGED,B,1650,,0
BJ,Ethics,MERGED,B,1650,27.0,4693
BL,Religion / Mythology,MERGED,B,1650,63.0,1018
BM,Judaism,MERGED,B,1650,15.0,11033
BP,Islam,MERGED,B,1650,59.0,1201
BR,Christianity,MERGED,B,1650,5.0,40576
BS,Bible,MERGED,B,1650,10.0,26520
BT,Doctrinal Theology,MERGED,B,1650,13.0,14747
BV,Practical Theology,MERGED,B,1650,12.0,16338
BX,Christian Denominations,MERGED,B,1650,2.0,75073
CB,History of Civilization,ABSENT,C,1650,88.0,532
CC,Archaeology,ABSENT,C,1650,136.0,39
CD,Diplomatics / Archives,ABSENT,C,1650,144.0,20
CE,Chronology,ABSENT,C,1650,54.0,1417
CJ,Numismatics,ABSENT,C,1650,75.0,763
CN,Inscriptions / Epigraphy,ABSENT,C,1650,106.0,262
CR,Heraldry,ABSENT,C,1650,58.0,1206
CS,Genealogy,ABSENT,C,1650,76.0,756
CT,Biography (General),ABSENT,C,1650,72.0,811
D,History (General),MERGED,D,1650,23.0,6609
DA,British History,MERGED,D,1650,19.0,8488
DAW,Central Europe,ABSENT,D,1650,,0
DB,Austria / Bohemia,ABSENT,D,1650,82.0,640
DC,French History,MERGED,D,1650,31.0,3648
DD,German History,MERGED,D,1650,34.0,3519
DE,Greco-Roman World,MERGED,D,1650,100.0,389
DF,Greek History,MERGED,D,1650,52.0,1560
DG,Italian History / Rome,MERGED,D,1650,16.0,9921
DH,Low Countries History,ABSENT,D,1650,55.0,1280
DJ,Netherlands,ABSENT,D,1650,93.0,480
DJK,Eastern Europe (General),ABSENT,D,1650,134.0,40
DK,Russia / Former Soviet States,ABSENT,D,1650,62.0,1039
DL,Scandinavian History,ABSENT,D,1650,102.0,367
DP,Iberian History,ABSENT,D,1650,38.0,2653
DQ,Switzerland,ABSENT,D,1650,120.0,127
DR,Balkan History,ABSENT,D,1650,51.0,1657
DS,Asian History,ABSENT,D,1650,22.0,6849
DT,African History,ABSENT,D,1650,100.0,389
DU,Oceania,ABSENT,D,1650,140.0,34
DX,Romani People,ABSENT,D,1650,,0
E18,African American History (E185),ABSENT,E,1650,146.0,10
E99,Native Americans (E99),ABSENT,E,1650,147.0,8
G,Geography (General),MERGED,G,1650,18.0,8611
GA,Mathematical Geography,MERGED,G,1650,50.0,1800
GB,Physical Geography,MERGED,G,1650,109.0,233
GC,Oceanography,ABSENT,G,1650,,0
GE,Environmental Sciences,ABSENT,G,1650,,0
GF,Human Ecology,ABSENT,G,1650,,0
GN,Anthropology,ABSENT,G,1650,,0
GR,Folklore,ABSENT,G,1650,126.0,94
GT,Manners & Customs,ABSENT,G,1650,43.0,1969
GV,Recreation / Leisure,ABSENT,G,1650,60.0,1061
HA,Statistics,ABSENT,H,1650,125.0,98
HB,Economic Theory,ABSENT,H,1650,87.0,560
HC,Economic History,ABSENT,H,1650,128.0,70
HD,Land / Agriculture Economics,ABSENT,H,1650,89.0,525
HE,Transportation / Communications,ABSENT,H,1650,47.0,1835
HF,Commerce,MERGED,H,1650,64.0,938
HG,Finance,ABSENT,H,1650,83.0,636
HJ,Public Finance,MERGED,H,1650,70.0,838
HM,Sociology,ABSENT,H,1650,,0
HN,Social History,ABSENT,H,1650,122.0,101
HQ,Family / Gender / Sexuality,ABSENT,H,1650,56.0,1226
HS,Societies / Clubs,ABSENT,H,1650,,0
HT,Communities / Classes / Race,ABSENT,H,1650,117.0,148
HV,Social Pathology / Criminology,ABSENT,H,1650,71.0,829
HX,Socialism / Communism,ABSENT,H,1650,,0
JC,Political Theory,MERGED,J,1650,25.0,5536
JK,US Political Institutions,MERGED,J,1650,,0
JL,Canadian / Latin American Politics,MERGED,J,1650,,0
JN,European Politics,ABSENT,J,1650,46.0,1840
JQ,Asian / African Politics,ABSENT,J,1650,147.0,8
JS,Local Government,ABSENT,J,1650,127.0,77
JV,Colonies / Colonialism,ABSENT,J,1650,,0
JX,International Law (old),ABSENT,J,1650,95.0,470
JZ,International Relations,ABSENT,J,1650,149.0,4
K,Law (General),MERGED,K,1650,7.0,32902
KB,Religious Law,MERGED,K,1650,4.0,64919
KD,UK Law,MERGED,K,1650,6.0,33055
KE,Canadian Law,ABSENT,K,1650,,0
KF,US Law,MERGED,K,1650,118.0,134
KG,Latin American Law,ABSENT,K,1650,114.0,185
KH,South American Law,ABSENT,K,1650,150.0,3
KJ,European Law,MERGED,K,1650,1.0,155309
KL,Asian / African Law,ABSENT,K,1650,142.0,23
KZ,International Law,ABSENT,K,1650,78.0,707
LA,History of Education,ABSENT,L,1650,9.0,27633
LB,Theory / Practice of Education,ABSENT,L,1650,65.0,916
LC,Social Aspects of Education,ABSENT,L,1650,110.0,232
LD,US Universities,ABSENT,L,1650,,0
LE,American Universities (other),ABSENT,L,1650,,0
LF,European Universities,ABSENT,L,1650,81.0,667
LG,Asian / African Universities,ABSENT,L,1650,,0
LH,College Publications,ABSENT,L,1650,,0
LJ,Student Fraternities,ABSENT,L,1650,,0
M,Music Scores,DIRECT,M,1650,8.0,31109
ML,Literature on Music,DIRECT,M,1650,26.0,5502
MT,Musical Instruction,DIRECT,M,1650,66.0,899
N,Visual Arts (General),MERGED,N,1650,68.0,871
NB,Sculpture,MERGED,N,1650,133.0,47
NC,Drawing / Design,MERGED,N,1650,69.0,842
ND,Painting,MERGED,N,1650,116.0,157
NE,Print Media,ABSENT,N,1650,48.0,1819
NK,Decorative Arts,ABSENT,N,1650,98.0,419
NX,Arts in General,ABSENT,N,1650,,0
P,Linguistics (General),MERGED,P,1650,90.0,510
PA,Classical Languages & Literature,MERGED,P,1650,3.0,71727
PB,Celtic Languages,MERGED,P,1650,145.0,19
PC,Romanic Languages,MERGED,P,1650,39.0,2455
PD,Germanic Languages (old),MERGED,P,1650,,0
PE,English Language,MERGED,P,1650,112.0,228
PF,West Germanic Languages,MERGED,P,1650,113.0,201
PG,Slavic Languages & Literatures,ABSENT,P,1650,,0
PH,Uralic / Basque Languages,ABSENT,P,1650,,0
PJ,Oriental Languages / Literature,ABSENT,P,1650,40.0,2439
PK,Indo-Iranian Languages,ABSENT,P,1650,123.0,99
PL,E Asian / African / Pacific,ABSENT,P,1650,45.0,1921
PM,Indigenous American Languages,ABSENT,P,1650,104.0,305
PN,General Literature,MERGED,P,1650,33.0,3554
PQ,French / Italian / Spanish Lit.,MERGED,P,1650,11.0,18042
PR,English Literature,MERGED,P,1650,20.0,8112
PS,American Literature,MERGED,P,1650,139.0,35
PT,Germanic Literature,MERGED,P,1650,36.0,3017
Q,Science (General),MERGED,Q,1650,53.0,1533
QA,Mathematics,MERGED,Q,1650,32.0,3615
QB,Astronomy,MERGED,Q,1650,21.0,7164
QC,Physics,MERGED,Q,1650,49.0,1804
QD,Chemistry,MERGED,Q,1650,77.0,724
QE,Geology / Mineralogy,MERGED,Q,1650,130.0,55
QH,Natural History / Biology,ABSENT,Q,1650,86.0,574
QK,Botany,MERGED,Q,1650,42.0,2039
QL,Zoology,MERGED,Q,1650,74.0,775
QM,Human Anatomy,MERGED,Q,1650,61.0,1048
QP,Physiology,ABSENT,Q,1650,79.0,691
QR,Microbiology,ABSENT,Q,1650,,0
R,Medicine (General),MERGED,R,1650,17.0,9813
RA,Public Health,ABSENT,R,1650,35.0,3045
RB,Pathology,ABSENT,R,1650,130.0,55
RC,Internal Medicine,MERGED,R,1650,67.0,897
RD,Surgery,MERGED,R,1650,85.0,611
RE,Ophthalmology,ABSENT,R,1650,132.0,51
RF,Otorhinolaryngology,ABSENT,R,1650,,0
RG,Gynecology / Obstetrics,ABSENT,R,1650,96.0,461
RJ,Pediatrics,ABSENT,R,1650,123.0,99
RK,Dentistry,ABSENT,R,1650,,0
RL,Dermatology,ABSENT,R,1650,,0
RM,Pharmacology,ABSENT,R,1650,97.0,433
RS,Pharmacy,ABSENT,R,1650,44.0,1955
RT,Nursing,ABSENT,R,1650,,0
RV,Botanic Medicine,ABSENT,R,1650,,0
RX,Homeopathy,ABSENT,R,1650,,0
RZ,Other Medical Systems,ABSENT,R,1650,,0
S,Agriculture (General),DIRECT,S,1650,73.0,796
SB,Plant Culture,DIRECT,S,1650,80.0,677
SD,Forestry,MERGED,S,1650,137.0,38
SF,Animal Culture,MERGED,S,1650,103.0,327
SH,Aquaculture / Fisheries,ABSENT,S,1650,143.0,21
SK,Hunting / Wildlife,ABSENT,S,1650,111.0,229
T,Technology (General),MERGED,T,1650,129.0,57
TA,Engineering (General),MERGED,T,1650,84.0,614
TC,Hydraulic Engineering,MERGED,T,1650,,0
TD,Environmental Technology,ABSENT,T,1650,,0
TE,Highway Engineering,MERGED,T,1650,,0
TF,Railroad Engineering,ABSENT,T,1650,,0
TG,Bridge Engineering,MERGED,T,1650,,0
TH,Building Construction,MERGED,T,1650,29.0,3876
TJ,Mechanical Engineering,MERGED,T,1650,105.0,290
TK,Electrical Engineering,ABSENT,T,1650,,0
TL,Motor Vehicles / Aeronautics,ABSENT,T,1650,,0
TN,Mining / Metallurgy,MERGED,T,1650,91.0,503
TP,Chemical Technology,MERGED,T,1650,115.0,169
TR,Photography,ABSENT,T,1650,,0
TS,Manufactures,MERGED,T,1650,121.0,106
TX,Home Economics,ABSENT,T,1650,24.0,5957
UA,Armies / Land Forces,ABSENT,U,1650,,0
UB,Military Administration,ABSENT,U,1650,,0
UC,Military Maintenance,ABSENT,U,1650,138.0,36
UD,Infantry,ABSENT,U,1650,141.0,24
UF,Artillery,ABSENT,U,1650,107.0,250
UG,Military Engineering,ABSENT,U,1650,108.0,246
UH,Military Medicine,ABSENT,U,1650,134.0,40
VA,Navies,ABSENT,V,1650,,0
VB,Naval Administration,ABSENT,V,1650,,0
VC,Naval Maintenance,ABSENT,V,1650,,0
VD,Naval Seamen,ABSENT,V,1650,,0
VF,Naval Ordnance,ABSENT,V,1650,,0
VG,Naval Auxiliaries,ABSENT,V,1650,,0
VK,Navigation / Seamanship,ABSENT,V,1650,57.0,1219
VM,Naval Architecture,ABSENT,V,1650,119.0,128
Z,Books / Writing (General),DIRECT,Z,1650,28.0,4461
ZA,Information Resources,ABSENT,Z,1650,,0
AC,General Collections,RENAMED,A,1700,16.0,25265
AE,Encyclopedias (General),RENAMED,A,1700,50.0,3422
AG,Dictionaries (General),RENAMED,A,1700,90.0,1215
AI,Indexes,ABSENT,A,1700,,0
AM,Museums / Exhibitions,ABSENT,A,1700,162.0,23
AN,Newspapers,ABSENT,A,1700,,0
AS,Academies / Societies,ABSENT,A,1700,164.0,15
B,Philosophy (General),MERGED,B,1700,17.0,24628
BC,Logic,MERGED,B,1700,108.0,710
BD,Speculative Philosophy,MERGED,B,1700,99.0,978
BF,Psychology,ABSENT,B,1700,33.0,8264
BH,Aesthetics,MERGED,B,1700,,0
BJ,Ethics,MERGED,B,1700,31.0,8972
BL,Religion / Mythology,MERGED,B,1700,59.0,2498
BM,Judaism,MERGED,B,1700,18.0,19076
BP,Islam,MERGED,B,1700,74.0,1718
BR,Christianity,MERGED,B,1700,7.0,60932
BS,Bible,MERGED,B,1700,10.0,44556
BT,Doctrinal Theology,MERGED,B,1700,15.0,25652
BV,Practical Theology,MERGED,B,1700,12.0,28893
BX,Christian Denominations,MERGED,B,1700,2.0,127001
CB,History of Civilization,ABSENT,C,1700,101.0,832
CC,Archaeology,ABSENT,C,1700,144.0,89
CD,Diplomatics / Archives,ABSENT,C,1700,139.0,112
CE,Chronology,ABSENT,C,1700,64.0,2258
CJ,Numismatics,ABSENT,C,1700,85.0,1459
CN,Inscriptions / Epigraphy,ABSENT,C,1700,116.0,372
CR,Heraldry,ABSENT,C,1700,56.0,2749
CS,Genealogy,ABSENT,C,1700,71.0,1934
CT,Biography (General),ABSENT,C,1700,81.0,1654
D,History (General),MERGED,D,1700,25.0,12733
DA,British History,MERGED,D,1700,13.0,28447
DAW,Central Europe,ABSENT,D,1700,,0
DB,Austria / Bohemia,ABSENT,D,1700,83.0,1575
DC,French History,MERGED,D,1700,29.0,9945
DD,German History,MERGED,D,1700,36.0,6326
DE,Greco-Roman World,MERGED,D,1700,106.0,734
DF,Greek History,MERGED,D,1700,54.0,2868
DG,Italian History / Rome,MERGED,D,1700,20.0,18318
DH,Low Countries History,ABSENT,D,1700,48.0,3716
DJ,Netherlands,ABSENT,D,1700,84.0,1520
DJK,Eastern Europe (General),ABSENT,D,1700,141.0,96
DK,Russia / Former Soviet States,ABSENT,D,1700,55.0,2813
DL,Scandinavian History,ABSENT,D,1700,73.0,1797
DP,Iberian History,ABSENT,D,1700,35.0,6482
DQ,Switzerland,ABSENT,D,1700,126.0,241
DR,Balkan History,ABSENT,D,1700,52.0,2949
DS,Asian History,ABSENT,D,1700,23.0,17078
DT,African History,ABSENT,D,1700,93.0,1193
DU,Oceania,ABSENT,D,1700,147.0,84
DX,Romani People,ABSENT,D,1700,,0
E18,African American History (E185),ABSENT,E,1700,154.0,60
E99,Native Americans (E99),ABSENT,E,1700,142.0,92
G,Geography (General),MERGED,G,1700,22.0,17424
GA,Mathematical Geography,MERGED,G,1700,53.0,2930
GB,Physical Geography,MERGED,G,1700,120.0,333
GC,Oceanography,ABSENT,G,1700,157.0,45
GE,Environmental Sciences,ABSENT,G,1700,,0
GF,Human Ecology,ABSENT,G,1700,,0
GN,Anthropology,ABSENT,G,1700,161.0,24
GR,Folklore,ABSENT,G,1700,131.0,186
GT,Manners & Customs,ABSENT,G,1700,45.0,3740
GV,Recreation / Leisure,ABSENT,G,1700,63.0,2373
HA,Statistics,ABSENT,H,1700,127.0,236
HB,Economic Theory,ABSENT,H,1700,95.0,1119
HC,Economic History,ABSENT,H,1700,136.0,138
HD,Land / Agriculture Economics,ABSENT,H,1700,77.0,1695
HE,Transportation / Communications,ABSENT,H,1700,51.0,3236
HF,Commerce,MERGED,H,1700,62.0,2418
HG,Finance,ABSENT,H,1700,91.0,1205
HJ,Public Finance,MERGED,H,1700,69.0,1973
HM,Sociology,ABSENT,H,1700,,0
HN,Social History,ABSENT,H,1700,135.0,151
HQ,Family / Gender / Sexuality,ABSENT,H,1700,61.0,2447
HS,Societies / Clubs,ABSENT,H,1700,,0
HT,Communities / Classes / Race,ABSENT,H,1700,119.0,348
HV,Social Pathology / Criminology,ABSENT,H,1700,75.0,1714
HX,Socialism / Communism,ABSENT,H,1700,153.0,61
JC,Political Theory,MERGED,J,1700,26.0,12114
JK,US Political Institutions,MERGED,J,1700,,0
JL,Canadian / Latin American Politics,MERGED,J,1700,,0
JN,European Politics,ABSENT,J,1700,38.0,5302
JQ,Asian / African Politics,ABSENT,J,1700,129.0,226
JS,Local Government,ABSENT,J,1700,121.0,304
JV,Colonies / Colonialism,ABSENT,J,1700,,0
JX,International Law (old),ABSENT,J,1700,79.0,1667
JZ,International Relations,ABSENT,J,1700,137.0,136
K,Law (General),MERGED,K,1700,6.0,67225
KB,Religious Law,MERGED,K,1700,4.0,99164
KD,UK Law,MERGED,K,1700,5.0,78360
KE,Canadian Law,ABSENT,K,1700,,0
KF,US Law,MERGED,K,1700,109.0,707
KG,Latin American Law,ABSENT,K,1700,112.0,469
KH,South American Law,ABSENT,K,1700,155.0,53
KJ,European Law,MERGED,K,1700,1.0,265135
KL,Asian / African Law,ABSENT,K,1700,144.0,89
KZ,International Law,ABSENT,K,1700,57.0,2642
LA,History of Education,ABSENT,L,1700,9.0,49494
LB,Theory / Practice of Education,ABSENT,L,1700,86.0,1327
LC,Social Aspects of Education,ABSENT,L,1700,113.0,432
LD,US Universities,ABSENT,L,1700,,0
LE,American Universities (other),ABSENT,L,1700,,0
LF,European Universities,ABSENT,L,1700,92.0,1194
LG,Asian / African Universities,ABSENT,L,1700,,0
LH,College Publications,ABSENT,L,1700,,0
LJ,Student Fraternities,ABSENT,L,1700,,0
M,Music Scores,DIRECT,M,1700,8.0,54010
ML,Literature on Music,DIRECT,M,1700,19.0,18381
MT,Musical Instruction,DIRECT,M,1700,70.0,1938
N,Visual Arts (General),MERGED,N,1700,66.0,2173
NB,Sculpture,MERGED,N,1700,124.0,248
NC,Drawing / Design,MERGED,N,1700,78.0,1678
ND,Painting,MERGED,N,1700,105.0,736
NE,Print Media,ABSENT,N,1700,49.0,3463
NK,Decorative Arts,ABSENT,N,1700,97.0,1013
NX,Arts in General,ABSENT,N,1700,150.0,69
P,Linguistics (General),MERGED,P,1700,94.0,1173
PA,Classical Languages & Literature,MERGED,P,1700,3.0,113728
PB,Celtic Languages,MERGED,P,1700,140.0,110
PC,Romanic Languages,MERGED,P,1700,42.0,4431
PD,Germanic Languages (old),MERGED,P,1700,,0
PE,English Language,MERGED,P,1700,107.0,722
PF,West Germanic Languages,MERGED,P,1700,118.0,363
PG,Slavic Languages & Literatures,ABSENT,P,1700,156.0,48
PH,Uralic / Basque Languages,ABSENT,P,1700,,0
PJ,Oriental Languages / Literature,ABSENT,P,1700,43.0,4388
PK,Indo-Iranian Languages,ABSENT,P,1700,115.0,380
PL,E Asian / African / Pacific,ABSENT,P,1700,30.0,9347
PM,Indigenous American Languages,ABSENT,P,1700,104.0,738
PN,General Literature,MERGED,P,1700,34.0,7770
PQ,French / Italian / Spanish Lit.,MERGED,P,1700,11.0,34214
PR,English Literature,MERGED,P,1700,14.0,27334
PS,American Literature,MERGED,P,1700,130.0,209
PT,Germanic Literature,MERGED,P,1700,40.0,5081
Q,Science (General),MERGED,Q,1700,41.0,4975
QA,Mathematics,MERGED,Q,1700,32.0,8958
QB,Astronomy,MERGED,Q,1700,24.0,13454
QC,Physics,MERGED,Q,1700,44.0,4387
QD,Chemistry,MERGED,Q,1700,67.0,2158
QE,Geology / Mineralogy,MERGED,Q,1700,123.0,253
QH,Natural History / Biology,ABSENT,Q,1700,72.0,1808
QK,Botany,MERGED,Q,1700,47.0,3737
QL,Zoology,MERGED,Q,1700,68.0,1986
QM,Human Anatomy,MERGED,Q,1700,58.0,2514
QP,Physiology,ABSENT,Q,1700,82.0,1645
QR,Microbiology,ABSENT,Q,1700,,0
R,Medicine (General),MERGED,R,1700,21.0,18175
RA,Public Health,ABSENT,R,1700,39.0,5261
RB,Pathology,ABSENT,R,1700,133.0,159
RC,Internal Medicine,MERGED,R,1700,65.0,2203
RD,Surgery,MERGED,R,1700,89.0,1245
RE,Ophthalmology,ABSENT,R,1700,132.0,165
RF,Otorhinolaryngology,ABSENT,R,1700,163.0,18
RG,Gynecology / Obstetrics,ABSENT,R,1700,100.0,848
RJ,Pediatrics,ABSENT,R,1700,125.0,246
RK,Dentistry,ABSENT,R,1700,,0
RL,Dermatology,ABSENT,R,1700,,0
RM,Pharmacology,ABSENT,R,1700,88.0,1252
RS,Pharmacy,ABSENT,R,1700,45.0,3740
RT,Nursing,ABSENT,R,1700,,0
RV,Botanic Medicine,ABSENT,R,1700,,0
RX,Homeopathy,ABSENT,R,1700,,0
RZ,Other Medical Systems,ABSENT,R,1700,,0
S,Agriculture (General),DIRECT,S,1700,76.0,1708
SB,Plant Culture,DIRECT,S,1700,80.0,1663
SD,Forestry,MERGED,S,1700,138.0,125
SF,Animal Culture,MERGED,S,1700,96.0,1049
SH,Aquaculture / Fisheries,ABSENT,S,1700,134.0,158
SK,Hunting / Wildlife,ABSENT,S,1700,111.0,529
T,Technology (General),MERGED,T,1700,122.0,260
TA,Engineering (General),MERGED,T,1700,87.0,1283
TC,Hydraulic Engineering,MERGED,T,1700,152.0,62
TD,Environmental Technology,ABSENT,T,1700,158.0,40
TE,Highway Engineering,MERGED,T,1700,,0
TF,Railroad Engineering,ABSENT,T,1700,,0
TG,Bridge Engineering,MERGED,T,1700,,0
TH,Building Construction,MERGED,T,1700,37.0,5780
TJ,Mechanical Engineering,MERGED,T,1700,103.0,763
TK,Electrical Engineering,ABSENT,T,1700,,0
TL,Motor Vehicles / Aeronautics,ABSENT,T,1700,160.0,25
TN,Mining / Metallurgy,MERGED,T,1700,98.0,991
TP,Chemical Technology,MERGED,T,1700,114.0,401
TR,Photography,ABSENT,T,1700,,0
TS,Manufactures,MERGED,T,1700,117.0,364
TX,Home Economics,ABSENT,T,1700,27.0,11820
UA,Armies / Land Forces,ABSENT,U,1700,159.0,35
UB,Military Administration,ABSENT,U,1700,148.0,74
UC,Military Maintenance,ABSENT,U,1700,146.0,86
UD,Infantry,ABSENT,U,1700,148.0,74
UF,Artillery,ABSENT,U,1700,110.0,547
UG,Military Engineering,ABSENT,U,1700,102.0,827
UH,Military Medicine,ABSENT,U,1700,143.0,90
VA,Navies,ABSENT,V,1700,151.0,63
VB,Naval Administration,ABSENT,V,1700,,0
VC,Naval Maintenance,ABSENT,V,1700,,0
VD,Naval Seamen,ABSENT,V,1700,,0
VF,Naval Ordnance,ABSENT,V,1700,,0
VG,Naval Auxiliaries,ABSENT,V,1700,,0
VK,Navigation / Seamanship,ABSENT,V,1700,60.0,2455
VM,Naval Architecture,ABSENT,V,1700,128.0,232
Z,Books / Writing (General),DIRECT,Z,1700,28.0,10210
ZA,Information Resources,ABSENT,Z,1700,,0
AC,General Collections,RENAMED,A,1750,7.0,88508
AE,Encyclopedias (General),RENAMED,A,1750,57.0,5189
AG,Dictionaries (General),RENAMED,A,1750,90.0,2501
AI,Indexes,ABSENT,A,1750,,0
AM,Museums / Exhibitions,ABSENT,A,1750,156.0,115
AN,Newspapers,ABSENT,A,1750,,0
AS,Academies / Societies,ABSENT,A,1750,156.0,115
B,Philosophy (General),MERGED,B,1750,17.0,46040
BC,Logic,MERGED,B,1750,108.0,1202
BD,Speculative Philosophy,MERGED,B,1750,103.0,1595
BF,Psychology,ABSENT,B,1750,34.0,15450
BH,Aesthetics,MERGED,B,1750,,0
BJ,Ethics,MERGED,B,1750,33.0,15690
BL,Religion / Mythology,MERGED,B,1750,50.0,6302
BM,Judaism,MERGED,B,1750,20.0,31654
BP,Islam,MERGED,B,1750,92.0,2441
BR,Christianity,MERGED,B,1750,8.0,85068
BS,Bible,MERGED,B,1750,12.0,68255
BT,Doctrinal Theology,MERGED,B,1750,18.0,41668
BV,Practical Theology,MERGED,B,1750,16.0,51536
BX,Christian Denominations,MERGED,B,1750,2.0,200968
CB,History of Civilization,ABSENT,C,1750,109.0,1194
CC,Archaeology,ABSENT,C,1750,153.0,139
CD,Diplomatics / Archives,ABSENT,C,1750,146.0,212
CE,Chronology,ABSENT,C,1750,78.0,3327
CJ,Numismatics,ABSENT,C,1750,88.0,2730
CN,Inscriptions / Epigraphy,ABSENT,C,1750,124.0,555
CR,Heraldry,ABSENT,C,1750,58.0,5150
CS,Genealogy,ABSENT,C,1750,70.0,3976
CT,Biography (General),ABSENT,C,1750,82.0,2977
D,History (General),MERGED,D,1750,27.0,21860
DA,British History,MERGED,D,1750,14.0,61698
DAW,Central Europe,ABSENT,D,1750,,0
DB,Austria / Bohemia,ABSENT,D,1750,81.0,3098
DC,French History,MERGED,D,1750,31.0,19491
DD,German History,MERGED,D,1750,37.0,10150
DE,Greco-Roman World,MERGED,D,1750,107.0,1282
DF,Greek History,MERGED,D,1750,63.0,4577
DG,Italian History / Rome,MERGED,D,1750,23.0,29148
DH,Low Countries History,ABSENT,D,1750,46.0,6846
DJ,Netherlands,ABSENT,D,1750,77.0,3335
DJK,Eastern Europe (General),ABSENT,D,1750,147.0,196
DK,Russia / Former Soviet States,ABSENT,D,1750,54.0,5672
DL,Scandinavian History,ABSENT,D,1750,69.0,3995
DP,Iberian History,ABSENT,D,1750,35.0,12007
DQ,Switzerland,ABSENT,D,1750,131.0,440
DR,Balkan History,ABSENT,D,1750,62.0,4633
DS,Asian History,ABSENT,D,1750,19.0,35064
DT,African History,ABSENT,D,1750,89.0,2660
DU,Oceania,ABSENT,D,1750,154.0,134
DX,Romani People,ABSENT,D,1750,,0
E18,African American History (E185),ABSENT,E,1750,148.0,189
E99,Native Americans (E99),ABSENT,E,1750,144.0,249
G,Geography (General),MERGED,G,1750,22.0,29987
GA,Mathematical Geography,MERGED,G,1750,66.0,4412
GB,Physical Geography,MERGED,G,1750,129.0,455
GC,Oceanography,ABSENT,G,1750,161.0,95
GE,Environmental Sciences,ABSENT,G,1750,,0
GF,Human Ecology,ABSENT,G,1750,,0
GN,Anthropology,ABSENT,G,1750,163.0,84
GR,Folklore,ABSENT,G,1750,140.0,336
GT,Manners & Customs,ABSENT,G,1750,48.0,6459
GV,Recreation / Leisure,ABSENT,G,1750,53.0,5679
HA,Statistics,ABSENT,H,1750,136.0,386
HB,Economic Theory,ABSENT,H,1750,100.0,1824
HC,Economic History,ABSENT,H,1750,132.0,429
HD,Land / Agriculture Economics,ABSENT,H,1750,75.0,3400
HE,Transportation / Communications,ABSENT,H,1750,52.0,5788
HF,Commerce,MERGED,H,1750,56.0,5476
HG,Finance,ABSENT,H,1750,84.0,2927
HJ,Public Finance,MERGED,H,1750,72.0,3857
HM,Sociology,ABSENT,H,1750,,0
HN,Social History,ABSENT,H,1750,142.0,308
HQ,Family / Gender / Sexuality,ABSENT,H,1750,63.0,4577
HS,Societies / Clubs,ABSENT,H,1750,170.0,15
HT,Communities / Classes / Race,ABSENT,H,1750,123.0,563
HV,Social Pathology / Criminology,ABSENT,H,1750,76.0,3343
HX,Socialism / Communism,ABSENT,H,1750,150.0,165
JC,Political Theory,MERGED,J,1750,29.0,20143
JK,US Political Institutions,MERGED,J,1750,170.0,15
JL,Canadian / Latin American Politics,MERGED,J,1750,,0
JN,European Politics,ABSENT,J,1750,36.0,11380
JQ,Asian / African Politics,ABSENT,J,1750,110.0,1130
JS,Local Government,ABSENT,J,1750,112.0,971
JV,Colonies / Colonialism,ABSENT,J,1750,168.0,25
JX,International Law (old),ABSENT,J,1750,72.0,3857
JZ,International Relations,ABSENT,J,1750,140.0,336
K,Law (General),MERGED,K,1750,6.0,113545
KB,Religious Law,MERGED,K,1750,5.0,138698
KD,UK Law,MERGED,K,1750,4.0,150512
KE,Canadian Law,ABSENT,K,1750,,0
KF,US Law,MERGED,K,1750,86.0,2840
KG,Latin American Law,ABSENT,K,1750,115.0,828
KH,South American Law,ABSENT,K,1750,159.0,103
KJ,European Law,MERGED,K,1750,1.0,390722
KL,Asian / African Law,ABSENT,K,1750,134.0,414
KZ,International Law,ABSENT,K,1750,47.0,6641
LA,History of Education,ABSENT,L,1750,9.0,80572
LB,Theory / Practice of Education,ABSENT,L,1750,98.0,1988
LC,Social Aspects of Education,ABSENT,L,1750,119.0,702
LD,US Universities,ABSENT,L,1750,165.0,54
LE,American Universities (other),ABSENT,L,1750,,0
LF,European Universities,ABSENT,L,1750,99.0,1915
LG,Asian / African Universities,ABSENT,L,1750,,0
LH,College Publications,ABSENT,L,1750,,0
LJ,Student Fraternities,ABSENT,L,1750,,0
M,Music Scores,DIRECT,M,1750,10.0,80146
ML,Literature on Music,DIRECT,M,1750,11.0,71046
MT,Musical Instruction,DIRECT,M,1750,60.0,4939
N,Visual Arts (General),MERGED,N,1750,65.0,4564
NB,Sculpture,MERGED,N,1750,125.0,521
NC,Drawing / Design,MERGED,N,1750,84.0,2927
ND,Painting,MERGED,N,1750,96.0,2167
NE,Print Media,ABSENT,N,1750,55.0,5576
NK,Decorative Arts,ABSENT,N,1750,95.0,2218
NX,Arts in General,ABSENT,N,1750,126.0,519
P,Linguistics (General),MERGED,P,1750,87.0,2765
PA,Classical Languages & Literature,MERGED,P,1750,3.0,163312
PB,Celtic Languages,MERGED,P,1750,143.0,260
PC,Romanic Languages,MERGED,P,1750,44.0,7408
PD,Germanic Languages (old),MERGED,P,1750,,0
PE,English Language,MERGED,P,1750,102.0,1690
PF,West Germanic Languages,MERGED,P,1750,122.0,616
PG,Slavic Languages & Literatures,ABSENT,P,1750,160.0,98
PH,Uralic / Basque Languages,ABSENT,P,1750,169.0,23
PJ,Oriental Languages / Literature,ABSENT,P,1750,45.0,6943
PK,Indo-Iranian Languages,ABSENT,P,1750,116.0,815
PL,E Asian / African / Pacific,ABSENT,P,1750,24.0,22993
PM,Indigenous American Languages,ABSENT,P,1750,106.0,1366
PN,General Literature,MERGED,P,1750,32.0,15847
PQ,French / Italian / Spanish Lit.,MERGED,P,1750,15.0,59077
PR,English Literature,MERGED,P,1750,13.0,63401
PS,American Literature,MERGED,P,1750,118.0,707
PT,Germanic Literature,MERGED,P,1750,42.0,7911
Q,Science (General),MERGED,Q,1750,38.0,9956
QA,Mathematics,MERGED,Q,1750,30.0,19632
QB,Astronomy,MERGED,Q,1750,25.0,22183
QC,Physics,MERGED,Q,1750,39.0,9432
QD,Chemistry,MERGED,Q,1750,61.0,4749
QE,Geology / Mineralogy,MERGED,Q,1750,121.0,637
QH,Natural History / Biology,ABSENT,Q,1750,68.0,4205
QK,Botany,MERGED,Q,1750,49.0,6394
QL,Zoology,MERGED,Q,1750,67.0,4235
QM,Human Anatomy,MERGED,Q,1750,51.0,6041
QP,Physiology,ABSENT,Q,1750,80.0,3160
QR,Microbiology,ABSENT,Q,1750,,0
R,Medicine (General),MERGED,R,1750,21.0,30945
RA,Public Health,ABSENT,R,1750,40.0,8425
RB,Pathology,ABSENT,R,1750,137.0,383
RC,Internal Medicine,MERGED,R,1750,59.0,4962
RD,Surgery,MERGED,R,1750,91.0,2483
RE,Ophthalmology,ABSENT,R,1750,127.0,461
RF,Otorhinolaryngology,ABSENT,R,1750,158.0,109
RG,Gynecology / Obstetrics,ABSENT,R,1750,105.0,1383
RJ,Pediatrics,ABSENT,R,1750,134.0,414
RK,Dentistry,ABSENT,R,1750,,0
RL,Dermatology,ABSENT,R,1750,166.0,34
RM,Pharmacology,ABSENT,R,1750,79.0,3245
RS,Pharmacy,ABSENT,R,1750,43.0,7443
RT,Nursing,ABSENT,R,1750,,0
RV,Botanic Medicine,ABSENT,R,1750,,0
RX,Homeopathy,ABSENT,R,1750,,0
RZ,Other Medical Systems,ABSENT,R,1750,,0
S,Agriculture (General),DIRECT,S,1750,83.0,2943
SB,Plant Culture,DIRECT,S,1750,74.0,3621
SD,Forestry,MERGED,S,1750,138.0,358
SF,Animal Culture,MERGED,S,1750,93.0,2286
SH,Aquaculture / Fisheries,ABSENT,S,1750,133.0,420
SK,Hunting / Wildlife,ABSENT,S,1750,114.0,908
T,Technology (General),MERGED,T,1750,120.0,667
TA,Engineering (General),MERGED,T,1750,94.0,2251
TC,Hydraulic Engineering,MERGED,T,1750,139.0,339
TD,Environmental Technology,ABSENT,T,1750,162.0,90
TE,Highway Engineering,MERGED,T,1750,167.0,30
TF,Railroad Engineering,ABSENT,T,1750,,0
TG,Bridge Engineering,MERGED,T,1750,172.0,8
TH,Building Construction,MERGED,T,1750,41.0,7960
TJ,Mechanical Engineering,MERGED,T,1750,104.0,1531
TK,Electrical Engineering,ABSENT,T,1750,,0
TL,Motor Vehicles / Aeronautics,ABSENT,T,1750,164.0,75
TN,Mining / Metallurgy,MERGED,T,1750,101.0,1718
TP,Chemical Technology,MERGED,T,1750,113.0,955
TR,Photography,ABSENT,T,1750,,0
TS,Manufactures,MERGED,T,1750,117.0,722
TX,Home Economics,ABSENT,T,1750,28.0,21145
UA,Armies / Land Forces,ABSENT,U,1750,130.0,449
UB,Military Administration,ABSENT,U,1750,145.0,230
UC,Military Maintenance,ABSENT,U,1750,149.0,178
UD,Infantry,ABSENT,U,1750,155.0,124
UF,Artillery,ABSENT,U,1750,111.0,1002
UG,Military Engineering,ABSENT,U,1750,97.0,2165
UH,Military Medicine,ABSENT,U,1750,152.0,140
VA,Navies,ABSENT,V,1750,151.0,163
VB,Naval Administration,ABSENT,V,1750,,0
VC,Naval Maintenance,ABSENT,V,1750,,0
VD,Naval Seamen,ABSENT,V,1750,,0
VF,Naval Ordnance,ABSENT,V,1750,,0
VG,Naval Auxiliaries,ABSENT,V,1750,,0
VK,Navigation / Seamanship,ABSENT,V,1750,71.0,3905
VM,Naval Architecture,ABSENT,V,1750,128.0,459
Z,Books / Writing (General),DIRECT,Z,1750,26.0,22086
ZA,Information Resources,ABSENT,Z,1750,,0
AC,General Collections,RENAMED,A,1800,5.0,220699
AE,Encyclopedias (General),RENAMED,A,1800,71.0,7555
AG,Dictionaries (General),RENAMED,A,1800,93.0,4658
AI,Indexes,ABSENT,A,1800,,0
AM,Museums / Exhibitions,ABSENT,A,1800,160.0,328
AN,Newspapers,ABSENT,A,1800,,0
AS,Academies / Societies,ABSENT,A,1800,153.0,530
B,Philosophy (General),MERGED,B,1800,17.0,77206
BC,Logic,MERGED,B,1800,114.0,1886
BD,Speculative Philosophy,MERGED,B,1800,106.0,2657
BF,Psychology,ABSENT,B,1800,34.0,25570
BH,Aesthetics,MERGED,B,1800,170.0,125
BJ,Ethics,MERGED,B,1800,33.0,26376
BL,Religion / Mythology,MERGED,B,1800,42.0,13625
BM,Judaism,MERGED,B,1800,20.0,51940
BP,Islam,MERGED,B,1800,100.0,3420
BR,Christianity,MERGED,B,1800,11.0,115121
BS,Bible,MERGED,B,1800,15.0,99551
BT,Doctrinal Theology,MERGED,B,1800,18.0,66862
BV,Practical Theology,MERGED,B,1800,16.0,93310
BX,Christian Denominations,MERGED,B,1800,2.0,312660
CB,History of Civilization,ABSENT,C,1800,115.0,1846
CC,Archaeology,ABSENT,C,1800,161.0,276
CD,Diplomatics / Archives,ABSENT,C,1800,154.0,519
CE,Chronology,ABSENT,C,1800,94.0,4642
CJ,Numismatics,ABSENT,C,1800,91.0,4830
CN,Inscriptions / Epigraphy,ABSENT,C,1800,139.0,887
CR,Heraldry,ABSENT,C,1800,66.0,8516
CS,Genealogy,ABSENT,C,1800,73.0,6837
CT,Biography (General),ABSENT,C,1800,81.0,6290
D,History (General),MERGED,D,1800,29.0,35451
DA,British History,MERGED,D,1800,13.0,109479
DAW,Central Europe,ABSENT,D,1800,,0
DB,Austria / Bohemia,ABSENT,D,1800,84.0,5569
DC,French History,MERGED,D,1800,26.0,38926
DD,German History,MERGED,D,1800,39.0,15650
DE,Greco-Roman World,MERGED,D,1800,113.0,1994
DF,Greek History,MERGED,D,1800,75.0,6782
DG,Italian History / Rome,MERGED,D,1800,24.0,43847
DH,Low Countries History,ABSENT,D,1800,58.0,10440
DJ,Netherlands,ABSENT,D,1800,83.0,5932
DJK,Eastern Europe (General),ABSENT,D,1800,157.0,393
DK,Russia / Former Soviet States,ABSENT,D,1800,52.0,11312
DL,Scandinavian History,ABSENT,D,1800,72.0,7226
DP,Iberian History,ABSENT,D,1800,37.0,19950
DQ,Switzerland,ABSENT,D,1800,131.0,1054
DR,Balkan History,ABSENT,D,1800,76.0,6722
DS,Asian History,ABSENT,D,1800,19.0,61186
DT,African History,ABSENT,D,1800,88.0,5085
DU,Oceania,ABSENT,D,1800,159.0,383
DX,Romani People,ABSENT,D,1800,178.0,44
E18,African American History (E185),ABSENT,E,1800,126.0,1313
E99,Native Americans (E99),ABSENT,E,1800,138.0,906
G,Geography (General),MERGED,G,1800,22.0,47844
GA,Mathematical Geography,MERGED,G,1800,79.0,6407
GB,Physical Geography,MERGED,G,1800,137.0,968
GC,Oceanography,ABSENT,G,1800,168.0,159
GE,Environmental Sciences,ABSENT,G,1800,,0
GF,Human Ecology,ABSENT,G,1800,182.0,17
GN,Anthropology,ABSENT,G,1800,163.0,212
GR,Folklore,ABSENT,G,1800,151.0,546
GT,Manners & Customs,ABSENT,G,1800,60.0,10100
GV,Recreation / Leisure,ABSENT,G,1800,47.0,12749
HA,Statistics,ABSENT,H,1800,149.0,567
HB,Economic Theory,ABSENT,H,1800,102.0,3239
HC,Economic History,ABSENT,H,1800,120.0,1746
HD,Land / Agriculture Economics,ABSENT,H,1800,80.0,6340
HE,Transportation / Communications,ABSENT,H,1800,59.0,10359
HF,Commerce,MERGED,H,1800,48.0,12636
HG,Finance,ABSENT,H,1800,77.0,6497
HJ,Public Finance,MERGED,H,1800,65.0,8588
HM,Sociology,ABSENT,H,1800,172.0,92
HN,Social History,ABSENT,H,1800,150.0,563
HQ,Family / Gender / Sexuality,ABSENT,H,1800,68.0,8201
HS,Societies / Clubs,ABSENT,H,1800,147.0,576
HT,Communities / Classes / Race,ABSENT,H,1800,116.0,1838
HV,Social Pathology / Criminology,ABSENT,H,1800,70.0,7653
HX,Socialism / Communism,ABSENT,H,1800,155.0,499
JC,Political Theory,MERGED,J,1800,31.0,31639
JK,US Political Institutions,MERGED,J,1800,130.0,1079
JL,Canadian / Latin American Politics,MERGED,J,1800,187.0,2
JN,European Politics,ABSENT,J,1800,35.0,21350
JQ,Asian / African Politics,ABSENT,J,1800,99.0,3548
JS,Local Government,ABSENT,J,1800,111.0,2223
JV,Colonies / Colonialism,ABSENT,J,1800,165.0,192
JX,International Law (old),ABSENT,J,1800,69.0,8097
JZ,International Relations,ABSENT,J,1800,148.0,575
K,Law (General),MERGED,K,1800,8.0,173913
KB,Religious Law,MERGED,K,1800,7.0,181911
KD,UK Law,MERGED,K,1800,3.0,250842
KE,Canadian Law,ABSENT,K,1800,177.0,55
KF,US Law,MERGED,K,1800,54.0,11094
KG,Latin American Law,ABSENT,K,1800,117.0,1834
KH,South American Law,ABSENT,K,1800,166.0,187
KJ,European Law,MERGED,K,1800,1.0,531289
KL,Asian / African Law,ABSENT,K,1800,112.0,2176
KZ,International Law,ABSENT,K,1800,46.0,12957
LA,History of Education,ABSENT,L,1800,9.0,126687
LB,Theory / Practice of Education,ABSENT,L,1800,101.0,3415
LC,Social Aspects of Education,ABSENT,L,1800,125.0,1330
LD,US Universities,ABSENT,L,1800,142.0,819
LE,American Universities (other),ABSENT,L,1800,183.0,11
LF,European Universities,ABSENT,L,1800,104.0,3207
LG,Asian / African Universities,ABSENT,L,1800,,0
LH,College Publications,ABSENT,L,1800,,0
LJ,Student Fraternities,ABSENT,L,1800,186.0,3
M,Music Scores,DIRECT,M,1800,12.0,109827
ML,Literature on Music,DIRECT,M,1800,6.0,203789
MT,Musical Instruction,DIRECT,M,1800,53.0,11208
N,Visual Arts (General),MERGED,N,1800,62.0,9554
NB,Sculpture,MERGED,N,1800,135.0,977
NC,Drawing / Design,MERGED,N,1800,89.0,4932
ND,Painting,MERGED,N,1800,86.0,5349
NE,Print Media,ABSENT,N,1800,64.0,9073
NK,Decorative Arts,ABSENT,N,1800,96.0,4305
NX,Arts in General,ABSENT,N,1800,136.0,971
P,Linguistics (General),MERGED,P,1800,56.0,10879
PA,Classical Languages & Literature,MERGED,P,1800,4.0,223575
PB,Celtic Languages,MERGED,P,1800,141.0,874
PC,Romanic Languages,MERGED,P,1800,49.0,12106
PD,Germanic Languages (old),MERGED,P,1800,175.0,87
PE,English Language,MERGED,P,1800,87.0,5113
PF,West Germanic Languages,MERGED,P,1800,128.0,1224
PG,Slavic Languages & Literatures,ABSENT,P,1800,152.0,541
PH,Uralic / Basque Languages,ABSENT,P,1800,176.0,75
PJ,Oriental Languages / Literature,ABSENT,P,1800,57.0,10598
PK,Indo-Iranian Languages,ABSENT,P,1800,118.0,1831
PL,E Asian / African / Pacific,ABSENT,P,1800,25.0,42575
PM,Indigenous American Languages,ABSENT,P,1800,109.0,2461
PN,General Literature,MERGED,P,1800,32.0,29187
PQ,French / Italian / Spanish Lit.,MERGED,P,1800,14.0,104589
PR,English Literature,MERGED,P,1800,10.0,123471
PS,American Literature,MERGED,P,1800,97.0,4024
PT,Germanic Literature,MERGED,P,1800,41.0,13647
Q,Science (General),MERGED,Q,1800,38.0,17012
QA,Mathematics,MERGED,Q,1800,27.0,37690
QB,Astronomy,MERGED,Q,1800,30.0,35070
QC,Physics,MERGED,Q,1800,36.0,20989
QD,Chemistry,MERGED,Q,1800,61.0,9958
QE,Geology / Mineralogy,MERGED,Q,1800,108.0,2536
QH,Natural History / Biology,ABSENT,Q,1800,43.0,13411
QK,Botany,MERGED,Q,1800,50.0,12028
QL,Zoology,MERGED,Q,1800,63.0,9358
QM,Human Anatomy,MERGED,Q,1800,51.0,11669
QP,Physiology,ABSENT,Q,1800,78.0,6435
QR,Microbiology,ABSENT,Q,1800,188.0,1
R,Medicine (General),MERGED,R,1800,21.0,48867
RA,Public Health,ABSENT,R,1800,40.0,13682
RB,Pathology,ABSENT,R,1800,133.0,1034
RC,Internal Medicine,MERGED,R,1800,45.0,13040
RD,Surgery,MERGED,R,1800,92.0,4738
RE,Ophthalmology,ABSENT,R,1800,124.0,1485
RF,Otorhinolaryngology,ABSENT,R,1800,162.0,265
RG,Gynecology / Obstetrics,ABSENT,R,1800,107.0,2558
RJ,Pediatrics,ABSENT,R,1800,144.0,781
RK,Dentistry,ABSENT,R,1800,180.0,23
RL,Dermatology,ABSENT,R,1800,171.0,110
RM,Pharmacology,ABSENT,R,1800,74.0,6803
RS,Pharmacy,ABSENT,R,1800,44.0,13041
RT,Nursing,ABSENT,R,1800,,0
RV,Botanic Medicine,ABSENT,R,1800,,0
RX,Homeopathy,ABSENT,R,1800,,0
RZ,Other Medical Systems,ABSENT,R,1800,184.0,7
S,Agriculture (General),DIRECT,S,1800,85.0,5567
SB,Plant Culture,DIRECT,S,1800,67.0,8209
SD,Forestry,MERGED,S,1800,145.0,757
SF,Animal Culture,MERGED,S,1800,90.0,4900
SH,Aquaculture / Fisheries,ABSENT,S,1800,140.0,878
SK,Hunting / Wildlife,ABSENT,S,1800,123.0,1520
T,Technology (General),MERGED,T,1800,121.0,1673
TA,Engineering (General),MERGED,T,1800,98.0,3847
TC,Hydraulic Engineering,MERGED,T,1800,129.0,1192
TD,Environmental Technology,ABSENT,T,1800,169.0,158
TE,Highway Engineering,MERGED,T,1800,173.0,91
TF,Railroad Engineering,ABSENT,T,1800,,0
TG,Bridge Engineering,MERGED,T,1800,167.0,173
TH,Building Construction,MERGED,T,1800,55.0,10921
TJ,Mechanical Engineering,MERGED,T,1800,105.0,2877
TK,Electrical Engineering,ABSENT,T,1800,179.0,31
TL,Motor Vehicles / Aeronautics,ABSENT,T,1800,134.0,1018
TN,Mining / Metallurgy,MERGED,T,1800,103.0,3230
TP,Chemical Technology,MERGED,T,1800,110.0,2303
TR,Photography,ABSENT,T,1800,,0
TS,Manufactures,MERGED,T,1800,122.0,1583
TX,Home Economics,ABSENT,T,1800,28.0,35633
UA,Armies / Land Forces,ABSENT,U,1800,127.0,1286
UB,Military Administration,ABSENT,U,1800,143.0,798
UC,Military Maintenance,ABSENT,U,1800,156.0,394
UD,Infantry,ABSENT,U,1800,146.0,631
UF,Artillery,ABSENT,U,1800,119.0,1774
UG,Military Engineering,ABSENT,U,1800,95.0,4345
UH,Military Medicine,ABSENT,U,1800,164.0,198
VA,Navies,ABSENT,V,1800,158.0,390
VB,Naval Administration,ABSENT,V,1800,174.0,88
VC,Naval Maintenance,ABSENT,V,1800,185.0,5
VD,Naval Seamen,ABSENT,V,1800,,0
VF,Naval Ordnance,ABSENT,V,1800,181.0,20
VG,Naval Auxiliaries,ABSENT,V,1800,,0
VK,Navigation / Seamanship,ABSENT,V,1800,82.0,6246
VM,Naval Architecture,ABSENT,V,1800,132.0,1048
Z,Books / Writing (General),DIRECT,Z,1800,23.0,45932
ZA,Information Resources,ABSENT,Z,1800,,0
AC,General Collections,RENAMED,A,1850,3.0,547256
AE,Encyclopedias (General),RENAMED,A,1850,86.0,10980
AG,Dictionaries (General),RENAMED,A,1850,95.0,9133
AI,Indexes,ABSENT,A,1850,,0
AM,Museums / Exhibitions,ABSENT,A,1850,168.0,687
AN,Newspapers,ABSENT,A,1850,,0
AS,Academies / Societies,ABSENT,A,1850,149.0,1691
B,Philosophy (General),MERGED,B,1850,17.0,123617
BC,Logic,MERGED,B,1850,135.0,3110
BD,Speculative Philosophy,MERGED,B,1850,126.0,4376
BF,Psychology,ABSENT,B,1850,36.0,43746
BH,Aesthetics,MERGED,B,1850,160.0,954
BJ,Ethics,MERGED,B,1850,35.0,49407
BL,Religion / Mythology,MERGED,B,1850,45.0,30509
BM,Judaism,MERGED,B,1850,22.0,86012
BP,Islam,MERGED,B,1850,121.0,4843
BR,Christianity,MERGED,B,1850,14.0,156631
BS,Bible,MERGED,B,1850,16.0,151308
BT,Doctrinal Theology,MERGED,B,1850,19.0,108649
BV,Practical Theology,MERGED,B,1850,13.0,170438
BX,Christian Denominations,MERGED,B,1850,4.0,484050
CB,History of Civilization,ABSENT,C,1850,132.0,3360
CC,Archaeology,ABSENT,C,1850,176.0,511
CD,Diplomatics / Archives,ABSENT,C,1850,150.0,1610
CE,Chronology,ABSENT,C,1850,107.0,6589
CJ,Numismatics,ABSENT,C,1850,99.0,8440
CN,Inscriptions / Epigraphy,ABSENT,C,1850,152.0,1411
CR,Heraldry,ABSENT,C,1850,80.0,13508
CS,Genealogy,ABSENT,C,1850,83.0,12209
CT,Biography (General),ABSENT,C,1850,70.0,16201
D,History (General),MERGED,D,1850,30.0,61266
DA,British History,MERGED,D,1850,10.0,200628
DAW,Central Europe,ABSENT,D,1850,,0
DB,Austria / Bohemia,ABSENT,D,1850,91.0,9829
DC,French History,MERGED,D,1850,20.0,102418
DD,German History,MERGED,D,1850,52.0,25230
DE,Greco-Roman World,MERGED,D,1850,134.0,3315
DF,Greek History,MERGED,D,1850,82.0,12697
DG,Italian History / Rome,MERGED,D,1850,28.0,69260
DH,Low Countries History,ABSENT,D,1850,73.0,15160
DJ,Netherlands,ABSENT,D,1850,94.0,9478
DJK,Eastern Europe (General),ABSENT,D,1850,166.0,742
DK,Russia / Former Soviet States,ABSENT,D,1850,50.0,25296
DL,Scandinavian History,ABSENT,D,1850,81.0,12914
DP,Iberian History,ABSENT,D,1850,40.0,34834
DQ,Switzerland,ABSENT,D,1850,129.0,3648
DR,Balkan History,ABSENT,D,1850,88.0,10576
DS,Asian History,ABSENT,D,1850,18.0,111991
DT,African History,ABSENT,D,1850,79.0,13726
DU,Oceania,ABSENT,D,1850,137.0,2961
DX,Romani People,ABSENT,D,1850,183.0,245
E18,African American History (E185),ABSENT,E,1850,119.0,5024
E99,Native Americans (E99),ABSENT,E,1850,139.0,2755
G,Geography (General),MERGED,G,1850,23.0,80381
GA,Mathematical Geography,MERGED,G,1850,98.0,8681
GB,Physical Geography,MERGED,G,1850,144.0,2099
GC,Oceanography,ABSENT,G,1850,182.0,301
GE,Environmental Sciences,ABSENT,G,1850,,0
GF,Human Ecology,ABSENT,G,1850,190.0,101
GN,Anthropology,ABSENT,G,1850,155.0,1227
GR,Folklore,ABSENT,G,1850,159.0,974
GT,Manners & Customs,ABSENT,G,1850,69.0,16936
GV,Recreation / Leisure,ABSENT,G,1850,47.0,29937
HA,Statistics,ABSENT,H,1850,145.0,2015
HB,Economic Theory,ABSENT,H,1850,97.0,8954
HC,Economic History,ABSENT,H,1850,111.0,5811
HD,Land / Agriculture Economics,ABSENT,H,1850,77.0,14166
HE,Transportation / Communications,ABSENT,H,1850,63.0,19770
HF,Commerce,MERGED,H,1850,44.0,30825
HG,Finance,ABSENT,H,1850,68.0,17909
HJ,Public Finance,MERGED,H,1850,61.0,20685
HM,Sociology,ABSENT,H,1850,170.0,633
HN,Social History,ABSENT,H,1850,154.0,1250
HQ,Family / Gender / Sexuality,ABSENT,H,1850,71.0,16004
HS,Societies / Clubs,ABSENT,H,1850,117.0,5425
HT,Communities / Classes / Race,ABSENT,H,1850,104.0,6860
HV,Social Pathology / Criminology,ABSENT,H,1850,53.0,22955
HX,Socialism / Communism,ABSENT,H,1850,153.0,1384
JC,Political Theory,MERGED,J,1850,34.0,49910
JK,US Political Institutions,MERGED,J,1850,93.0,9645
JL,Canadian / Latin American Politics,MERGED,J,1850,172.0,593
JN,European Politics,ABSENT,J,1850,39.0,38528
JQ,Asian / African Politics,ABSENT,J,1850,101.0,7860
JS,Local Government,ABSENT,J,1850,115.0,5563
JV,Colonies / Colonialism,ABSENT,J,1850,156.0,1158
JX,International Law (old),ABSENT,J,1850,67.0,17921
JZ,International Relations,ABSENT,J,1850,158.0,1022
K,Law (General),MERGED,K,1850,8.0,257774
KB,Religious Law,MERGED,K,1850,9.0,226673
KD,UK Law,MERGED,K,1850,5.0,407790
KE,Canadian Law,ABSENT,K,1850,175.0,564
KF,US Law,MERGED,K,1850,29.0,65352
KG,Latin American Law,ABSENT,K,1850,120.0,4949
KH,South American Law,ABSENT,K,1850,163.0,799
KJ,European Law,MERGED,K,1850,1.0,687277
KL,Asian / African Law,ABSENT,K,1850,109.0,6136
KZ,International Law,ABSENT,K,1850,58.0,21706
LA,History of Education,ABSENT,L,1850,12.0,199961
LB,Theory / Practice of Education,ABSENT,L,1850,100.0,8096
LC,Social Aspects of Education,ABSENT,L,1850,122.0,4789
LD,US Universities,ABSENT,L,1850,118.0,5267
LE,American Universities (other),ABSENT,L,1850,169.0,666
LF,European Universities,ABSENT,L,1850,116.0,5543
LG,Asian / African Universities,ABSENT,L,1850,194.0,26
LH,College Publications,ABSENT,L,1850,195.0,16
LJ,Student Fraternities,ABSENT,L,1850,187.0,180
M,Music Scores,DIRECT,M,1850,15.0,156540
ML,Literature on Music,DIRECT,M,1850,2.0,559700
MT,Musical Instruction,DIRECT,M,1850,59.0,21205
N,Visual Arts (General),MERGED,N,1850,60.0,21107
NB,Sculpture,MERGED,N,1850,141.0,2508
NC,Drawing / Design,MERGED,N,1850,87.0,10716
ND,Painting,MERGED,N,1850,74.0,15078
NE,Print Media,ABSENT,N,1850,66.0,18084
NK,Decorative Arts,ABSENT,N,1850,96.0,9026
NX,Arts in General,ABSENT,N,1850,151.0,1484
P,Linguistics (General),MERGED,P,1850,27.0,69380
PA,Classical Languages & Literature,MERGED,P,1850,6.0,303560
PB,Celtic Languages,MERGED,P,1850,142.0,2363
PC,Romanic Languages,MERGED,P,1850,56.0,22117
PD,Germanic Languages (old),MERGED,P,1850,167.0,694
PE,English Language,MERGED,P,1850,55.0,22668
PF,West Germanic Languages,MERGED,P,1850,130.0,3604
PG,Slavic Languages & Literatures,ABSENT,P,1850,92.0,9716
PH,Uralic / Basque Languages,ABSENT,P,1850,178.0,445
PJ,Oriental Languages / Literature,ABSENT,P,1850,65.0,18675
PK,Indo-Iranian Languages,ABSENT,P,1850,105.0,6837
PL,E Asian / African / Pacific,ABSENT,P,1850,24.0,79545
PM,Indigenous American Languages,ABSENT,P,1850,124.0,4530
PN,General Literature,MERGED,P,1850,32.0,60478
PQ,French / Italian / Spanish Lit.,MERGED,P,1850,11.0,200372
PR,English Literature,MERGED,P,1850,7.0,282792
PS,American Literature,MERGED,P,1850,41.0,34823
PT,Germanic Literature,MERGED,P,1850,42.0,32082
Q,Science (General),MERGED,Q,1850,46.0,29961
QA,Mathematics,MERGED,Q,1850,26.0,74538
QB,Astronomy,MERGED,Q,1850,33.0,54290
QC,Physics,MERGED,Q,1850,37.0,41359
QD,Chemistry,MERGED,Q,1850,54.0,22952
QE,Geology / Mineralogy,MERGED,Q,1850,90.0,9991
QH,Natural History / Biology,ABSENT,Q,1850,43.0,31985
QK,Botany,MERGED,Q,1850,48.0,27741
QL,Zoology,MERGED,Q,1850,49.0,26275
QM,Human Anatomy,MERGED,Q,1850,62.0,20676
QP,Physiology,ABSENT,Q,1850,78.0,13745
QR,Microbiology,ABSENT,Q,1850,193.0,51
R,Medicine (General),MERGED,R,1850,25.0,76332
RA,Public Health,ABSENT,R,1850,51.0,25274
RB,Pathology,ABSENT,R,1850,136.0,3047
RC,Internal Medicine,MERGED,R,1850,38.0,39048
RD,Surgery,MERGED,R,1850,89.0,10282
RE,Ophthalmology,ABSENT,R,1850,125.0,4508
RF,Otorhinolaryngology,ABSENT,R,1850,171.0,594
RG,Gynecology / Obstetrics,ABSENT,R,1850,110.0,6090
RJ,Pediatrics,ABSENT,R,1850,147.0,1894
RK,Dentistry,ABSENT,R,1850,177.0,451
RL,Dermatology,ABSENT,R,1850,174.0,571
RM,Pharmacology,ABSENT,R,1850,75.0,14979
RS,Pharmacy,ABSENT,R,1850,57.0,21842
RT,Nursing,ABSENT,R,1850,196.0,9
RV,Botanic Medicine,ABSENT,R,1850,180.0,370
RX,Homeopathy,ABSENT,R,1850,188.0,151
RZ,Other Medical Systems,ABSENT,R,1850,186.0,182
S,Agriculture (General),DIRECT,S,1850,76.0,14357
SB,Plant Culture,DIRECT,S,1850,64.0,19617
SD,Forestry,MERGED,S,1850,148.0,1784
SF,Animal Culture,MERGED,S,1850,84.0,12137
SH,Aquaculture / Fisheries,ABSENT,S,1850,143.0,2101
SK,Hunting / Wildlife,ABSENT,S,1850,140.0,2600
T,Technology (General),MERGED,T,1850,113.0,5806
TA,Engineering (General),MERGED,T,1850,103.0,7121
TC,Hydraulic Engineering,MERGED,T,1850,123.0,4761
TD,Environmental Technology,ABSENT,T,1850,165.0,748
TE,Highway Engineering,MERGED,T,1850,181.0,322
TF,Railroad Engineering,ABSENT,T,1850,164.0,771
TG,Bridge Engineering,MERGED,T,1850,162.0,801
TH,Building Construction,MERGED,T,1850,72.0,15516
TJ,Mechanical Engineering,MERGED,T,1850,112.0,5808
TK,Electrical Engineering,ABSENT,T,1850,184.0,206
TL,Motor Vehicles / Aeronautics,ABSENT,T,1850,114.0,5588
TN,Mining / Metallurgy,MERGED,T,1850,108.0,6442
TP,Chemical Technology,MERGED,T,1850,106.0,6711
TR,Photography,ABSENT,T,1850,192.0,65
TS,Manufactures,MERGED,T,1850,128.0,3797
TX,Home Economics,ABSENT,T,1850,31.0,61093
UA,Armies / Land Forces,ABSENT,U,1850,127.0,4093
UB,Military Administration,ABSENT,U,1850,131.0,3441
UC,Military Maintenance,ABSENT,U,1850,161.0,916
UD,Infantry,ABSENT,U,1850,146.0,1896
UF,Artillery,ABSENT,U,1850,133.0,3327
UG,Military Engineering,ABSENT,U,1850,102.0,7636
UH,Military Medicine,ABSENT,U,1850,179.0,398
VA,Navies,ABSENT,V,1850,157.0,1100
VB,Naval Administration,ABSENT,V,1850,173.0,580
VC,Naval Maintenance,ABSENT,V,1850,189.0,112
VD,Naval Seamen,ABSENT,V,1850,,0
VF,Naval Ordnance,ABSENT,V,1850,185.0,187
VG,Naval Auxiliaries,ABSENT,V,1850,191.0,87
VK,Navigation / Seamanship,ABSENT,V,1850,85.0,11214
VM,Naval Architecture,ABSENT,V,1850,138.0,2833
Z,Books / Writing (General),DIRECT,Z,1850,21.0,95042
ZA,Information Resources,ABSENT,Z,1850,,0
AC,General Collections,RENAMED,A,1895,2.0,968056
AE,Encyclopedias (General),RENAMED,A,1895,111.0,14895
AG,Dictionaries (General),RENAMED,A,1895,110.0,15015
AI,Indexes,ABSENT,A,1895,196.0,124
AM,Museums / Exhibitions,ABSENT,A,1895,182.0,1377
AN,Newspapers,ABSENT,A,1895,,0
AS,Academies / Societies,ABSENT,A,1895,145.0,6353
B,Philosophy (General),MERGED,B,1895,22.0,193899
BC,Logic,MERGED,B,1895,146.0,6062
BD,Speculative Philosophy,MERGED,B,1895,133.0,8790
BF,Psychology,ABSENT,B,1895,34.0,94825
BH,Aesthetics,MERGED,B,1895,169.0,2838
BJ,Ethics,MERGED,B,1895,38.0,86681
BL,Religion / Mythology,MERGED,B,1895,43.0,66559
BM,Judaism,MERGED,B,1895,27.0,135678
BP,Islam,MERGED,B,1895,136.0,7754
BR,Christianity,MERGED,B,1895,20.0,216142
BS,Bible,MERGED,B,1895,16.0,242951
BT,Doctrinal Theology,MERGED,B,1895,24.0,172927
BV,Practical Theology,MERGED,B,1895,14.0,285371
BX,Christian Denominations,MERGED,B,1895,4.0,746220
CB,History of Civilization,ABSENT,C,1895,144.0,6373
CC,Archaeology,ABSENT,C,1895,187.0,1001
CD,Diplomatics / Archives,ABSENT,C,1895,148.0,5692
CE,Chronology,ABSENT,C,1895,131.0,9608
CJ,Numismatics,ABSENT,C,1895,102.0,17655
CN,Inscriptions / Epigraphy,ABSENT,C,1895,166.0,2992
CR,Heraldry,ABSENT,C,1895,95.0,21870
CS,Genealogy,ABSENT,C,1895,71.0,36441
CT,Biography (General),ABSENT,C,1895,65.0,42293
D,History (General),MERGED,D,1895,32.0,117777
DA,British History,MERGED,D,1895,9.0,367472
DAW,Central Europe,ABSENT,D,1895,,0
DB,Austria / Bohemia,ABSENT,D,1895,94.0,23171
DC,French History,MERGED,D,1895,18.0,224292
DD,German History,MERGED,D,1895,58.0,49312
DE,Greco-Roman World,MERGED,D,1895,142.0,6856
DF,Greek History,MERGED,D,1895,87.0,25083
DG,Italian History / Rome,MERGED,D,1895,30.0,120081
DH,Low Countries History,ABSENT,D,1895,90.0,23964
DJ,Netherlands,ABSENT,D,1895,115.0,14246
DJK,Eastern Europe (General),ABSENT,D,1895,185.0,1122
DK,Russia / Former Soviet States,ABSENT,D,1895,49.0,62969
DL,Scandinavian History,ABSENT,D,1895,84.0,26646
DP,Iberian History,ABSENT,D,1895,51.0,60998
DQ,Switzerland,ABSENT,D,1895,127.0,10604
DR,Balkan History,ABSENT,D,1895,98.0,20277
DS,Asian History,ABSENT,D,1895,17.0,224793
DT,African History,ABSENT,D,1895,64.0,42399
DU,Oceania,ABSENT,D,1895,118.0,13469
DX,Romani People,ABSENT,D,1895,184.0,1240
E18,African American History (E185),ABSENT,E,1895,100.0,18998
E99,Native Americans (E99),ABSENT,E,1895,132.0,9180
G,Geography (General),MERGED,G,1895,28.0,134905
GA,Mathematical Geography,MERGED,G,1895,123.0,11857
GB,Physical Geography,MERGED,G,1895,149.0,5619
GC,Oceanography,ABSENT,G,1895,180.0,1700
GE,Environmental Sciences,ABSENT,G,1895,,0
GF,Human Ecology,ABSENT,G,1895,193.0,306
GN,Anthropology,ABSENT,G,1895,130.0,9710
GR,Folklore,ABSENT,G,1895,161.0,3535
GT,Manners & Customs,ABSENT,G,1895,83.0,26791
GV,Recreation / Leisure,ABSENT,G,1895,44.0,66037
HA,Statistics,ABSENT,H,1895,141.0,6890
HB,Economic Theory,ABSENT,H,1895,82.0,26882
HC,Economic History,ABSENT,H,1895,104.0,16563
HD,Land / Agriculture Economics,ABSENT,H,1895,70.0,38495
HE,Transportation / Communications,ABSENT,H,1895,55.0,51546
HF,Commerce,MERGED,H,1895,42.0,67692
HG,Finance,ABSENT,H,1895,54.0,52124
HJ,Public Finance,MERGED,H,1895,61.0,46925
HM,Sociology,ABSENT,H,1895,175.0,2206
HN,Social History,ABSENT,H,1895,157.0,4578
HQ,Family / Gender / Sexuality,ABSENT,H,1895,73.0,35008
HS,Societies / Clubs,ABSENT,H,1895,103.0,16612
HT,Communities / Classes / Race,ABSENT,H,1895,112.0,14880
HV,Social Pathology / Criminology,ABSENT,H,1895,50.0,61575
HX,Socialism / Communism,ABSENT,H,1895,147.0,5721
JC,Political Theory,MERGED,J,1895,41.0,73434
JK,US Political Institutions,MERGED,J,1895,53.0,56060
JL,Canadian / Latin American Politics,MERGED,J,1895,158.0,4169
JN,European Politics,ABSENT,J,1895,46.0,63884
JQ,Asian / African Politics,ABSENT,J,1895,114.0,14550
JS,Local Government,ABSENT,J,1895,117.0,13668
JV,Colonies / Colonialism,ABSENT,J,1895,153.0,5046
JX,International Law (old),ABSENT,J,1895,66.0,41013
JZ,International Relations,ABSENT,J,1895,178.0,1790
K,Law (General),MERGED,K,1895,10.0,364070
KB,Religious Law,MERGED,K,1895,15.0,269349
KD,UK Law,MERGED,K,1895,5.0,599670
KE,Canadian Law,ABSENT,K,1895,168.0,2921
KF,US Law,MERGED,K,1895,19.0,217329
KG,Latin American Law,ABSENT,K,1895,107.0,15443
KH,South American Law,ABSENT,K,1895,152.0,5299
KJ,European Law,MERGED,K,1895,3.0,846150
KL,Asian / African Law,ABSENT,K,1895,124.0,11545
KZ,International Law,ABSENT,K,1895,74.0,34662
LA,History of Education,ABSENT,L,1895,11.0,317077
LB,Theory / Practice of Education,ABSENT,L,1895,93.0,23189
LC,Social Aspects of Education,ABSENT,L,1895,113.0,14585
LD,US Universities,ABSENT,L,1895,96.0,21811
LE,American Universities (other),ABSENT,L,1895,179.0,1776
LF,European Universities,ABSENT,L,1895,121.0,12007
LG,Asian / African Universities,ABSENT,L,1895,195.0,204
LH,College Publications,ABSENT,L,1895,197.0,106
LJ,Student Fraternities,ABSENT,L,1895,189.0,775
M,Music Scores,DIRECT,M,1895,13.0,310154
ML,Literature on Music,DIRECT,M,1895,1.0,1080729
MT,Musical Instruction,DIRECT,M,1895,77.0,33510
N,Visual Arts (General),MERGED,N,1895,59.0,48059
NB,Sculpture,MERGED,N,1895,137.0,7496
NC,Drawing / Design,MERGED,N,1895,86.0,25270
ND,Painting,MERGED,N,1895,67.0,39765
NE,Print Media,ABSENT,N,1895,72.0,35985
NK,Decorative Arts,ABSENT,N,1895,91.0,23663
NX,Arts in General,ABSENT,N,1895,174.0,2210
P,Linguistics (General),MERGED,P,1895,12.0,310236
PA,Classical Languages & Literature,MERGED,P,1895,7.0,411865
PB,Celtic Languages,MERGED,P,1895,143.0,6518
PC,Romanic Languages,MERGED,P,1895,62.0,44398
PD,Germanic Languages (old),MERGED,P,1895,159.0,3929
PE,English Language,MERGED,P,1895,45.0,65558
PF,West Germanic Languages,MERGED,P,1895,126.0,10693
PG,Slavic Languages & Literatures,ABSENT,P,1895,60.0,47897
PH,Uralic / Basque Languages,ABSENT,P,1895,173.0,2222
PJ,Oriental Languages / Literature,ABSENT,P,1895,68.0,39048
PK,Indo-Iranian Languages,ABSENT,P,1895,85.0,25414
PL,E Asian / African / Pacific,ABSENT,P,1895,26.0,140547
PM,Indigenous American Languages,ABSENT,P,1895,122.0,11895
PN,General Literature,MERGED,P,1895,29.0,132727
PQ,French / Italian / Spanish Lit.,MERGED,P,1895,8.0,376688
PR,English Literature,MERGED,P,1895,6.0,563966
PS,American Literature,MERGED,P,1895,23.0,175135
PT,Germanic Literature,MERGED,P,1895,37.0,88756
Q,Science (General),MERGED,Q,1895,52.0,60843
QA,Mathematics,MERGED,Q,1895,25.0,146997
QB,Astronomy,MERGED,Q,1895,36.0,91950
QC,Physics,MERGED,Q,1895,40.0,80038
QD,Chemistry,MERGED,Q,1895,56.0,50057
QE,Geology / Mineralogy,MERGED,Q,1895,69.0,38791
QH,Natural History / Biology,ABSENT,Q,1895,47.0,63476
QK,Botany,MERGED,Q,1895,48.0,63351
QL,Zoology,MERGED,Q,1895,39.0,81400
QM,Human Anatomy,MERGED,Q,1895,75.0,34290
QP,Physiology,ABSENT,Q,1895,80.0,30273
QR,Microbiology,ABSENT,Q,1895,191.0,439
R,Medicine (General),MERGED,R,1895,31.0,119450
RA,Public Health,ABSENT,R,1895,57.0,49819
RB,Pathology,ABSENT,R,1895,135.0,7850
RC,Internal Medicine,MERGED,R,1895,35.0,92027
RD,Surgery,MERGED,R,1895,89.0,24246
RE,Ophthalmology,ABSENT,R,1895,129.0,10381
RF,Otorhinolaryngology,ABSENT,R,1895,177.0,1946
RG,Gynecology / Obstetrics,ABSENT,R,1895,106.0,15532
RJ,Pediatrics,ABSENT,R,1895,154.0,4888
RK,Dentistry,ABSENT,R,1895,165.0,3212
RL,Dermatology,ABSENT,R,1895,171.0,2522
RM,Pharmacology,ABSENT,R,1895,79.0,31228
RS,Pharmacy,ABSENT,R,1895,76.0,34001
RT,Nursing,ABSENT,R,1895,194.0,266
RV,Botanic Medicine,ABSENT,R,1895,172.0,2320
RX,Homeopathy,ABSENT,R,1895,167.0,2935
RZ,Other Medical Systems,ABSENT,R,1895,188.0,780
S,Agriculture (General),DIRECT,S,1895,78.0,33287
SB,Plant Culture,DIRECT,S,1895,63.0,44361
SD,Forestry,MERGED,S,1895,156.0,4612
SF,Animal Culture,MERGED,S,1895,81.0,28217
SH,Aquaculture / Fisheries,ABSENT,S,1895,140.0,6922
SK,Hunting / Wildlife,ABSENT,S,1895,139.0,7069
T,Technology (General),MERGED,T,1895,92.0,23371
TA,Engineering (General),MERGED,T,1895,105.0,15629
TC,Hydraulic Engineering,MERGED,T,1895,108.0,15272
TD,Environmental Technology,ABSENT,T,1895,155.0,4757
TE,Highway Engineering,MERGED,T,1895,186.0,1101
TF,Railroad Engineering,ABSENT,T,1895,150.0,5425
TG,Bridge Engineering,MERGED,T,1895,160.0,3773
TH,Building Construction,MERGED,T,1895,88.0,24990
TJ,Mechanical Engineering,MERGED,T,1895,116.0,14020
TK,Electrical Engineering,ABSENT,T,1895,163.0,3349
TL,Motor Vehicles / Aeronautics,ABSENT,T,1895,109.0,15059
TN,Mining / Metallurgy,MERGED,T,1895,99.0,19608
TP,Chemical Technology,MERGED,T,1895,101.0,18141
TR,Photography,ABSENT,T,1895,162.0,3513
TS,Manufactures,MERGED,T,1895,125.0,11255
TX,Home Economics,ABSENT,T,1895,33.0,103607
UA,Armies / Land Forces,ABSENT,U,1895,120.0,12200
UB,Military Administration,ABSENT,U,1895,128.0,10384
UC,Military Maintenance,ABSENT,U,1895,170.0,2578
UD,Infantry,ABSENT,U,1895,151.0,5414
UF,Artillery,ABSENT,U,1895,138.0,7287
UG,Military Engineering,ABSENT,U,1895,119.0,12765
UH,Military Medicine,ABSENT,U,1895,181.0,1497
VA,Navies,ABSENT,V,1895,164.0,3335
VB,Naval Administration,ABSENT,V,1895,176.0,1997
VC,Naval Maintenance,ABSENT,V,1895,192.0,403
VD,Naval Seamen,ABSENT,V,1895,198.0,45
VF,Naval Ordnance,ABSENT,V,1895,183.0,1335
VG,Naval Auxiliaries,ABSENT,V,1895,190.0,474
VK,Navigation / Seamanship,ABSENT,V,1895,97.0,20696
VM,Naval Architecture,ABSENT,V,1895,134.0,7910
Z,Books / Writing (General),DIRECT,Z,1895,21.0,205830
ZA,Information Resources,ABSENT,Z,1895,,0
AC,General Collections,RENAMED,A,1900,2.0,1017123
AE,Encyclopedias (General),RENAMED,A,1900,116.0,15441
AG,Dictionaries (General),RENAMED,A,1900,113.0,15804
AI,Indexes,ABSENT,A,1900,196.0,177
AM,Museums / Exhibitions,ABSENT,A,1900,182.0,1514
AN,Newspapers,ABSENT,A,1900,,0
AS,Academies / Societies,ABSENT,A,1900,142.0,7651
B,Philosophy (General),MERGED,B,1900,23.0,205359
BC,Logic,MERGED,B,1900,148.0,6566
BD,Speculative Philosophy,MERGED,B,1900,133.0,9774
BF,Psychology,ABSENT,B,1900,34.0,104873
BH,Aesthetics,MERGED,B,1900,169.0,3182
BJ,Ethics,MERGED,B,1900,38.0,92740
BL,Religion / Mythology,MERGED,B,1900,44.0,73565
BM,Judaism,MERGED,B,1900,29.0,143443
BP,Islam,MERGED,B,1900,136.0,8630
BR,Christianity,MERGED,B,1900,21.0,225180
BS,Bible,MERGED,B,1900,16.0,257324
BT,Doctrinal Theology,MERGED,B,1900,24.0,182698
BV,Practical Theology,MERGED,B,1900,14.0,301572
BX,Christian Denominations,MERGED,B,1900,4.0,784879
CB,History of Civilization,ABSENT,C,1900,146.0,6895
CC,Archaeology,ABSENT,C,1900,187.0,1117
CD,Diplomatics / Archives,ABSENT,C,1900,147.0,6651
CE,Chronology,ABSENT,C,1900,132.0,10085
CJ,Numismatics,ABSENT,C,1900,102.0,19317
CN,Inscriptions / Epigraphy,ABSENT,C,1900,168.0,3335
CR,Heraldry,ABSENT,C,1900,96.0,23149
CS,Genealogy,ABSENT,C,1900,70.0,43339
CT,Biography (General),ABSENT,C,1900,65.0,46965
D,History (General),MERGED,D,1900,31.0,127562
DA,British History,MERGED,D,1900,9.0,394403
DAW,Central Europe,ABSENT,D,1900,,0
DB,Austria / Bohemia,ABSENT,D,1900,93.0,25651
DC,French History,MERGED,D,1900,18.0,244430
DD,German History,MERGED,D,1900,59.0,53890
DE,Greco-Roman World,MERGED,D,1900,143.0,7449
DF,Greek History,MERGED,D,1900,88.0,27168
DG,Italian History / Rome,MERGED,D,1900,30.0,128240
DH,Low Countries History,ABSENT,D,1900,94.0,25307
DJ,Netherlands,ABSENT,D,1900,118.0,14986
DJK,Eastern Europe (General),ABSENT,D,1900,186.0,1170
DK,Russia / Former Soviet States,ABSENT,D,1900,47.0,69618
DL,Scandinavian History,ABSENT,D,1900,84.0,29179
DP,Iberian History,ABSENT,D,1900,52.0,65175
DQ,Switzerland,ABSENT,D,1900,128.0,11817
DR,Balkan History,ABSENT,D,1900,98.0,22259
DS,Asian History,ABSENT,D,1900,17.0,246476
DT,African History,ABSENT,D,1900,64.0,48720
DU,Oceania,ABSENT,D,1900,114.0,15694
DX,Romani People,ABSENT,D,1900,184.0,1483
E18,African American History (E185),ABSENT,E,1900,100.0,21507
E99,Native Americans (E99),ABSENT,E,1900,131.0,10212
G,Geography (General),MERGED,G,1900,28.0,143506
GA,Mathematical Geography,MERGED,G,1900,124.0,12368
GB,Physical Geography,MERGED,G,1900,150.0,6383
GC,Oceanography,ABSENT,G,1900,179.0,1988
GE,Environmental Sciences,ABSENT,G,1900,199.0,8
GF,Human Ecology,ABSENT,G,1900,193.0,360
GN,Anthropology,ABSENT,G,1900,127.0,11965
GR,Folklore,ABSENT,G,1900,162.0,4468
GT,Manners & Customs,ABSENT,G,1900,85.0,28282
GV,Recreation / Leisure,ABSENT,G,1900,43.0,73870
HA,Statistics,ABSENT,H,1900,139.0,8049
HB,Economic Theory,ABSENT,H,1900,82.0,31098
HC,Economic History,ABSENT,H,1900,103.0,19062
HD,Land / Agriculture Economics,ABSENT,H,1900,68.0,44870
HE,Transportation / Communications,ABSENT,H,1900,55.0,57412
HF,Commerce,MERGED,H,1900,42.0,73944
HG,Finance,ABSENT,H,1900,54.0,59053
HJ,Public Finance,MERGED,H,1900,61.0,51453
HM,Sociology,ABSENT,H,1900,173.0,2682
HN,Social History,ABSENT,H,1900,155.0,5671
HQ,Family / Gender / Sexuality,ABSENT,H,1900,73.0,38610
HS,Societies / Clubs,ABSENT,H,1900,104.0,18414
HT,Communities / Classes / Race,ABSENT,H,1900,111.0,15957
HV,Social Pathology / Criminology,ABSENT,H,1900,49.0,68590
HX,Socialism / Communism,ABSENT,H,1900,145.0,7119
JC,Political Theory,MERGED,J,1900,41.0,76934
JK,US Political Institutions,MERGED,J,1900,53.0,64466
JL,Canadian / Latin American Politics,MERGED,J,1900,158.0,4973
JN,European Politics,ABSENT,J,1900,50.0,67789
JQ,Asian / African Politics,ABSENT,J,1900,115.0,15514
JS,Local Government,ABSENT,J,1900,117.0,15234
JV,Colonies / Colonialism,ABSENT,J,1900,153.0,5912
JX,International Law (old),ABSENT,J,1900,66.0,45763
JZ,International Relations,ABSENT,J,1900,180.0,1900
K,Law (General),MERGED,K,1900,10.0,379984
KB,Religious Law,MERGED,K,1900,15.0,274341
KD,UK Law,MERGED,K,1900,5.0,623841
KE,Canadian Law,ABSENT,K,1900,167.0,3403
KF,US Law,MERGED,K,1900,19.0,242749
KG,Latin American Law,ABSENT,K,1900,105.0,17750
KH,South American Law,ABSENT,K,1900,151.0,6365
KJ,European Law,MERGED,K,1900,3.0,865148
KL,Asian / African Law,ABSENT,K,1900,125.0,12344
KZ,International Law,ABSENT,K,1900,74.0,36584
LA,History of Education,ABSENT,L,1900,13.0,335741
LB,Theory / Practice of Education,ABSENT,L,1900,90.0,26954
LC,Social Aspects of Education,ABSENT,L,1900,110.0,16363
LD,US Universities,ABSENT,L,1900,95.0,24975
LE,American Universities (other),ABSENT,L,1900,175.0,2596
LF,European Universities,ABSENT,L,1900,122.0,13429
LG,Asian / African Universities,ABSENT,L,1900,195.0,250
LH,College Publications,ABSENT,L,1900,197.0,116
LJ,Student Fraternities,ABSENT,L,1900,189.0,896
M,Music Scores,DIRECT,M,1900,12.0,352978
ML,Literature on Music,DIRECT,M,1900,1.0,1159216
MT,Musical Instruction,DIRECT,M,1900,78.0,35535
N,Visual Arts (General),MERGED,N,1900,60.0,53680
NB,Sculpture,MERGED,N,1900,137.0,8594
NC,Drawing / Design,MERGED,N,1900,86.0,28135
ND,Painting,MERGED,N,1900,67.0,45146
NE,Print Media,ABSENT,N,1900,72.0,39380
NK,Decorative Arts,ABSENT,N,1900,89.0,27097
NX,Arts in General,ABSENT,N,1900,176.0,2366
P,Linguistics (General),MERGED,P,1900,11.0,368691
PA,Classical Languages & Literature,MERGED,P,1900,7.0,428844
PB,Celtic Languages,MERGED,P,1900,144.0,7270
PC,Romanic Languages,MERGED,P,1900,62.0,49128
PD,Germanic Languages (old),MERGED,P,1900,159.0,4865
PE,English Language,MERGED,P,1900,45.0,73242
PF,West Germanic Languages,MERGED,P,1900,126.0,12233
PG,Slavic Languages & Literatures,ABSENT,P,1900,56.0,57293
PH,Uralic / Basque Languages,ABSENT,P,1900,172.0,2723
PJ,Oriental Languages / Literature,ABSENT,P,1900,71.0,43297
PK,Indo-Iranian Languages,ABSENT,P,1900,83.0,29361
PL,E Asian / African / Pacific,ABSENT,P,1900,26.0,150565
PM,Indigenous American Languages,ABSENT,P,1900,121.0,13591
PN,General Literature,MERGED,P,1900,27.0,148780
PQ,French / Italian / Spanish Lit.,MERGED,P,1900,8.0,408731
PR,English Literature,MERGED,P,1900,6.0,612889
PS,American Literature,MERGED,P,1900,22.0,207791
PT,Germanic Literature,MERGED,P,1900,35.0,100773
Q,Science (General),MERGED,Q,1900,51.0,66786
QA,Mathematics,MERGED,Q,1900,25.0,160433
QB,Astronomy,MERGED,Q,1900,37.0,98815
QC,Physics,MERGED,Q,1900,40.0,87674
QD,Chemistry,MERGED,Q,1900,57.0,57169
QE,Geology / Mineralogy,MERGED,Q,1900,69.0,44849
QH,Natural History / Biology,ABSENT,Q,1900,48.0,68902
QK,Botany,MERGED,Q,1900,46.0,70034
QL,Zoology,MERGED,Q,1900,39.0,91447
QM,Human Anatomy,MERGED,Q,1900,76.0,36240
QP,Physiology,ABSENT,Q,1900,80.0,33418
QR,Microbiology,ABSENT,Q,1900,190.0,723
R,Medicine (General),MERGED,R,1900,32.0,125597
RA,Public Health,ABSENT,R,1900,58.0,54038
RB,Pathology,ABSENT,R,1900,135.0,8685
RC,Internal Medicine,MERGED,R,1900,36.0,100597
RD,Surgery,MERGED,R,1900,92.0,26564
RE,Ophthalmology,ABSENT,R,1900,130.0,11413
RF,Otorhinolaryngology,ABSENT,R,1900,177.0,2268
RG,Gynecology / Obstetrics,ABSENT,R,1900,108.0,17202
RJ,Pediatrics,ABSENT,R,1900,156.0,5482
RK,Dentistry,ABSENT,R,1900,164.0,3812
RL,Dermatology,ABSENT,R,1900,170.0,2923
RM,Pharmacology,ABSENT,R,1900,79.0,34010
RS,Pharmacy,ABSENT,R,1900,77.0,35878
RT,Nursing,ABSENT,R,1900,194.0,353
RV,Botanic Medicine,ABSENT,R,1900,174.0,2628
RX,Homeopathy,ABSENT,R,1900,166.0,3661
RZ,Other Medical Systems,ABSENT,R,1900,188.0,1050
S,Agriculture (General),DIRECT,S,1900,75.0,36458
SB,Plant Culture,DIRECT,S,1900,63.0,48840
SD,Forestry,MERGED,S,1900,157.0,5275
SF,Animal Culture,MERGED,S,1900,81.0,31392
SH,Aquaculture / Fisheries,ABSENT,S,1900,140.0,7986
SK,Hunting / Wildlife,ABSENT,S,1900,138.0,8060
T,Technology (General),MERGED,T,1900,87.0,27333
TA,Engineering (General),MERGED,T,1900,106.0,17412
TC,Hydraulic Engineering,MERGED,T,1900,107.0,17236
TD,Environmental Technology,ABSENT,T,1900,154.0,5804
TE,Highway Engineering,MERGED,T,1900,185.0,1260
TF,Railroad Engineering,ABSENT,T,1900,149.0,6479
TG,Bridge Engineering,MERGED,T,1900,163.0,4464
TH,Building Construction,MERGED,T,1900,91.0,26873
TJ,Mechanical Engineering,MERGED,T,1900,112.0,15938
TK,Electrical Engineering,ABSENT,T,1900,160.0,4713
TL,Motor Vehicles / Aeronautics,ABSENT,T,1900,109.0,16849
TN,Mining / Metallurgy,MERGED,T,1900,97.0,22533
TP,Chemical Technology,MERGED,T,1900,101.0,20407
TR,Photography,ABSENT,T,1900,161.0,4515
TS,Manufactures,MERGED,T,1900,123.0,12909
TX,Home Economics,ABSENT,T,1900,33.0,110930
UA,Armies / Land Forces,ABSENT,U,1900,119.0,13846
UB,Military Administration,ABSENT,U,1900,129.0,11451
UC,Military Maintenance,ABSENT,U,1900,171.0,2903
UD,Infantry,ABSENT,U,1900,152.0,5947
UF,Artillery,ABSENT,U,1900,141.0,7903
UG,Military Engineering,ABSENT,U,1900,120.0,13634
UH,Military Medicine,ABSENT,U,1900,181.0,1746
VA,Navies,ABSENT,V,1900,165.0,3759
VB,Naval Administration,ABSENT,V,1900,178.0,2192
VC,Naval Maintenance,ABSENT,V,1900,192.0,458
VD,Naval Seamen,ABSENT,V,1900,198.0,55
VF,Naval Ordnance,ABSENT,V,1900,183.0,1507
VG,Naval Auxiliaries,ABSENT,V,1900,191.0,552
VK,Navigation / Seamanship,ABSENT,V,1900,99.0,22211
VM,Naval Architecture,ABSENT,V,1900,134.0,8790
Z,Books / Writing (General),DIRECT,Z,1900,20.0,229128
ZA,Information Resources,ABSENT,Z,1900,,0
AC,General Collections,RENAMED,A,1910,2.0,1116813
AE,Encyclopedias (General),RENAMED,A,1910,122.0,16835
AG,Dictionaries (General),RENAMED,A,1910,120.0,17664
AI,Indexes,ABSENT,A,1910,196.0,338
AM,Museums / Exhibitions,ABSENT,A,1910,182.0,2024
AN,Newspapers,ABSENT,A,1910,,0
AS,Academies / Societies,ABSENT,A,1910,135.0,12113
B,Philosophy (General),MERGED,B,1910,23.0,234798
BC,Logic,MERGED,B,1910,156.0,7774
BD,Speculative Philosophy,MERGED,B,1910,132.0,12548
BF,Psychology,ABSENT,B,1910,34.0,131061
BH,Aesthetics,MERGED,B,1910,172.0,4066
BJ,Ethics,MERGED,B,1910,40.0,107291
BL,Religion / Mythology,MERGED,B,1910,43.0,91204
BM,Judaism,MERGED,B,1910,29.0,162286
BP,Islam,MERGED,B,1910,136.0,11856
BR,Christianity,MERGED,B,1910,22.0,247171
BS,Bible,MERGED,B,1910,18.0,292455
BT,Doctrinal Theology,MERGED,B,1910,24.0,205906
BV,Practical Theology,MERGED,B,1910,14.0,339726
BX,Christian Denominations,MERGED,B,1910,4.0,874089
CB,History of Civilization,ABSENT,C,1910,155.0,8445
CC,Archaeology,ABSENT,C,1910,188.0,1476
CD,Diplomatics / Archives,ABSENT,C,1910,144.0,9847
CE,Chronology,ABSENT,C,1910,138.0,11191
CJ,Numismatics,ABSENT,C,1910,104.0,23224
CN,Inscriptions / Epigraphy,ABSENT,C,1910,171.0,4219
CR,Heraldry,ABSENT,C,1910,101.0,26237
CS,Genealogy,ABSENT,C,1910,62.0,64395
CT,Biography (General),ABSENT,C,1910,70.0,58076
D,History (General),MERGED,D,1910,30.0,152116
DA,British History,MERGED,D,1910,11.0,458221
DAW,Central Europe,ABSENT,D,1910,,0
DB,Austria / Bohemia,ABSENT,D,1910,91.0,32126
DC,French History,MERGED,D,1910,19.0,291444
DD,German History,MERGED,D,1910,61.0,66424
DE,Greco-Roman World,MERGED,D,1910,152.0,8829
DF,Greek History,MERGED,D,1910,90.0,32516
DG,Italian History / Rome,MERGED,D,1910,31.0,147915
DH,Low Countries History,ABSENT,D,1910,97.0,28531
DJ,Netherlands,ABSENT,D,1910,123.0,16828
DJK,Eastern Europe (General),ABSENT,D,1910,189.0,1290
DK,Russia / Former Soviet States,ABSENT,D,1910,46.0,86355
DL,Scandinavian History,ABSENT,D,1910,87.0,35726
DP,Iberian History,ABSENT,D,1910,56.0,75214
DQ,Switzerland,ABSENT,D,1910,126.0,14789
DR,Balkan History,ABSENT,D,1910,99.0,27799
DS,Asian History,ABSENT,D,1910,15.0,307776
DT,African History,ABSENT,D,1910,60.0,66591
DU,Oceania,ABSENT,D,1910,112.0,21139
DX,Romani People,ABSENT,D,1910,183.0,2019
E18,African American History (E185),ABSENT,E,1910,98.0,28043
E99,Native Americans (E99),ABSENT,E,1910,131.0,12652
G,Geography (General),MERGED,G,1910,28.0,163547
GA,Mathematical Geography,MERGED,G,1910,130.0,13712
GB,Physical Geography,MERGED,G,1910,153.0,8793
GC,Oceanography,ABSENT,G,1910,178.0,2784
GE,Environmental Sciences,ABSENT,G,1910,198.0,88
GF,Human Ecology,ABSENT,G,1910,193.0,604
GN,Anthropology,ABSENT,G,1910,115.0,18378
GR,Folklore,ABSENT,G,1910,159.0,7454
GT,Manners & Customs,ABSENT,G,1910,94.0,31852
GV,Recreation / Leisure,ABSENT,G,1910,41.0,94154
HA,Statistics,ABSENT,H,1910,133.0,12304
HB,Economic Theory,ABSENT,H,1910,75.0,42983
HC,Economic History,ABSENT,H,1910,96.0,28544
HD,Land / Agriculture Economics,ABSENT,H,1910,59.0,68193
HE,Transportation / Communications,ABSENT,H,1910,57.0,72863
HF,Commerce,MERGED,H,1910,44.0,90952
HG,Finance,ABSENT,H,1910,55.0,76656
HJ,Public Finance,MERGED,H,1910,64.0,62691
HM,Sociology,ABSENT,H,1910,170.0,4465
HN,Social History,ABSENT,H,1910,149.0,9311
HQ,Family / Gender / Sexuality,ABSENT,H,1910,72.0,48014
HS,Societies / Clubs,ABSENT,H,1910,106.0,22700
HT,Communities / Classes / Race,ABSENT,H,1910,114.0,18867
HV,Social Pathology / Criminology,ABSENT,H,1910,47.0,86196
HX,Socialism / Communism,ABSENT,H,1910,134.0,12187
JC,Political Theory,MERGED,J,1910,48.0,84810
JK,US Political Institutions,MERGED,J,1910,49.0,84001
JL,Canadian / Latin American Politics,MERGED,J,1910,161.0,7150
JN,European Politics,ABSENT,J,1910,53.0,77513
JQ,Asian / African Politics,ABSENT,J,1910,116.0,18265
JS,Local Government,ABSENT,J,1910,113.0,19724
JV,Colonies / Colonialism,ABSENT,J,1910,154.0,8637
JX,International Law (old),ABSENT,J,1910,69.0,58534
JZ,International Relations,ABSENT,J,1910,181.0,2176
K,Law (General),MERGED,K,1910,12.0,418853
KB,Religious Law,MERGED,K,1910,21.0,284579
KD,UK Law,MERGED,K,1910,6.0,673952
KE,Canadian Law,ABSENT,K,1910,169.0,4724
KF,US Law,MERGED,K,1910,16.0,301425
KG,Latin American Law,ABSENT,K,1910,103.0,23782
KH,South American Law,ABSENT,K,1910,143.0,9849
KJ,European Law,MERGED,K,1910,3.0,904641
KL,Asian / African Law,ABSENT,K,1910,127.0,14169
KZ,International Law,ABSENT,K,1910,78.0,40815
LA,History of Education,ABSENT,L,1910,13.0,381490
LB,Theory / Practice of Education,ABSENT,L,1910,84.0,38891
LC,Social Aspects of Education,ABSENT,L,1910,110.0,21414
LD,US Universities,ABSENT,L,1910,89.0,32580
LE,American Universities (other),ABSENT,L,1910,148.0,9317
LF,European Universities,ABSENT,L,1910,121.0,17211
LG,Asian / African Universities,ABSENT,L,1910,195.0,425
LH,College Publications,ABSENT,L,1910,197.0,146
LJ,Student Fraternities,ABSENT,L,1910,190.0,1246
M,Music Scores,DIRECT,M,1910,10.0,464190
ML,Literature on Music,DIRECT,M,1910,1.0,1342242
MT,Musical Instruction,DIRECT,M,1910,77.0,40969
N,Visual Arts (General),MERGED,N,1910,58.0,70453
NB,Sculpture,MERGED,N,1910,137.0,11730
NC,Drawing / Design,MERGED,N,1910,88.0,35374
ND,Painting,MERGED,N,1910,67.0,61495
NE,Print Media,ABSENT,N,1910,73.0,47689
NK,Decorative Arts,ABSENT,N,1910,86.0,37308
NX,Arts in General,ABSENT,N,1910,177.0,2816
P,Linguistics (General),MERGED,P,1910,7.0,534371
PA,Classical Languages & Literature,MERGED,P,1910,9.0,468723
PB,Celtic Languages,MERGED,P,1910,147.0,9434
PC,Romanic Languages,MERGED,P,1910,65.0,61781
PD,Germanic Languages (old),MERGED,P,1910,157.0,7591
PE,English Language,MERGED,P,1910,42.0,92861
PF,West Germanic Languages,MERGED,P,1910,124.0,16549
PG,Slavic Languages & Literatures,ABSENT,P,1910,52.0,82220
PH,Uralic / Basque Languages,ABSENT,P,1910,168.0,4734
PJ,Oriental Languages / Literature,ABSENT,P,1910,71.0,55054
PK,Indo-Iranian Languages,ABSENT,P,1910,82.0,40088
PL,E Asian / African / Pacific,ABSENT,P,1910,27.0,179174
PM,Indigenous American Languages,ABSENT,P,1910,119.0,17696
PN,General Literature,MERGED,P,1910,26.0,195743
PQ,French / Italian / Spanish Lit.,MERGED,P,1910,8.0,487999
PR,English Literature,MERGED,P,1910,5.0,732233
PS,American Literature,MERGED,P,1910,20.0,291110
PT,Germanic Literature,MERGED,P,1910,33.0,133500
Q,Science (General),MERGED,Q,1910,51.0,82797
QA,Mathematics,MERGED,Q,1910,25.0,196247
QB,Astronomy,MERGED,Q,1910,38.0,115290
QC,Physics,MERGED,Q,1910,39.0,108686
QD,Chemistry,MERGED,Q,1910,54.0,77467
QE,Geology / Mineralogy,MERGED,Q,1910,66.0,61770
QH,Natural History / Biology,ABSENT,Q,1910,50.0,82888
QK,Botany,MERGED,Q,1910,45.0,88211
QL,Zoology,MERGED,Q,1910,37.0,117380
QM,Human Anatomy,MERGED,Q,1910,79.0,40702
QP,Physiology,ABSENT,Q,1910,76.0,41619
QR,Microbiology,ABSENT,Q,1910,184.0,1974
R,Medicine (General),MERGED,R,1910,32.0,139118
RA,Public Health,ABSENT,R,1910,63.0,64361
RB,Pathology,ABSENT,R,1910,141.0,10819
RC,Internal Medicine,MERGED,R,1910,36.0,120449
RD,Surgery,MERGED,R,1910,93.0,31957
RE,Ophthalmology,ABSENT,R,1910,128.0,13898
RF,Otorhinolaryngology,ABSENT,R,1910,176.0,3158
RG,Gynecology / Obstetrics,ABSENT,R,1910,111.0,21168
RJ,Pediatrics,ABSENT,R,1910,163.0,7094
RK,Dentistry,ABSENT,R,1910,166.0,5321
RL,Dermatology,ABSENT,R,1910,173.0,3868
RM,Pharmacology,ABSENT,R,1910,80.0,40693
RS,Pharmacy,ABSENT,R,1910,81.0,40240
RT,Nursing,ABSENT,R,1910,192.0,678
RV,Botanic Medicine,ABSENT,R,1910,175.0,3313
RX,Homeopathy,ABSENT,R,1910,165.0,5340
RZ,Other Medical Systems,ABSENT,R,1910,185.0,1937
S,Agriculture (General),DIRECT,S,1910,74.0,45067
SB,Plant Culture,DIRECT,S,1910,68.0,60808
SD,Forestry,MERGED,S,1910,158.0,7493
SF,Animal Culture,MERGED,S,1910,83.0,39941
SH,Aquaculture / Fisheries,ABSENT,S,1910,142.0,10767
SK,Hunting / Wildlife,ABSENT,S,1910,140.0,10824
T,Technology (General),MERGED,T,1910,85.0,38166
TA,Engineering (General),MERGED,T,1910,105.0,22760
TC,Hydraulic Engineering,MERGED,T,1910,107.0,22584
TD,Environmental Technology,ABSENT,T,1910,151.0,9235
TE,Highway Engineering,MERGED,T,1910,187.0,1720
TF,Railroad Engineering,ABSENT,T,1910,145.0,9707
TG,Bridge Engineering,MERGED,T,1910,164.0,6238
TH,Building Construction,MERGED,T,1910,92.0,31993
TJ,Mechanical Engineering,MERGED,T,1910,108.0,21978
TK,Electrical Engineering,ABSENT,T,1910,146.0,9608
TL,Motor Vehicles / Aeronautics,ABSENT,T,1910,109.0,21839
TN,Mining / Metallurgy,MERGED,T,1910,95.0,30813
TP,Chemical Technology,MERGED,T,1910,100.0,26831
TR,Photography,ABSENT,T,1910,160.0,7338
TS,Manufactures,MERGED,T,1910,117.0,18134
TX,Home Economics,ABSENT,T,1910,35.0,130216
UA,Armies / Land Forces,ABSENT,U,1910,118.0,18006
UB,Military Administration,ABSENT,U,1910,129.0,13838
UC,Military Maintenance,ABSENT,U,1910,174.0,3784
UD,Infantry,ABSENT,U,1910,162.0,7132
UF,Artillery,ABSENT,U,1910,150.0,9267
UG,Military Engineering,ABSENT,U,1910,125.0,15772
UH,Military Medicine,ABSENT,U,1910,180.0,2405
VA,Navies,ABSENT,V,1910,167.0,4809
VB,Naval Administration,ABSENT,V,1910,179.0,2612
VC,Naval Maintenance,ABSENT,V,1910,194.0,586
VD,Naval Seamen,ABSENT,V,1910,199.0,75
VF,Naval Ordnance,ABSENT,V,1910,186.0,1873
VG,Naval Auxiliaries,ABSENT,V,1910,191.0,765
VK,Navigation / Seamanship,ABSENT,V,1910,102.0,25782
VM,Naval Architecture,ABSENT,V,1910,139.0,11072
Z,Books / Writing (General),DIRECT,Z,1910,17.0,292887
ZA,Information Resources,ABSENT,Z,1910,,0
AC,General Collections,RENAMED,A,1920,2.0,1217911
AE,Encyclopedias (General),RENAMED,A,1920,127.0,18504
AG,Dictionaries (General),RENAMED,A,1920,123.0,19905
AI,Indexes,ABSENT,A,1920,196.0,508
AM,Museums / Exhibitions,ABSENT,A,1920,183.0,2713
AN,Newspapers,ABSENT,A,1920,,0
AS,Academies / Societies,ABSENT,A,1920,124.0,19643
B,Philosophy (General),MERGED,B,1920,23.0,271104
BC,Logic,MERGED,B,1920,162.0,9309
BD,Speculative Philosophy,MERGED,B,1920,133.0,16937
BF,Psychology,ABSENT,B,1920,33.0,165435
BH,Aesthetics,MERGED,B,1920,171.0,5292
BJ,Ethics,MERGED,B,1920,40.0,125612
BL,Religion / Mythology,MERGED,B,1920,44.0,113635
BM,Judaism,MERGED,B,1920,30.0,184400
BP,Islam,MERGED,B,1920,135.0,16256
BR,Christianity,MERGED,B,1920,22.0,274487
BS,Bible,MERGED,B,1920,20.0,334782
BT,Doctrinal Theology,MERGED,B,1920,26.0,233942
BV,Practical Theology,MERGED,B,1920,15.0,387018
BX,Christian Denominations,MERGED,B,1920,3.0,977100
CB,History of Civilization,ABSENT,C,1920,158.0,10753
CC,Archaeology,ABSENT,C,1920,188.0,1914
CD,Diplomatics / Archives,ABSENT,C,1920,144.0,14546
CE,Chronology,ABSENT,C,1920,150.0,12449
CJ,Numismatics,ABSENT,C,1920,111.0,27692
CN,Inscriptions / Epigraphy,ABSENT,C,1920,173.0,5224
CR,Heraldry,ABSENT,C,1920,107.0,29947
CS,Genealogy,ABSENT,C,1920,58.0,93694
CT,Biography (General),ABSENT,C,1920,70.0,71612
D,History (General),MERGED,D,1920,28.0,201563
DA,British History,MERGED,D,1920,10.0,534989
DAW,Central Europe,ABSENT,D,1920,,0
DB,Austria / Bohemia,ABSENT,D,1920,92.0,41023
DC,French History,MERGED,D,1920,19.0,347241
DD,German History,MERGED,D,1920,64.0,84844
DE,Greco-Roman World,MERGED,D,1920,159.0,10387
DF,Greek History,MERGED,D,1920,94.0,39150
DG,Italian History / Rome,MERGED,D,1920,32.0,172082
DH,Low Countries History,ABSENT,D,1920,100.0,32626
DJ,Netherlands,ABSENT,D,1920,125.0,19069
DJK,Eastern Europe (General),ABSENT,D,1920,191.0,1416
DK,Russia / Former Soviet States,ABSENT,D,1920,50.0,108153
DL,Scandinavian History,ABSENT,D,1920,90.0,43556
DP,Iberian History,ABSENT,D,1920,61.0,87175
DQ,Switzerland,ABSENT,D,1920,128.0,18246
DR,Balkan History,ABSENT,D,1920,99.0,36029
DS,Asian History,ABSENT,D,1920,16.0,384715
DT,African History,ABSENT,D,1920,60.0,89756
DU,Oceania,ABSENT,D,1920,110.0,27849
DX,Romani People,ABSENT,D,1920,184.0,2649
E18,African American History (E185),ABSENT,E,1920,96.0,37003
E99,Native Americans (E99),ABSENT,E,1920,138.0,15841
G,Geography (General),MERGED,G,1920,29.0,186822
GA,Mathematical Geography,MERGED,G,1920,140.0,15556
GB,Physical Geography,MERGED,G,1920,152.0,12206
GC,Oceanography,ABSENT,G,1920,178.0,3788
GE,Environmental Sciences,ABSENT,G,1920,198.0,168
GF,Human Ecology,ABSENT,G,1920,193.0,917
GN,Anthropology,ABSENT,G,1920,112.0,27176
GR,Folklore,ABSENT,G,1920,154.0,11582
GT,Manners & Customs,ABSENT,G,1920,98.0,36108
GV,Recreation / Leisure,ABSENT,G,1920,41.0,121399
HA,Statistics,ABSENT,H,1920,129.0,17813
HB,Economic Theory,ABSENT,H,1920,74.0,59155
HC,Economic History,ABSENT,H,1920,89.0,44042
HD,Land / Agriculture Economics,ABSENT,H,1920,47.0,110920
HE,Transportation / Communications,ABSENT,H,1920,55.0,95474
HF,Commerce,MERGED,H,1920,43.0,117195
HG,Finance,ABSENT,H,1920,53.0,102248
HJ,Public Finance,MERGED,H,1920,66.0,78687
HM,Sociology,ABSENT,H,1920,167.0,7436
HN,Social History,ABSENT,H,1920,139.0,15769
HQ,Family / Gender / Sexuality,ABSENT,H,1920,72.0,62587
HS,Societies / Clubs,ABSENT,H,1920,109.0,28042
HT,Communities / Classes / Race,ABSENT,H,1920,119.0,22523
HV,Social Pathology / Criminology,ABSENT,H,1920,48.0,110424
HX,Socialism / Communism,ABSENT,H,1920,122.0,20978
JC,Political Theory,MERGED,J,1920,57.0,94455
JK,US Political Institutions,MERGED,J,1920,49.0,109519
JL,Canadian / Latin American Politics,MERGED,J,1920,160.0,10282
JN,European Politics,ABSENT,J,1920,59.0,90291
JQ,Asian / African Politics,ABSENT,J,1920,121.0,21587
JS,Local Government,ABSENT,J,1920,113.0,26737
JV,Colonies / Colonialism,ABSENT,J,1920,149.0,12827
JX,International Law (old),ABSENT,J,1920,65.0,80208
JZ,International Relations,ABSENT,J,1920,185.0,2516
K,Law (General),MERGED,K,1920,12.0,463676
KB,Religious Law,MERGED,K,1920,21.0,295040
KD,UK Law,MERGED,K,1920,7.0,726237
KE,Canadian Law,ABSENT,K,1920,169.0,6475
KF,US Law,MERGED,K,1920,18.0,371376
KG,Latin American Law,ABSENT,K,1920,103.0,31234
KH,South American Law,ABSENT,K,1920,145.0,14461
KJ,European Law,MERGED,K,1920,4.0,945569
KL,Asian / African Law,ABSENT,K,1920,136.0,16253
KZ,International Law,ABSENT,K,1920,85.0,45529
LA,History of Education,ABSENT,L,1920,13.0,436828
LB,Theory / Practice of Education,ABSENT,L,1920,73.0,59732
LC,Social Aspects of Education,ABSENT,L,1920,108.0,28976
LD,US Universities,ABSENT,L,1920,91.0,42116
LE,American Universities (other),ABSENT,L,1920,137.0,16187
LF,European Universities,ABSENT,L,1920,120.0,21964
LG,Asian / African Universities,ABSENT,L,1920,195.0,696
LH,College Publications,ABSENT,L,1920,197.0,176
LJ,Student Fraternities,ABSENT,L,1920,189.0,1820
M,Music Scores,DIRECT,M,1920,8.0,605602
ML,Literature on Music,DIRECT,M,1920,1.0,1546813
MT,Musical Instruction,DIRECT,M,1920,83.0,47974
N,Visual Arts (General),MERGED,N,1920,56.0,94457
NB,Sculpture,MERGED,N,1920,134.0,16362
NC,Drawing / Design,MERGED,N,1920,88.0,44564
ND,Painting,MERGED,N,1920,63.0,85101
NE,Print Media,ABSENT,N,1920,75.0,58965
NK,Decorative Arts,ABSENT,N,1920,81.0,51958
NX,Arts in General,ABSENT,N,1920,181.0,3331
P,Linguistics (General),MERGED,P,1920,6.0,772690
PA,Classical Languages & Literature,MERGED,P,1920,11.0,515146
PB,Celtic Languages,MERGED,P,1920,151.0,12353
PC,Romanic Languages,MERGED,P,1920,69.0,78237
PD,Germanic Languages (old),MERGED,P,1920,153.0,11901
PE,English Language,MERGED,P,1920,42.0,117768
PF,West Germanic Languages,MERGED,P,1920,117.0,22877
PG,Slavic Languages & Literatures,ABSENT,P,1920,45.0,112804
PH,Uralic / Basque Languages,ABSENT,P,1920,165.0,7642
PJ,Oriental Languages / Literature,ABSENT,P,1920,71.0,71337
PK,Indo-Iranian Languages,ABSENT,P,1920,78.0,53592
PL,E Asian / African / Pacific,ABSENT,P,1920,27.0,211747
PM,Indigenous American Languages,ABSENT,P,1920,118.0,22655
PN,General Literature,MERGED,P,1920,24.0,264601
PQ,French / Italian / Spanish Lit.,MERGED,P,1920,9.0,589825
PR,English Literature,MERGED,P,1920,5.0,880822
PS,American Literature,MERGED,P,1920,14.0,404467
PT,Germanic Literature,MERGED,P,1920,31.0,183510
Q,Science (General),MERGED,Q,1920,51.0,104185
QA,Mathematics,MERGED,Q,1920,25.0,241372
QB,Astronomy,MERGED,Q,1920,39.0,135402
QC,Physics,MERGED,Q,1920,38.0,136907
QD,Chemistry,MERGED,Q,1920,52.0,103723
QE,Geology / Mineralogy,MERGED,Q,1920,62.0,86973
QH,Natural History / Biology,ABSENT,Q,1920,54.0,101182
QK,Botany,MERGED,Q,1920,46.0,111563
QL,Zoology,MERGED,Q,1920,36.0,149750
QM,Human Anatomy,MERGED,Q,1920,84.0,45946
QP,Physiology,ABSENT,Q,1920,80.0,52455
QR,Microbiology,ABSENT,Q,1920,176.0,4293
R,Medicine (General),MERGED,R,1920,35.0,154366
RA,Public Health,ABSENT,R,1920,67.0,78438
RB,Pathology,ABSENT,R,1920,148.0,13705
RC,Internal Medicine,MERGED,R,1920,37.0,145595
RD,Surgery,MERGED,R,1920,95.0,38797
RE,Ophthalmology,ABSENT,R,1920,132.0,16951
RF,Otorhinolaryngology,ABSENT,R,1920,175.0,4484
RG,Gynecology / Obstetrics,ABSENT,R,1920,115.0,25962
RJ,Pediatrics,ABSENT,R,1920,161.0,9673
RK,Dentistry,ABSENT,R,1920,166.0,7478
RL,Dermatology,ABSENT,R,1920,172.0,5234
RM,Pharmacology,ABSENT,R,1920,82.0,49280
RS,Pharmacy,ABSENT,R,1920,86.0,45322
RT,Nursing,ABSENT,R,1920,190.0,1444
RV,Botanic Medicine,ABSENT,R,1920,177.0,4063
RX,Homeopathy,ABSENT,R,1920,168.0,7306
RZ,Other Medical Systems,ABSENT,R,1920,180.0,3399
S,Agriculture (General),DIRECT,S,1920,76.0,58255
SB,Plant Culture,DIRECT,S,1920,68.0,78354
SD,Forestry,MERGED,S,1920,155.0,11118
SF,Animal Culture,MERGED,S,1920,79.0,52621
SH,Aquaculture / Fisheries,ABSENT,S,1920,143.0,14553
SK,Hunting / Wildlife,ABSENT,S,1920,141.0,14986
T,Technology (General),MERGED,T,1920,77.0,53916
TA,Engineering (General),MERGED,T,1920,104.0,31194
TC,Hydraulic Engineering,MERGED,T,1920,105.0,30332
TD,Environmental Technology,ABSENT,T,1920,147.0,14074
TE,Highway Engineering,MERGED,T,1920,186.0,2491
TF,Railroad Engineering,ABSENT,T,1920,142.0,14858
TG,Bridge Engineering,MERGED,T,1920,163.0,8798
TH,Building Construction,MERGED,T,1920,93.0,39412
TJ,Mechanical Engineering,MERGED,T,1920,101.0,32309
TK,Electrical Engineering,ABSENT,T,1920,130.0,17693
TL,Motor Vehicles / Aeronautics,ABSENT,T,1920,102.0,31673
TN,Mining / Metallurgy,MERGED,T,1920,87.0,45201
TP,Chemical Technology,MERGED,T,1920,97.0,36642
TR,Photography,ABSENT,T,1920,156.0,11114
TS,Manufactures,MERGED,T,1920,114.0,26567
TX,Home Economics,ABSENT,T,1920,34.0,155616
UA,Armies / Land Forces,ABSENT,U,1920,116.0,23658
UB,Military Administration,ABSENT,U,1920,131.0,17124
UC,Military Maintenance,ABSENT,U,1920,174.0,4974
UD,Infantry,ABSENT,U,1920,164.0,8630
UF,Artillery,ABSENT,U,1920,157.0,11098
UG,Military Engineering,ABSENT,U,1920,126.0,18714
UH,Military Medicine,ABSENT,U,1920,179.0,3462
VA,Navies,ABSENT,V,1920,170.0,6272
VB,Naval Administration,ABSENT,V,1920,182.0,3089
VC,Naval Maintenance,ABSENT,V,1920,194.0,736
VD,Naval Seamen,ABSENT,V,1920,199.0,110
VF,Naval Ordnance,ABSENT,V,1920,187.0,2262
VG,Naval Auxiliaries,ABSENT,V,1920,192.0,1092
VK,Navigation / Seamanship,ABSENT,V,1920,106.0,30168
VM,Naval Architecture,ABSENT,V,1920,146.0,14282
Z,Books / Writing (General),DIRECT,Z,1920,17.0,377532
ZA,Information Resources,ABSENT,Z,1920,,0
AC,General Collections,RENAMED,A,1930,2.0,1323601
AE,Encyclopedias (General),RENAMED,A,1930,140.0,20458
AG,Dictionaries (General),RENAMED,A,1930,131.0,22513
AI,Indexes,ABSENT,A,1930,196.0,686
AM,Museums / Exhibitions,ABSENT,A,1930,183.0,3633
AN,Newspapers,ABSENT,A,1930,,0
AS,Academies / Societies,ABSENT,A,1930,120.0,30101
B,Philosophy (General),MERGED,B,1930,22.0,316861
BC,Logic,MERGED,B,1930,165.0,11350
BD,Speculative Philosophy,MERGED,B,1930,127.0,23454
BF,Psychology,ABSENT,B,1930,31.0,212526
BH,Aesthetics,MERGED,B,1930,172.0,7089
BJ,Ethics,MERGED,B,1930,45.0,147728
BL,Religion / Mythology,MERGED,B,1930,47.0,142471
BM,Judaism,MERGED,B,1930,32.0,210381
BP,Islam,MERGED,B,1930,133.0,22036
BR,Christianity,MERGED,B,1930,23.0,308544
BS,Bible,MERGED,B,1930,20.0,386088
BT,Doctrinal Theology,MERGED,B,1930,27.0,268081
BV,Practical Theology,MERGED,B,1930,18.0,448304
BX,Christian Denominations,MERGED,B,1930,4.0,1098280
CB,History of Civilization,ABSENT,C,1930,157.0,14382
CC,Archaeology,ABSENT,C,1930,190.0,2482
CD,Diplomatics / Archives,ABSENT,C,1930,141.0,20432
CE,Chronology,ABSENT,C,1930,158.0,13921
CJ,Numismatics,ABSENT,C,1930,115.0,32971
CN,Inscriptions / Epigraphy,ABSENT,C,1930,175.0,6423
CR,Heraldry,ABSENT,C,1930,114.0,34431
CS,Genealogy,ABSENT,C,1930,54.0,129092
CT,Biography (General),ABSENT,C,1930,72.0,88543
D,History (General),MERGED,D,1930,25.0,298240
DA,British History,MERGED,D,1930,10.0,626071
DAW,Central Europe,ABSENT,D,1930,,0
DB,Austria / Bohemia,ABSENT,D,1930,88.0,53209
DC,French History,MERGED,D,1930,19.0,411457
DD,German History,MERGED,D,1930,62.0,112127
DE,Greco-Roman World,MERGED,D,1930,163.0,12119
DF,Greek History,MERGED,D,1930,98.0,47212
DG,Italian History / Rome,MERGED,D,1930,33.0,200748
DH,Low Countries History,ABSENT,D,1930,108.0,37759
DJ,Netherlands,ABSENT,D,1930,135.0,21648
DJK,Eastern Europe (General),ABSENT,D,1930,191.0,1571
DK,Russia / Former Soviet States,ABSENT,D,1930,49.0,140169
DL,Scandinavian History,ABSENT,D,1930,89.0,52835
DP,Iberian History,ABSENT,D,1930,65.0,101655
DQ,Switzerland,ABSENT,D,1930,132.0,22217
DR,Balkan History,ABSENT,D,1930,97.0,47459
DS,Asian History,ABSENT,D,1930,16.0,481988
DT,African History,ABSENT,D,1930,59.0,118575
DU,Oceania,ABSENT,D,1930,109.0,36183
DX,Romani People,ABSENT,D,1930,185.0,3386
E18,African American History (E185),ABSENT,E,1930,95.0,48892
E99,Native Americans (E99),ABSENT,E,1930,143.0,19803
G,Geography (General),MERGED,G,1930,30.0,214505
GA,Mathematical Geography,MERGED,G,1930,148.0,17918
GB,Physical Geography,MERGED,G,1930,152.0,16551
GC,Oceanography,ABSENT,G,1930,178.0,5084
GE,Environmental Sciences,ABSENT,G,1930,197.0,248
GF,Human Ecology,ABSENT,G,1930,193.0,1415
GN,Anthropology,ABSENT,G,1930,107.0,39567
GR,Folklore,ABSENT,G,1930,149.0,17419
GT,Manners & Customs,ABSENT,G,1930,102.0,41341
GV,Recreation / Leisure,ABSENT,G,1930,42.0,157842
HA,Statistics,ABSENT,H,1930,126.0,24872
HB,Economic Theory,ABSENT,H,1930,74.0,80594
HC,Economic History,ABSENT,H,1930,79.0,70807
HD,Land / Agriculture Economics,ABSENT,H,1930,36.0,180318
HE,Transportation / Communications,ABSENT,H,1930,56.0,125134
HF,Commerce,MERGED,H,1930,40.0,160339
HG,Finance,ABSENT,H,1930,52.0,137439
HJ,Public Finance,MERGED,H,1930,67.0,100950
HM,Sociology,ABSENT,H,1930,161.0,12778
HN,Social History,ABSENT,H,1930,125.0,25097
HQ,Family / Gender / Sexuality,ABSENT,H,1930,73.0,83133
HS,Societies / Clubs,ABSENT,H,1930,113.0,34911
HT,Communities / Classes / Race,ABSENT,H,1930,122.0,27766
HV,Social Pathology / Criminology,ABSENT,H,1930,46.0,142744
HX,Socialism / Communism,ABSENT,H,1930,112.0,35032
JC,Political Theory,MERGED,J,1930,63.0,106409
JK,US Political Institutions,MERGED,J,1930,48.0,141287
JL,Canadian / Latin American Politics,MERGED,J,1930,156.0,14526
JN,European Politics,ABSENT,J,1930,64.0,105754
JQ,Asian / African Politics,ABSENT,J,1930,124.0,25986
JS,Local Government,ABSENT,J,1930,111.0,35694
JV,Colonies / Colonialism,ABSENT,J,1930,147.0,18601
JX,International Law (old),ABSENT,J,1930,61.0,113483
JZ,International Relations,ABSENT,J,1930,186.0,3078
K,Law (General),MERGED,K,1930,13.0,515368
KB,Religious Law,MERGED,K,1930,24.0,305727
KD,UK Law,MERGED,K,1930,8.0,780901
KE,Canadian Law,ABSENT,K,1930,169.0,8678
KF,US Law,MERGED,K,1930,17.0,456121
KG,Latin American Law,ABSENT,K,1930,104.0,40273
KH,South American Law,ABSENT,K,1930,137.0,20820
KJ,European Law,MERGED,K,1930,6.0,987781
KL,Asian / African Law,ABSENT,K,1930,146.0,18626
KZ,International Law,ABSENT,K,1930,93.0,50820
LA,History of Education,ABSENT,L,1930,14.0,502948
LB,Theory / Practice of Education,ABSENT,L,1930,70.0,94478
LC,Social Aspects of Education,ABSENT,L,1930,105.0,40217
LD,US Universities,ABSENT,L,1930,87.0,53682
LE,American Universities (other),ABSENT,L,1930,128.0,23279
LF,European Universities,ABSENT,L,1930,123.0,27514
LG,Asian / African Universities,ABSENT,L,1930,194.0,1088
LH,College Publications,ABSENT,L,1930,198.0,213
LJ,Student Fraternities,ABSENT,L,1930,189.0,2672
M,Music Scores,DIRECT,M,1930,7.0,787251
ML,Literature on Music,DIRECT,M,1930,1.0,1791578
MT,Musical Instruction,DIRECT,M,1930,85.0,58170
N,Visual Arts (General),MERGED,N,1930,55.0,125198
NB,Sculpture,MERGED,N,1930,129.0,22944
NC,Drawing / Design,MERGED,N,1930,86.0,56721
ND,Painting,MERGED,N,1930,60.0,116321
NE,Print Media,ABSENT,N,1930,77.0,73293
NK,Decorative Arts,ABSENT,N,1930,78.0,72533
NX,Arts in General,ABSENT,N,1930,181.0,3917
P,Linguistics (General),MERGED,P,1930,3.0,1100367
PA,Classical Languages & Literature,MERGED,P,1930,11.0,569188
PB,Celtic Languages,MERGED,P,1930,155.0,16033
PC,Romanic Languages,MERGED,P,1930,68.0,100846
PD,Germanic Languages (old),MERGED,P,1930,151.0,17270
PE,English Language,MERGED,P,1930,44.0,148777
PF,West Germanic Languages,MERGED,P,1930,118.0,30598
PG,Slavic Languages & Literatures,ABSENT,P,1930,43.0,153519
PH,Uralic / Basque Languages,ABSENT,P,1930,164.0,11426
PJ,Oriental Languages / Literature,ABSENT,P,1930,71.0,93814
PK,Indo-Iranian Languages,ABSENT,P,1930,80.0,70349
PL,E Asian / African / Pacific,ABSENT,P,1930,29.0,249613
PM,Indigenous American Languages,ABSENT,P,1930,121.0,28247
PN,General Literature,MERGED,P,1930,21.0,358443
PQ,French / Italian / Spanish Lit.,MERGED,P,1930,9.0,738197
PR,English Literature,MERGED,P,1930,5.0,1068378
PS,American Literature,MERGED,P,1930,12.0,564388
PT,Germanic Literature,MERGED,P,1930,28.0,254612
Q,Science (General),MERGED,Q,1930,53.0,132263
QA,Mathematics,MERGED,Q,1930,26.0,295460
QB,Astronomy,MERGED,Q,1930,41.0,159003
QC,Physics,MERGED,Q,1930,38.0,176158
QD,Chemistry,MERGED,Q,1930,51.0,138404
QE,Geology / Mineralogy,MERGED,Q,1930,58.0,121047
QH,Natural History / Biology,ABSENT,Q,1930,57.0,125070
QK,Botany,MERGED,Q,1930,50.0,140070
QL,Zoology,MERGED,Q,1930,34.0,189564
QM,Human Anatomy,MERGED,Q,1930,90.0,52088
QP,Physiology,ABSENT,Q,1930,83.0,67678
QR,Microbiology,ABSENT,Q,1930,170.0,8068
R,Medicine (General),MERGED,R,1930,39.0,172060
RA,Public Health,ABSENT,R,1930,69.0,97088
RB,Pathology,ABSENT,R,1930,150.0,17372
RC,Internal Medicine,MERGED,R,1930,37.0,178300
RD,Surgery,MERGED,R,1930,96.0,47485
RE,Ophthalmology,ABSENT,R,1930,138.0,20689
RF,Otorhinolaryngology,ABSENT,R,1930,176.0,6136
RG,Gynecology / Obstetrics,ABSENT,R,1930,116.0,31794
RJ,Pediatrics,ABSENT,R,1930,159.0,13693
RK,Dentistry,ABSENT,R,1930,166.0,10531
RL,Dermatology,ABSENT,R,1930,173.0,7040
RM,Pharmacology,ABSENT,R,1930,84.0,60692
RS,Pharmacy,ABSENT,R,1930,92.0,51282
RT,Nursing,ABSENT,R,1930,187.0,2933
RV,Botanic Medicine,ABSENT,R,1930,180.0,4848
RX,Homeopathy,ABSENT,R,1930,168.0,9522
RZ,Other Medical Systems,ABSENT,R,1930,177.0,5219
S,Agriculture (General),DIRECT,S,1930,76.0,75348
SB,Plant Culture,DIRECT,S,1930,66.0,101279
SD,Forestry,MERGED,S,1930,153.0,16385
SF,Animal Culture,MERGED,S,1930,81.0,69619
SH,Aquaculture / Fisheries,ABSENT,S,1930,144.0,19597
SK,Hunting / Wildlife,ABSENT,S,1930,139.0,20537
T,Technology (General),MERGED,T,1930,75.0,76381
TA,Engineering (General),MERGED,T,1930,101.0,43116
TC,Hydraulic Engineering,MERGED,T,1930,103.0,40400
TD,Environmental Technology,ABSENT,T,1930,142.0,19955
TE,Highway Engineering,MERGED,T,1930,184.0,3629
TF,Railroad Engineering,ABSENT,T,1930,136.0,21337
TG,Bridge Engineering,MERGED,T,1930,162.0,12321
TH,Building Construction,MERGED,T,1930,94.0,49025
TJ,Mechanical Engineering,MERGED,T,1930,100.0,46728
TK,Electrical Engineering,ABSENT,T,1930,117.0,30975
TL,Motor Vehicles / Aeronautics,ABSENT,T,1930,99.0,46858
TN,Mining / Metallurgy,MERGED,T,1930,82.0,67743
TP,Chemical Technology,MERGED,T,1930,91.0,51392
TR,Photography,ABSENT,T,1930,154.0,16035
TS,Manufactures,MERGED,T,1930,106.0,39950
TX,Home Economics,ABSENT,T,1930,35.0,187760
UA,Armies / Land Forces,ABSENT,U,1930,119.0,30552
UB,Military Administration,ABSENT,U,1930,134.0,21664
UC,Military Maintenance,ABSENT,U,1930,174.0,6570
UD,Infantry,ABSENT,U,1930,167.0,10455
UF,Artillery,ABSENT,U,1930,160.0,13665
UG,Military Engineering,ABSENT,U,1930,130.0,22735
UH,Military Medicine,ABSENT,U,1930,179.0,5009
VA,Navies,ABSENT,V,1930,171.0,8034
VB,Naval Administration,ABSENT,V,1930,182.0,3648
VC,Naval Maintenance,ABSENT,V,1930,195.0,935
VD,Naval Seamen,ABSENT,V,1930,199.0,160
VF,Naval Ordnance,ABSENT,V,1930,188.0,2702
VG,Naval Auxiliaries,ABSENT,V,1930,192.0,1485
VK,Navigation / Seamanship,ABSENT,V,1930,110.0,35866
VM,Naval Architecture,ABSENT,V,1930,145.0,18953
Z,Books / Writing (General),DIRECT,Z,1930,15.0,486545
ZA,Information Resources,ABSENT,Z,1930,,0
AC,General Collections,RENAMED,A,1940,3.0,1438003
AE,Encyclopedias (General),RENAMED,A,1940,150.0,22882
AG,Dictionaries (General),RENAMED,A,1940,141.0,25874
AI,Indexes,ABSENT,A,1940,196.0,917
AM,Museums / Exhibitions,ABSENT,A,1940,183.0,5038
AN,Newspapers,ABSENT,A,1940,,0
AS,Academies / Societies,ABSENT,A,1940,112.0,45044
B,Philosophy (General),MERGED,B,1940,23.0,378648
BC,Logic,MERGED,B,1940,165.0,14231
BD,Speculative Philosophy,MERGED,B,1940,126.0,33121
BF,Psychology,ABSENT,B,1940,31.0,275237
BH,Aesthetics,MERGED,B,1940,172.0,9795
BJ,Ethics,MERGED,B,1940,52.0,174446
BL,Religion / Mythology,MERGED,B,1940,49.0,181311
BM,Judaism,MERGED,B,1940,33.0,242343
BP,Islam,MERGED,B,1940,131.0,29647
BR,Christianity,MERGED,B,1940,26.0,353606
BS,Bible,MERGED,B,1940,21.0,450284
BT,Doctrinal Theology,MERGED,B,1940,28.0,311721
BV,Practical Theology,MERGED,B,1940,18.0,528745
BX,Christian Denominations,MERGED,B,1940,5.0,1250208
CB,History of Civilization,ABSENT,C,1940,157.0,20686
CC,Archaeology,ABSENT,C,1940,189.0,3325
CD,Diplomatics / Archives,ABSENT,C,1940,135.0,27887
CE,Chronology,ABSENT,C,1940,163.0,15751
CJ,Numismatics,ABSENT,C,1940,120.0,39137
CN,Inscriptions / Epigraphy,ABSENT,C,1940,176.0,7847
CR,Heraldry,ABSENT,C,1940,117.0,39735
CS,Genealogy,ABSENT,C,1940,53.0,173644
CT,Biography (General),ABSENT,C,1940,75.0,111832
D,History (General),MERGED,D,1940,22.0,422892
DA,British History,MERGED,D,1940,11.0,737783
DAW,Central Europe,ABSENT,D,1940,,0
DB,Austria / Bohemia,ABSENT,D,1940,89.0,71113
DC,French History,MERGED,D,1940,20.0,489593
DD,German History,MERGED,D,1940,62.0,155030
DE,Greco-Roman World,MERGED,D,1940,166.0,14218
DF,Greek History,MERGED,D,1940,102.0,57424
DG,Italian History / Rome,MERGED,D,1940,35.0,237200
DH,Low Countries History,ABSENT,D,1940,113.0,43623
DJ,Netherlands,ABSENT,D,1940,146.0,24754
DJK,Eastern Europe (General),ABSENT,D,1940,193.0,1755
DK,Russia / Former Soviet States,ABSENT,D,1940,48.0,185385
DL,Scandinavian History,ABSENT,D,1940,93.0,64027
DP,Iberian History,ABSENT,D,1940,69.0,124775
DQ,Switzerland,ABSENT,D,1940,138.0,27003
DR,Balkan History,ABSENT,D,1940,94.0,62185
DS,Asian History,ABSENT,D,1940,14.0,615776
DT,African History,ABSENT,D,1940,60.0,158041
DU,Oceania,ABSENT,D,1940,111.0,47506
DX,Romani People,ABSENT,D,1940,186.0,4234
E18,African American History (E185),ABSENT,E,1940,92.0,64744
E99,Native Americans (E99),ABSENT,E,1940,145.0,25107
G,Geography (General),MERGED,G,1940,32.0,252281
GA,Mathematical Geography,MERGED,G,1940,155.0,20896
GB,Physical Geography,MERGED,G,1940,152.0,22258
GC,Oceanography,ABSENT,G,1940,178.0,6847
GE,Environmental Sciences,ABSENT,G,1940,197.0,328
GF,Human Ecology,ABSENT,G,1940,191.0,2311
GN,Anthropology,ABSENT,G,1940,101.0,58287
GR,Folklore,ABSENT,G,1940,142.0,25740
GT,Manners & Customs,ABSENT,G,1940,109.0,48493
GV,Recreation / Leisure,ABSENT,G,1940,40.0,208717
HA,Statistics,ABSENT,H,1940,125.0,34212
HB,Economic Theory,ABSENT,H,1940,74.0,112798
HC,Economic History,ABSENT,H,1940,72.0,117474
HD,Land / Agriculture Economics,ABSENT,H,1940,30.0,291804
HE,Transportation / Communications,ABSENT,H,1940,57.0,164600
HF,Commerce,MERGED,H,1940,38.0,227836
HG,Finance,ABSENT,H,1940,43.0,190257
HJ,Public Finance,MERGED,H,1940,65.0,131635
HM,Sociology,ABSENT,H,1940,153.0,21789
HN,Social History,ABSENT,H,1940,121.0,37859
HQ,Family / Gender / Sexuality,ABSENT,H,1940,73.0,113762
HS,Societies / Clubs,ABSENT,H,1940,114.0,43451
HT,Communities / Classes / Race,ABSENT,H,1940,122.0,34868
HV,Social Pathology / Criminology,ABSENT,H,1940,45.0,189528
HX,Socialism / Communism,ABSENT,H,1940,103.0,57267
JC,Political Theory,MERGED,J,1940,70.0,123380
JK,US Political Institutions,MERGED,J,1940,50.0,179852
JL,Canadian / Latin American Politics,MERGED,J,1940,158.0,20338
JN,European Politics,ABSENT,J,1940,67.0,125530
JQ,Asian / African Politics,ABSENT,J,1940,127.0,33114
JS,Local Government,ABSENT,J,1940,110.0,47514
JV,Colonies / Colonialism,ABSENT,J,1940,140.0,26340
JX,International Law (old),ABSENT,J,1940,58.0,162876
JZ,International Relations,ABSENT,J,1940,188.0,3776
K,Law (General),MERGED,K,1940,16.0,580384
KB,Religious Law,MERGED,K,1940,27.0,316888
KD,UK Law,MERGED,K,1940,9.0,840363
KE,Canadian Law,ABSENT,K,1940,170.0,11285
KF,US Law,MERGED,K,1940,17.0,567172
KG,Latin American Law,ABSENT,K,1940,107.0,52612
KH,South American Law,ABSENT,K,1940,130.0,29847
KJ,European Law,MERGED,K,1940,6.0,1032898
KL,Asian / African Law,ABSENT,K,1940,154.0,21559
KZ,International Law,ABSENT,K,1940,104.0,57061
LA,History of Education,ABSENT,L,1940,15.0,587866
LB,Theory / Practice of Education,ABSENT,L,1940,63.0,152094
LC,Social Aspects of Education,ABSENT,L,1940,105.0,56777
LD,US Universities,ABSENT,L,1940,90.0,67726
LE,American Universities (other),ABSENT,L,1940,129.0,30673
LF,European Universities,ABSENT,L,1940,124.0,34452
LG,Asian / African Universities,ABSENT,L,1940,194.0,1703
LH,College Publications,ABSENT,L,1940,198.0,253
LJ,Student Fraternities,ABSENT,L,1940,187.0,3901
M,Music Scores,DIRECT,M,1940,7.0,1027045
ML,Literature on Music,DIRECT,M,1940,1.0,2124867
MT,Musical Instruction,DIRECT,M,1940,85.0,73764
N,Visual Arts (General),MERGED,N,1940,55.0,167970
NB,Sculpture,MERGED,N,1940,128.0,32442
NC,Drawing / Design,MERGED,N,1940,86.0,72783
ND,Painting,MERGED,N,1940,59.0,159595
NE,Print Media,ABSENT,N,1940,82.0,91286
NK,Decorative Arts,ABSENT,N,1940,77.0,101483
NX,Arts in General,ABSENT,N,1940,184.0,4599
P,Linguistics (General),MERGED,P,1940,2.0,1563806
PA,Classical Languages & Literature,MERGED,P,1940,13.0,633000
PB,Celtic Languages,MERGED,P,1940,156.0,20870
PC,Romanic Languages,MERGED,P,1940,66.0,131259
PD,Germanic Languages (old),MERGED,P,1940,148.0,23974
PE,English Language,MERGED,P,1940,44.0,189571
PF,West Germanic Languages,MERGED,P,1940,116.0,40755
PG,Slavic Languages & Literatures,ABSENT,P,1940,41.0,206788
PH,Uralic / Basque Languages,ABSENT,P,1940,162.0,16437
PJ,Oriental Languages / Literature,ABSENT,P,1940,68.0,125158
PK,Indo-Iranian Languages,ABSENT,P,1940,81.0,91669
PL,E Asian / African / Pacific,ABSENT,P,1940,29.0,300303
PM,Indigenous American Languages,ABSENT,P,1940,123.0,34580
PN,General Literature,MERGED,P,1940,19.0,492924
PQ,French / Italian / Spanish Lit.,MERGED,P,1940,8.0,956476
PR,English Literature,MERGED,P,1940,4.0,1307907
PS,American Literature,MERGED,P,1940,10.0,785298
PT,Germanic Literature,MERGED,P,1940,25.0,360481
Q,Science (General),MERGED,Q,1940,54.0,172041
QA,Mathematics,MERGED,Q,1940,24.0,362607
QB,Astronomy,MERGED,Q,1940,46.0,187508
QC,Physics,MERGED,Q,1940,36.0,229913
QD,Chemistry,MERGED,Q,1940,47.0,185928
QE,Geology / Mineralogy,MERGED,Q,1940,56.0,167409
QH,Natural History / Biology,ABSENT,Q,1940,61.0,157771
QK,Botany,MERGED,Q,1940,51.0,175568
QL,Zoology,MERGED,Q,1940,34.0,241702
QM,Human Anatomy,MERGED,Q,1940,97.0,59834
QP,Physiology,ABSENT,Q,1940,83.0,90132
QR,Microbiology,ABSENT,Q,1940,167.0,14123
R,Medicine (General),MERGED,R,1940,42.0,195005
RA,Public Health,ABSENT,R,1940,71.0,121863
RB,Pathology,ABSENT,R,1940,151.0,22259
RC,Internal Medicine,MERGED,R,1940,39.0,222209
RD,Surgery,MERGED,R,1940,99.0,58687
RE,Ophthalmology,ABSENT,R,1940,143.0,25459
RF,Otorhinolaryngology,ABSENT,R,1940,175.0,8256
RG,Gynecology / Obstetrics,ABSENT,R,1940,119.0,39232
RJ,Pediatrics,ABSENT,R,1940,159.0,19452
RK,Dentistry,ABSENT,R,1940,164.0,14911
RL,Dermatology,ABSENT,R,1940,173.0,9567
RM,Pharmacology,ABSENT,R,1940,84.0,75783
RS,Pharmacy,ABSENT,R,1940,100.0,58581
RT,Nursing,ABSENT,R,1940,181.0,5560
RV,Botanic Medicine,ABSENT,R,1940,180.0,5656
RX,Homeopathy,ABSENT,R,1940,169.0,12004
RZ,Other Medical Systems,ABSENT,R,1940,177.0,7297
S,Agriculture (General),DIRECT,S,1940,79.0,97196
SB,Plant Culture,DIRECT,S,1940,64.0,132189
SD,Forestry,MERGED,S,1940,147.0,24148
SF,Animal Culture,MERGED,S,1940,80.0,92471
SH,Aquaculture / Fisheries,ABSENT,S,1940,137.0,27021
SK,Hunting / Wildlife,ABSENT,S,1940,133.0,28423
T,Technology (General),MERGED,T,1940,76.0,106133
TA,Engineering (General),MERGED,T,1940,96.0,60767
TC,Hydraulic Engineering,MERGED,T,1940,106.0,53140
TD,Environmental Technology,ABSENT,T,1940,136.0,27037
TE,Highway Engineering,MERGED,T,1940,182.0,5395
TF,Railroad Engineering,ABSENT,T,1940,132.0,29213
TG,Bridge Engineering,MERGED,T,1940,160.0,17150
TH,Building Construction,MERGED,T,1940,95.0,61514
TJ,Mechanical Engineering,MERGED,T,1940,91.0,65722
TK,Electrical Engineering,ABSENT,T,1940,108.0,51540
TL,Motor Vehicles / Aeronautics,ABSENT,T,1940,88.0,71799
TN,Mining / Metallurgy,MERGED,T,1940,78.0,98713
TP,Chemical Technology,MERGED,T,1940,87.0,72425
TR,Photography,ABSENT,T,1940,149.0,23475
TS,Manufactures,MERGED,T,1940,98.0,59183
TX,Home Economics,ABSENT,T,1940,37.0,228577
UA,Armies / Land Forces,ABSENT,U,1940,118.0,39346
UB,Military Administration,ABSENT,U,1940,139.0,26986
UC,Military Maintenance,ABSENT,U,1940,174.0,8301
UD,Infantry,ABSENT,U,1940,168.0,12372
UF,Artillery,ABSENT,U,1940,161.0,16547
UG,Military Engineering,ABSENT,U,1940,134.0,27934
UH,Military Medicine,ABSENT,U,1940,179.0,6780
VA,Navies,ABSENT,V,1940,171.0,10337
VB,Naval Administration,ABSENT,V,1940,185.0,4306
VC,Naval Maintenance,ABSENT,V,1940,195.0,1146
VD,Naval Seamen,ABSENT,V,1940,199.0,210
VF,Naval Ordnance,ABSENT,V,1940,190.0,3168
VG,Naval Auxiliaries,ABSENT,V,1940,192.0,1950
VK,Navigation / Seamanship,ABSENT,V,1940,115.0,43119
VM,Naval Architecture,ABSENT,V,1940,144.0,25417
Z,Books / Writing (General),DIRECT,Z,1940,12.0,636790
ZA,Information Resources,ABSENT,Z,1940,,0
AC,General Collections,RENAMED,A,1950,4.0,1555131
AE,Encyclopedias (General),RENAMED,A,1950,157.0,25730
AG,Dictionaries (General),RENAMED,A,1950,150.0,30160
AI,Indexes,ABSENT,A,1950,196.0,1227
AM,Museums / Exhibitions,ABSENT,A,1950,182.0,6796
AN,Newspapers,ABSENT,A,1950,,0
AS,Academies / Societies,ABSENT,A,1950,106.0,68299
B,Philosophy (General),MERGED,B,1950,25.0,458602
BC,Logic,MERGED,B,1950,165.0,18093
BD,Speculative Philosophy,MERGED,B,1950,122.0,46093
BF,Psychology,ABSENT,B,1950,30.0,352395
BH,Aesthetics,MERGED,B,1950,172.0,13218
BJ,Ethics,MERGED,B,1950,62.0,206530
BL,Religion / Mythology,MERGED,B,1950,48.0,229351
BM,Judaism,MERGED,B,1950,39.0,280211
BP,Islam,MERGED,B,1950,130.0,39603
BR,Christianity,MERGED,B,1950,27.0,409617
BS,Bible,MERGED,B,1950,22.0,526646
BT,Doctrinal Theology,MERGED,B,1950,28.0,365350
BV,Practical Theology,MERGED,B,1950,19.0,630193
BX,Christian Denominations,MERGED,B,1950,5.0,1438527
CB,History of Civilization,ABSENT,C,1950,149.0,30377
CC,Archaeology,ABSENT,C,1950,189.0,4441
CD,Diplomatics / Archives,ABSENT,C,1950,134.0,38495
CE,Chronology,ABSENT,C,1950,166.0,17794
CJ,Numismatics,ABSENT,C,1950,121.0,46127
CN,Inscriptions / Epigraphy,ABSENT,C,1950,178.0,9452
CR,Heraldry,ABSENT,C,1950,123.0,46020
CS,Genealogy,ABSENT,C,1950,51.0,227471
CT,Biography (General),ABSENT,C,1950,76.0,142491
D,History (General),MERGED,D,1950,20.0,612657
DA,British History,MERGED,D,1950,11.0,868798
DAW,Central Europe,ABSENT,D,1950,,0
DB,Austria / Bohemia,ABSENT,D,1950,86.0,96753
DC,French History,MERGED,D,1950,21.0,580390
DD,German History,MERGED,D,1950,60.0,215139
DE,Greco-Roman World,MERGED,D,1950,167.0,16667
DF,Greek History,MERGED,D,1950,104.0,69803
DG,Italian History / Rome,MERGED,D,1950,36.0,282247
DH,Low Countries History,ABSENT,D,1950,118.0,50903
DJ,Netherlands,ABSENT,D,1950,152.0,29171
DJK,Eastern Europe (General),ABSENT,D,1950,194.0,2022
DK,Russia / Former Soviet States,ABSENT,D,1950,45.0,245076
DL,Scandinavian History,ABSENT,D,1950,99.0,79093
DP,Iberian History,ABSENT,D,1950,69.0,160303
DQ,Switzerland,ABSENT,D,1950,145.0,33485
DR,Balkan History,ABSENT,D,1950,98.0,81346
DS,Asian History,ABSENT,D,1950,13.0,794890
DT,African History,ABSENT,D,1950,61.0,208347
DU,Oceania,ABSENT,D,1950,111.0,63273
DX,Romani People,ABSENT,D,1950,187.0,5152
E18,African American History (E185),ABSENT,E,1950,92.0,86790
E99,Native Americans (E99),ABSENT,E,1950,146.0,32217
G,Geography (General),MERGED,G,1950,35.0,297879
GA,Mathematical Geography,MERGED,G,1950,159.0,24755
GB,Physical Geography,MERGED,G,1950,151.0,29985
GC,Oceanography,ABSENT,G,1950,179.0,9136
GE,Environmental Sciences,ABSENT,G,1950,197.0,408
GF,Human Ecology,ABSENT,G,1950,190.0,3673
GN,Anthropology,ABSENT,G,1950,96.0,83521
GR,Folklore,ABSENT,G,1950,137.0,36627
GT,Manners & Customs,ABSENT,G,1950,112.0,57830
GV,Recreation / Leisure,ABSENT,G,1950,40.0,276238
HA,Statistics,ABSENT,H,1950,120.0,46183
HB,Economic Theory,ABSENT,H,1950,70.0,157467
HC,Economic History,ABSENT,H,1950,64.0,192865
HD,Land / Agriculture Economics,ABSENT,H,1950,24.0,465701
HE,Transportation / Communications,ABSENT,H,1950,59.0,217646
HF,Commerce,MERGED,H,1950,32.0,321109
HG,Finance,ABSENT,H,1950,42.0,260648
HJ,Public Finance,MERGED,H,1950,66.0,171771
HM,Sociology,ABSENT,H,1950,141.0,35315
HN,Social History,ABSENT,H,1950,113.0,56206
HQ,Family / Gender / Sexuality,ABSENT,H,1950,72.0,154705
HS,Societies / Clubs,ABSENT,H,1950,115.0,53663
HT,Communities / Classes / Race,ABSENT,H,1950,126.0,43838
HV,Social Pathology / Criminology,ABSENT,H,1950,43.0,252005
HX,Socialism / Communism,ABSENT,H,1950,93.0,86581
JC,Political Theory,MERGED,J,1950,74.0,149015
JK,US Political Institutions,MERGED,J,1950,50.0,227501
JL,Canadian / Latin American Politics,MERGED,J,1950,153.0,28960
JN,European Politics,ABSENT,J,1950,73.0,151263
JQ,Asian / African Politics,ABSENT,J,1950,127.0,43776
JS,Local Government,ABSENT,J,1950,110.0,63324
JV,Colonies / Colonialism,ABSENT,J,1950,138.0,36605
JX,International Law (old),ABSENT,J,1950,52.0,225660
JZ,International Relations,ABSENT,J,1950,188.0,4552
K,Law (General),MERGED,K,1950,18.0,660527
KB,Religious Law,MERGED,K,1950,31.0,328447
KD,UK Law,MERGED,K,1950,10.0,903927
KE,Canadian Law,ABSENT,K,1950,170.0,14421
KF,US Law,MERGED,K,1950,14.0,709170
KG,Latin American Law,ABSENT,K,1950,103.0,70135
KH,South American Law,ABSENT,K,1950,125.0,44657
KJ,European Law,MERGED,K,1950,8.0,1081098
KL,Asian / African Law,ABSENT,K,1950,158.0,24941
KZ,International Law,ABSENT,K,1950,109.0,64123
LA,History of Education,ABSENT,L,1950,16.0,695945
LB,Theory / Practice of Education,ABSENT,L,1950,47.0,230864
LC,Social Aspects of Education,ABSENT,L,1950,100.0,78926
LD,US Universities,ABSENT,L,1950,95.0,84855
LE,American Universities (other),ABSENT,L,1950,132.0,38858
LF,European Universities,ABSENT,L,1950,128.0,42551
LG,Asian / African Universities,ABSENT,L,1950,193.0,2566
LH,College Publications,ABSENT,L,1950,198.0,293
LJ,Student Fraternities,ABSENT,L,1950,184.0,5439
M,Music Scores,DIRECT,M,1950,6.0,1342714
ML,Literature on Music,DIRECT,M,1950,1.0,2581736
MT,Musical Instruction,DIRECT,M,1950,87.0,96088
N,Visual Arts (General),MERGED,N,1950,55.0,223733
NB,Sculpture,MERGED,N,1950,124.0,45202
NC,Drawing / Design,MERGED,N,1950,89.0,94400
ND,Painting,MERGED,N,1950,58.0,218999
NE,Print Media,ABSENT,N,1950,84.0,111937
NK,Decorative Arts,ABSENT,N,1950,78.0,138363
NX,Arts in General,ABSENT,N,1950,185.0,5412
P,Linguistics (General),MERGED,P,1950,2.0,2162503
PA,Classical Languages & Literature,MERGED,P,1950,15.0,705588
PB,Celtic Languages,MERGED,P,1950,156.0,26916
PC,Romanic Languages,MERGED,P,1950,67.0,171314
PD,Germanic Languages (old),MERGED,P,1950,147.0,31866
PE,English Language,MERGED,P,1950,46.0,240148
PF,West Germanic Languages,MERGED,P,1950,114.0,54122
PG,Slavic Languages & Literatures,ABSENT,P,1950,41.0,275503
PH,Uralic / Basque Languages,ABSENT,P,1950,160.0,23438
PJ,Oriental Languages / Literature,ABSENT,P,1950,68.0,166293
PK,Indo-Iranian Languages,ABSENT,P,1950,82.0,119476
PL,E Asian / African / Pacific,ABSENT,P,1950,29.0,363490
PM,Indigenous American Languages,ABSENT,P,1950,129.0,42008
PN,General Literature,MERGED,P,1950,17.0,673260
PQ,French / Italian / Spanish Lit.,MERGED,P,1950,7.0,1257622
PR,English Literature,MERGED,P,1950,3.0,1587219
PS,American Literature,MERGED,P,1950,9.0,1065188
PT,Germanic Literature,MERGED,P,1950,23.0,517204
Q,Science (General),MERGED,Q,1950,53.0,225119
QA,Mathematics,MERGED,Q,1950,26.0,444839
QB,Astronomy,MERGED,Q,1950,56.0,220276
QC,Physics,MERGED,Q,1950,34.0,298740
QD,Chemistry,MERGED,Q,1950,44.0,246159
QE,Geology / Mineralogy,MERGED,Q,1950,49.0,227549
QH,Natural History / Biology,ABSENT,Q,1950,63.0,199484
QK,Botany,MERGED,Q,1950,57.0,219659
QL,Zoology,MERGED,Q,1950,33.0,308280
QM,Human Anatomy,MERGED,Q,1950,105.0,69559
QP,Physiology,ABSENT,Q,1950,81.0,120384
QR,Microbiology,ABSENT,Q,1950,162.0,22658
R,Medicine (General),MERGED,R,1950,54.0,224139
RA,Public Health,ABSENT,R,1950,71.0,154998
RB,Pathology,ABSENT,R,1950,154.0,28488
RC,Internal Medicine,MERGED,R,1950,37.0,281327
RD,Surgery,MERGED,R,1950,102.0,73849
RE,Ophthalmology,ABSENT,R,1950,148.0,31339
RF,Otorhinolaryngology,ABSENT,R,1950,174.0,10909
RG,Gynecology / Obstetrics,ABSENT,R,1950,119.0,48445
RJ,Pediatrics,ABSENT,R,1950,155.0,27047
RK,Dentistry,ABSENT,R,1950,163.0,21159
RL,Dermatology,ABSENT,R,1950,173.0,12825
RM,Pharmacology,ABSENT,R,1950,88.0,95063
RS,Pharmacy,ABSENT,R,1950,108.0,67635
RT,Nursing,ABSENT,R,1950,176.0,10072
RV,Botanic Medicine,ABSENT,R,1950,183.0,6476
RX,Homeopathy,ABSENT,R,1950,169.0,14664
RZ,Other Medical Systems,ABSENT,R,1950,177.0,9617
S,Agriculture (General),DIRECT,S,1950,79.0,127496
SB,Plant Culture,DIRECT,S,1950,65.0,174291
SD,Forestry,MERGED,S,1950,142.0,35203
SF,Animal Culture,MERGED,S,1950,80.0,123377
SH,Aquaculture / Fisheries,ABSENT,S,1950,135.0,37487
SK,Hunting / Wildlife,ABSENT,S,1950,133.0,38695
T,Technology (General),MERGED,T,1950,75.0,145992
TA,Engineering (General),MERGED,T,1950,94.0,86351
TC,Hydraulic Engineering,MERGED,T,1950,107.0,68187
TD,Environmental Technology,ABSENT,T,1950,139.0,35949
TE,Highway Engineering,MERGED,T,1950,181.0,7938
TF,Railroad Engineering,ABSENT,T,1950,131.0,38932
TG,Bridge Engineering,MERGED,T,1950,161.0,23299
TH,Building Construction,MERGED,T,1950,101.0,78810
TJ,Mechanical Engineering,MERGED,T,1950,90.0,92162
TK,Electrical Engineering,ABSENT,T,1950,97.0,82579
TL,Motor Vehicles / Aeronautics,ABSENT,T,1950,83.0,113445
TN,Mining / Metallurgy,MERGED,T,1950,77.0,139512
TP,Chemical Technology,MERGED,T,1950,85.0,101464
TR,Photography,ABSENT,T,1950,140.0,35351
TS,Manufactures,MERGED,T,1950,91.0,87340
TX,Home Economics,ABSENT,T,1950,38.0,281027
UA,Armies / Land Forces,ABSENT,U,1950,116.0,52886
UB,Military Administration,ABSENT,U,1950,143.0,34902
UC,Military Maintenance,ABSENT,U,1950,175.0,10769
UD,Infantry,ABSENT,U,1950,168.0,14797
UF,Artillery,ABSENT,U,1950,164.0,20372
UG,Military Engineering,ABSENT,U,1950,136.0,37029
UH,Military Medicine,ABSENT,U,1950,180.0,9037
VA,Navies,ABSENT,V,1950,171.0,13648
VB,Naval Administration,ABSENT,V,1950,186.0,5199
VC,Naval Maintenance,ABSENT,V,1950,195.0,1452
VD,Naval Seamen,ABSENT,V,1950,199.0,260
VF,Naval Ordnance,ABSENT,V,1950,191.0,3671
VG,Naval Auxiliaries,ABSENT,V,1950,192.0,2700
VK,Navigation / Seamanship,ABSENT,V,1950,117.0,52535
VM,Naval Architecture,ABSENT,V,1950,144.0,34520
Z,Books / Writing (General),DIRECT,Z,1950,12.0,832040
ZA,Information Resources,ABSENT,Z,1950,200.0,6
AC,General Collections,RENAMED,A,1960,5.0,1675476
AE,Encyclopedias (General),RENAMED,A,1960,161.0,29189
AG,Dictionaries (General),RENAMED,A,1960,155.0,35329
AI,Indexes,ABSENT,A,1960,196.0,1564
AM,Museums / Exhibitions,ABSENT,A,1960,182.0,9204
AN,Newspapers,ABSENT,A,1960,,0
AS,Academies / Societies,ABSENT,A,1960,101.0,102159
B,Philosophy (General),MERGED,B,1960,25.0,562402
BC,Logic,MERGED,B,1960,165.0,23521
BD,Speculative Philosophy,MERGED,B,1960,119.0,63953
BF,Psychology,ABSENT,B,1960,28.0,450103
BH,Aesthetics,MERGED,B,1960,171.0,17511
BJ,Ethics,MERGED,B,1960,64.0,244745
BL,Religion / Mythology,MERGED,B,1960,56.0,288156
BM,Judaism,MERGED,B,1960,44.0,326816
BP,Islam,MERGED,B,1960,128.0,54104
BR,Christianity,MERGED,B,1960,27.0,478007
BS,Bible,MERGED,B,1960,24.0,618238
BT,Doctrinal Theology,MERGED,B,1960,31.0,430560
BV,Practical Theology,MERGED,B,1960,20.0,756132
BX,Christian Denominations,MERGED,B,1960,6.0,1669968
CB,History of Civilization,ABSENT,C,1960,145.0,44475
CC,Archaeology,ABSENT,C,1960,188.0,6166
CD,Diplomatics / Archives,ABSENT,C,1960,132.0,52495
CE,Chronology,ABSENT,C,1960,166.0,20075
CJ,Numismatics,ABSENT,C,1960,127.0,54320
CN,Inscriptions / Epigraphy,ABSENT,C,1960,180.0,11308
CR,Heraldry,ABSENT,C,1960,129.0,53565
CS,Genealogy,ABSENT,C,1960,54.0,292102
CT,Biography (General),ABSENT,C,1960,78.0,182194
D,History (General),MERGED,D,1960,16.0,850748
DA,British History,MERGED,D,1960,12.0,1021617
DAW,Central Europe,ABSENT,D,1960,,0
DB,Austria / Bohemia,ABSENT,D,1960,87.0,129714
DC,French History,MERGED,D,1960,23.0,684150
DD,German History,MERGED,D,1960,55.0,288455
DE,Greco-Roman World,MERGED,D,1960,167.0,19553
DF,Greek History,MERGED,D,1960,106.0,84839
DG,Italian History / Rome,MERGED,D,1960,42.0,335510
DH,Low Countries History,ABSENT,D,1960,122.0,59931
DJ,Netherlands,ABSENT,D,1960,154.0,35392
DJK,Eastern Europe (General),ABSENT,D,1960,194.0,2346
DK,Russia / Former Soviet States,ABSENT,D,1960,45.0,325080
DL,Scandinavian History,ABSENT,D,1960,100.0,102406
DP,Iberian History,ABSENT,D,1960,71.0,205206
DQ,Switzerland,ABSENT,D,1960,146.0,42137
DR,Balkan History,ABSENT,D,1960,98.0,105574
DS,Asian History,ABSENT,D,1960,11.0,1024669
DT,African History,ABSENT,D,1960,60.0,274667
DU,Oceania,ABSENT,D,1960,107.0,84554
DX,Romani People,ABSENT,D,1960,187.0,6203
E18,African American History (E185),ABSENT,E,1960,96.0,114924
E99,Native Americans (E99),ABSENT,E,1960,148.0,41373
G,Geography (General),MERGED,G,1960,37.0,354444
GA,Mathematical Geography,MERGED,G,1960,160.0,29953
GB,Physical Geography,MERGED,G,1960,147.0,41534
GC,Oceanography,ABSENT,G,1960,177.0,12481
GE,Environmental Sciences,ABSENT,G,1960,197.0,488
GF,Human Ecology,ABSENT,G,1960,190.0,5477
GN,Anthropology,ABSENT,G,1960,95.0,116283
GR,Folklore,ABSENT,G,1960,133.0,52394
GT,Manners & Customs,ABSENT,G,1960,115.0,70095
GV,Recreation / Leisure,ABSENT,G,1960,35.0,369080
HA,Statistics,ABSENT,H,1960,120.0,63028
HB,Economic Theory,ABSENT,H,1960,69.0,215673
HC,Economic History,ABSENT,H,1960,50.0,301462
HD,Land / Agriculture Economics,ABSENT,H,1960,22.0,704344
HE,Transportation / Communications,ABSENT,H,1960,57.0,286100
HF,Commerce,MERGED,H,1960,30.0,445446
HG,Finance,ABSENT,H,1960,38.0,348545
HJ,Public Finance,MERGED,H,1960,68.0,221227
HM,Sociology,ABSENT,H,1960,126.0,54834
HN,Social History,ABSENT,H,1960,109.0,82242
HQ,Family / Gender / Sexuality,ABSENT,H,1960,70.0,208548
HS,Societies / Clubs,ABSENT,H,1960,117.0,65827
HT,Communities / Classes / Race,ABSENT,H,1960,125.0,55457
HV,Social Pathology / Criminology,ABSENT,H,1960,43.0,332970
HX,Socialism / Communism,ABSENT,H,1960,91.0,125458
JC,Political Theory,MERGED,J,1960,77.0,182287
JK,US Political Institutions,MERGED,J,1960,58.0,285721
JL,Canadian / Latin American Politics,MERGED,J,1960,150.0,40054
JN,European Politics,ABSENT,J,1960,76.0,185926
JQ,Asian / African Politics,ABSENT,J,1960,123.0,59930
JS,Local Government,ABSENT,J,1960,108.0,83588
JV,Colonies / Colonialism,ABSENT,J,1960,139.0,49397
JX,International Law (old),ABSENT,J,1960,48.0,305522
JZ,International Relations,ABSENT,J,1960,189.0,5494
K,Law (General),MERGED,K,1960,19.0,768299
KB,Religious Law,MERGED,K,1960,40.0,340544
KD,UK Law,MERGED,K,1960,13.0,972706
KE,Canadian Law,ABSENT,K,1960,168.0,18392
KF,US Law,MERGED,K,1960,15.0,899599
KG,Latin American Law,ABSENT,K,1960,103.0,94455
KH,South American Law,ABSENT,K,1960,116.0,69147
KJ,European Law,MERGED,K,1960,9.0,1134281
KL,Asian / African Law,ABSENT,K,1960,163.0,28916
KZ,International Law,ABSENT,K,1960,112.0,72383
LA,History of Education,ABSENT,L,1960,17.0,842382
LB,Theory / Practice of Education,ABSENT,L,1960,41.0,337143
LC,Social Aspects of Education,ABSENT,L,1960,97.0,108602
LD,US Universities,ABSENT,L,1960,99.0,105324
LE,American Universities (other),ABSENT,L,1960,141.0,47986
LF,European Universities,ABSENT,L,1960,134.0,52356
LG,Asian / African Universities,ABSENT,L,1960,192.0,3933
LH,College Publications,ABSENT,L,1960,198.0,341
LJ,Student Fraternities,ABSENT,L,1960,184.0,7124
M,Music Scores,DIRECT,M,1960,4.0,1742372
ML,Literature on Music,DIRECT,M,1960,1.0,3184386
MT,Musical Instruction,DIRECT,M,1960,90.0,126350
N,Visual Arts (General),MERGED,N,1960,52.0,297297
NB,Sculpture,MERGED,N,1960,121.0,62331
NC,Drawing / Design,MERGED,N,1960,92.0,125271
ND,Painting,MERGED,N,1960,49.0,303628
NE,Print Media,ABSENT,N,1960,85.0,135855
NK,Decorative Arts,ABSENT,N,1960,75.0,187587
NX,Arts in General,ABSENT,N,1960,185.0,6397
P,Linguistics (General),MERGED,P,1960,2.0,2945887
PA,Classical Languages & Literature,MERGED,P,1960,18.0,786822
PB,Celtic Languages,MERGED,P,1960,156.0,34507
PC,Romanic Languages,MERGED,P,1960,67.0,221349
PD,Germanic Languages (old),MERGED,P,1960,149.0,41276
PE,English Language,MERGED,P,1960,51.0,300229
PF,West Germanic Languages,MERGED,P,1960,114.0,70411
PG,Slavic Languages & Literatures,ABSENT,P,1960,34.0,382186
PH,Uralic / Basque Languages,ABSENT,P,1960,158.0,33033
PJ,Oriental Languages / Literature,ABSENT,P,1960,66.0,221640
PK,Indo-Iranian Languages,ABSENT,P,1960,82.0,159855
PL,E Asian / African / Pacific,ABSENT,P,1960,29.0,445796
PM,Indigenous American Languages,ABSENT,P,1960,136.0,50794
PN,General Literature,MERGED,P,1960,14.0,908837
PQ,French / Italian / Spanish Lit.,MERGED,P,1960,7.0,1654613
PR,English Literature,MERGED,P,1960,3.0,1909255
PS,American Literature,MERGED,P,1960,8.0,1392694
PT,Germanic Literature,MERGED,P,1960,21.0,714508
Q,Science (General),MERGED,Q,1960,53.0,293568
QA,Mathematics,MERGED,Q,1960,26.0,550513
QB,Astronomy,MERGED,Q,1960,62.0,258806
QC,Physics,MERGED,Q,1960,33.0,392752
QD,Chemistry,MERGED,Q,1960,46.0,322032
QE,Geology / Mineralogy,MERGED,Q,1960,47.0,307841
QH,Natural History / Biology,ABSENT,Q,1960,63.0,254367
QK,Botany,MERGED,Q,1960,59.0,274698
QL,Zoology,MERGED,Q,1960,32.0,395459
QM,Human Anatomy,MERGED,Q,1960,110.0,81343
QP,Physiology,ABSENT,Q,1960,83.0,158282
QR,Microbiology,ABSENT,Q,1960,157.0,33773
R,Medicine (General),MERGED,R,1960,61.0,260504
RA,Public Health,ABSENT,R,1960,73.0,196652
RB,Pathology,ABSENT,R,1960,153.0,36132
RC,Internal Medicine,MERGED,R,1960,36.0,358385
RD,Surgery,MERGED,R,1960,104.0,92946
RE,Ophthalmology,ABSENT,R,1960,151.0,38259
RF,Otorhinolaryngology,ABSENT,R,1960,175.0,14125
RG,Gynecology / Obstetrics,ABSENT,R,1960,124.0,59529
RJ,Pediatrics,ABSENT,R,1960,152.0,36776
RK,Dentistry,ABSENT,R,1960,162.0,29080
RL,Dermatology,ABSENT,R,1960,174.0,16614
RM,Pharmacology,ABSENT,R,1960,94.0,117960
RS,Pharmacy,ABSENT,R,1960,111.0,78474
RT,Nursing,ABSENT,R,1960,173.0,16997
RV,Botanic Medicine,ABSENT,R,1960,183.0,7296
RX,Homeopathy,ABSENT,R,1960,172.0,17403
RZ,Other Medical Systems,ABSENT,R,1960,178.0,12339
S,Agriculture (General),DIRECT,S,1960,79.0,171171
SB,Plant Culture,DIRECT,S,1960,65.0,230229
SD,Forestry,MERGED,S,1960,138.0,50575
SF,Animal Culture,MERGED,S,1960,81.0,164620
SH,Aquaculture / Fisheries,ABSENT,S,1960,130.0,52914
SK,Hunting / Wildlife,ABSENT,S,1960,131.0,52734
T,Technology (General),MERGED,T,1960,72.0,198920
TA,Engineering (General),MERGED,T,1960,93.0,123513
TC,Hydraulic Engineering,MERGED,T,1960,105.0,86893
TD,Environmental Technology,ABSENT,T,1960,142.0,47694
TE,Highway Engineering,MERGED,T,1960,181.0,11240
TF,Railroad Engineering,ABSENT,T,1960,137.0,50596
TG,Bridge Engineering,MERGED,T,1960,159.0,31343
TH,Building Construction,MERGED,T,1960,102.0,101944
TJ,Mechanical Engineering,MERGED,T,1960,88.0,128851
TK,Electrical Engineering,ABSENT,T,1960,86.0,130921
TL,Motor Vehicles / Aeronautics,ABSENT,T,1960,80.0,171113
TN,Mining / Metallurgy,MERGED,T,1960,74.0,192358
TP,Chemical Technology,MERGED,T,1960,84.0,141479
TR,Photography,ABSENT,T,1960,135.0,52353
TS,Manufactures,MERGED,T,1960,89.0,128277
TX,Home Economics,ABSENT,T,1960,39.0,346812
UA,Armies / Land Forces,ABSENT,U,1960,113.0,70917
UB,Military Administration,ABSENT,U,1960,144.0,45333
UC,Military Maintenance,ABSENT,U,1960,176.0,13919
UD,Infantry,ABSENT,U,1960,169.0,17572
UF,Artillery,ABSENT,U,1960,164.0,25296
UG,Military Engineering,ABSENT,U,1960,140.0,48621
UH,Military Medicine,ABSENT,U,1960,179.0,11674
VA,Navies,ABSENT,V,1960,170.0,17551
VB,Naval Administration,ABSENT,V,1960,186.0,6366
VC,Naval Maintenance,ABSENT,V,1960,195.0,1894
VD,Naval Seamen,ABSENT,V,1960,199.0,327
VF,Naval Ordnance,ABSENT,V,1960,191.0,4233
VG,Naval Auxiliaries,ABSENT,V,1960,193.0,3928
VK,Navigation / Seamanship,ABSENT,V,1960,118.0,64373
VM,Naval Architecture,ABSENT,V,1960,143.0,47162
Z,Books / Writing (General),DIRECT,Z,1960,10.0,1079127
ZA,Information Resources,ABSENT,Z,1960,200.0,16
AC,General Collections,RENAMED,A,1970,7.0,1803841
AE,Encyclopedias (General),RENAMED,A,1970,163.0,33865
AG,Dictionaries (General),RENAMED,A,1970,158.0,42092
AI,Indexes,ABSENT,A,1970,196.0,2056
AM,Museums / Exhibitions,ABSENT,A,1970,182.0,13428
AN,Newspapers,ABSENT,A,1970,,0
AS,Academies / Societies,ABSENT,A,1970,97.0,153418
B,Philosophy (General),MERGED,B,1970,25.0,716359
BC,Logic,MERGED,B,1970,164.0,32118
BD,Speculative Philosophy,MERGED,B,1970,115.0,90682
BF,Psychology,ABSENT,B,1970,29.0,584741
BH,Aesthetics,MERGED,B,1970,168.0,23737
BJ,Ethics,MERGED,B,1970,68.0,294213
BL,Religion / Mythology,MERGED,B,1970,56.0,378475
BM,Judaism,MERGED,B,1970,52.0,391350
BP,Islam,MERGED,B,1970,121.0,86352
BR,Christianity,MERGED,B,1970,30.0,570458
BS,Bible,MERGED,B,1970,24.0,741613
BT,Doctrinal Theology,MERGED,B,1970,34.0,520393
BV,Practical Theology,MERGED,B,1970,21.0,925033
BX,Christian Denominations,MERGED,B,1970,6.0,1979716
CB,History of Civilization,ABSENT,C,1970,136.0,66018
CC,Archaeology,ABSENT,C,1970,183.0,9645
CD,Diplomatics / Archives,ABSENT,C,1970,131.0,72541
CE,Chronology,ABSENT,C,1970,171.0,22834
CJ,Numismatics,ABSENT,C,1970,135.0,66723
CN,Inscriptions / Epigraphy,ABSENT,C,1970,181.0,13766
CR,Heraldry,ABSENT,C,1970,143.0,63578
CS,Genealogy,ABSENT,C,1970,57.0,377831
CT,Biography (General),ABSENT,C,1970,80.0,236273
D,History (General),MERGED,D,1970,15.0,1146574
DA,British History,MERGED,D,1970,12.0,1209216
DAW,Central Europe,ABSENT,D,1970,,0
DB,Austria / Bohemia,ABSENT,D,1970,90.0,176488
DC,French History,MERGED,D,1970,23.0,808224
DD,German History,MERGED,D,1970,51.0,392130
DE,Greco-Roman World,MERGED,D,1970,169.0,23174
DF,Greek History,MERGED,D,1970,110.0,105999
DG,Italian History / Rome,MERGED,D,1970,49.0,405118
DH,Low Countries History,ABSENT,D,1970,133.0,71247
DJ,Netherlands,ABSENT,D,1970,157.0,44163
DJK,Eastern Europe (General),ABSENT,D,1970,194.0,2764
DK,Russia / Former Soviet States,ABSENT,D,1970,41.0,445007
DL,Scandinavian History,ABSENT,D,1970,101.0,134665
DP,Iberian History,ABSENT,D,1970,74.0,263360
DQ,Switzerland,ABSENT,D,1970,149.0,53613
DR,Balkan History,ABSENT,D,1970,99.0,141616
DS,Asian History,ABSENT,D,1970,10.0,1363721
DT,African History,ABSENT,D,1970,54.0,382318
DU,Oceania,ABSENT,D,1970,106.0,117727
DX,Romani People,ABSENT,D,1970,189.0,7560
E18,African American History (E185),ABSENT,E,1970,96.0,155638
E99,Native Americans (E99),ABSENT,E,1970,148.0,54618
G,Geography (General),MERGED,G,1970,45.0,430966
GA,Mathematical Geography,MERGED,G,1970,161.0,37552
GB,Physical Geography,MERGED,G,1970,142.0,64434
GC,Oceanography,ABSENT,G,1970,175.0,20162
GE,Environmental Sciences,ABSENT,G,1970,197.0,568
GF,Human Ecology,ABSENT,G,1970,187.0,7999
GN,Anthropology,ABSENT,G,1970,94.0,163811
GR,Folklore,ABSENT,G,1970,126.0,78692
GT,Manners & Customs,ABSENT,G,1970,120.0,87525
GV,Recreation / Leisure,ABSENT,G,1970,36.0,507965
HA,Statistics,ABSENT,H,1970,116.0,90430
HB,Economic Theory,ABSENT,H,1970,67.0,301476
HC,Economic History,ABSENT,H,1970,37.0,492713
HD,Land / Agriculture Economics,ABSENT,H,1970,16.0,1091183
HE,Transportation / Communications,ABSENT,H,1970,53.0,383297
HF,Commerce,MERGED,H,1970,27.0,628270
HG,Finance,ABSENT,H,1970,38.0,472356
HJ,Public Finance,MERGED,H,1970,71.0,285797
HM,Sociology,ABSENT,H,1970,118.0,89385
HN,Social History,ABSENT,H,1970,103.0,129696
HQ,Family / Gender / Sexuality,ABSENT,H,1970,69.0,291974
HS,Societies / Clubs,ABSENT,H,1970,123.0,80881
HT,Communities / Classes / Race,ABSENT,H,1970,124.0,80360
HV,Social Pathology / Criminology,ABSENT,H,1970,40.0,455850
HX,Socialism / Communism,ABSENT,H,1970,88.0,185462
JC,Political Theory,MERGED,J,1970,81.0,226340
JK,US Political Institutions,MERGED,J,1970,58.0,360948
JL,Canadian / Latin American Politics,MERGED,J,1970,147.0,55286
JN,European Politics,ABSENT,J,1970,78.0,240832
JQ,Asian / African Politics,ABSENT,J,1970,119.0,89012
JS,Local Government,ABSENT,J,1970,107.0,114261
JV,Colonies / Colonialism,ABSENT,J,1970,140.0,65533
JX,International Law (old),ABSENT,J,1970,47.0,416473
JZ,International Relations,ABSENT,J,1970,191.0,6680
K,Law (General),MERGED,K,1970,20.0,933236
KB,Religious Law,MERGED,K,1970,59.0,354004
KD,UK Law,MERGED,K,1970,18.0,1052930
KE,Canadian Law,ABSENT,K,1970,167.0,24892
KF,US Law,MERGED,K,1970,14.0,1174986
KG,Latin American Law,ABSENT,K,1970,104.0,128139
KH,South American Law,ABSENT,K,1970,109.0,112360
KJ,European Law,MERGED,K,1970,13.0,1198540
KL,Asian / African Law,ABSENT,K,1970,162.0,34095
KZ,International Law,ABSENT,K,1970,122.0,81698
LA,History of Education,ABSENT,L,1970,17.0,1078389
LB,Theory / Practice of Education,ABSENT,L,1970,35.0,508861
LC,Social Aspects of Education,ABSENT,L,1970,95.0,157978
LD,US Universities,ABSENT,L,1970,102.0,129994
LE,American Universities (other),ABSENT,L,1970,145.0,58656
LF,European Universities,ABSENT,L,1970,139.0,65573
LG,Asian / African Universities,ABSENT,L,1970,190.0,6819
LH,College Publications,ABSENT,L,1970,199.0,399
LJ,Student Fraternities,ABSENT,L,1970,184.0,9003
M,Music Scores,DIRECT,M,1970,5.0,2169265
ML,Literature on Music,DIRECT,M,1970,1.0,4058105
MT,Musical Instruction,DIRECT,M,1970,92.0,169099
N,Visual Arts (General),MERGED,N,1970,48.0,415417
NB,Sculpture,MERGED,N,1970,117.0,90058
NC,Drawing / Design,MERGED,N,1970,91.0,172031
ND,Painting,MERGED,N,1970,44.0,432448
NE,Print Media,ABSENT,N,1970,93.0,167649
NK,Decorative Arts,ABSENT,N,1970,76.0,259965
NX,Arts in General,ABSENT,N,1970,185.0,8841
P,Linguistics (General),MERGED,P,1970,2.0,4013645
PA,Classical Languages & Literature,MERGED,P,1970,22.0,887443
PB,Celtic Languages,MERGED,P,1970,156.0,44837
PC,Romanic Languages,MERGED,P,1970,70.0,290648
PD,Germanic Languages (old),MERGED,P,1970,150.0,53360
PE,English Language,MERGED,P,1970,55.0,378884
PF,West Germanic Languages,MERGED,P,1970,113.0,93059
PG,Slavic Languages & Literatures,ABSENT,P,1970,31.0,570038
PH,Uralic / Basque Languages,ABSENT,P,1970,152.0,50524
PJ,Oriental Languages / Literature,ABSENT,P,1970,66.0,308187
PK,Indo-Iranian Languages,ABSENT,P,1970,62.0,318156
PL,E Asian / African / Pacific,ABSENT,P,1970,28.0,607146
PM,Indigenous American Languages,ABSENT,P,1970,144.0,62433
PN,General Literature,MERGED,P,1970,11.0,1238482
PQ,French / Italian / Spanish Lit.,MERGED,P,1970,4.0,2236255
PR,English Literature,MERGED,P,1970,3.0,2314367
PS,American Literature,MERGED,P,1970,8.0,1782446
PT,Germanic Literature,MERGED,P,1970,19.0,982162
Q,Science (General),MERGED,Q,1970,50.0,394183
QA,Mathematics,MERGED,Q,1970,26.0,715687
QB,Astronomy,MERGED,Q,1970,63.0,311610
QC,Physics,MERGED,Q,1970,32.0,544214
QD,Chemistry,MERGED,Q,1970,46.0,430137
QE,Geology / Mineralogy,MERGED,Q,1970,43.0,434261
QH,Natural History / Biology,ABSENT,Q,1970,61.0,338348
QK,Botany,MERGED,Q,1970,60.0,349840
QL,Zoology,MERGED,Q,1970,33.0,522465
QM,Human Anatomy,MERGED,Q,1970,112.0,96967
QP,Physiology,ABSENT,Q,1970,83.0,214859
QR,Microbiology,ABSENT,Q,1970,153.0,49799
R,Medicine (General),MERGED,R,1970,64.0,311364
RA,Public Health,ABSENT,R,1970,77.0,258927
RB,Pathology,ABSENT,R,1970,155.0,46585
RC,Internal Medicine,MERGED,R,1970,39.0,472194
RD,Surgery,MERGED,R,1970,105.0,118901
RE,Ophthalmology,ABSENT,R,1970,154.0,47184
RF,Otorhinolaryngology,ABSENT,R,1970,178.0,18078
RG,Gynecology / Obstetrics,ABSENT,R,1970,130.0,74333
RJ,Pediatrics,ABSENT,R,1970,151.0,51554
RK,Dentistry,ABSENT,R,1970,160.0,40175
RL,Dermatology,ABSENT,R,1970,172.0,21221
RM,Pharmacology,ABSENT,R,1970,98.0,146682
RS,Pharmacy,ABSENT,R,1970,114.0,92084
RT,Nursing,ABSENT,R,1970,166.0,28173
RV,Botanic Medicine,ABSENT,R,1970,186.0,8131
RX,Homeopathy,ABSENT,R,1970,174.0,20292
RZ,Other Medical Systems,ABSENT,R,1970,179.0,15739
S,Agriculture (General),DIRECT,S,1970,79.0,240757
SB,Plant Culture,DIRECT,S,1970,65.0,309235
SD,Forestry,MERGED,S,1970,129.0,75118
SF,Animal Culture,MERGED,S,1970,82.0,221517
SH,Aquaculture / Fisheries,ABSENT,S,1970,128.0,77200
SK,Hunting / Wildlife,ABSENT,S,1970,132.0,72171
T,Technology (General),MERGED,T,1970,72.0,274872
TA,Engineering (General),MERGED,T,1970,86.0,187776
TC,Hydraulic Engineering,MERGED,T,1970,108.0,113889
TD,Environmental Technology,ABSENT,T,1970,134.0,69238
TE,Highway Engineering,MERGED,T,1970,176.0,18915
TF,Railroad Engineering,ABSENT,T,1970,138.0,65874
TG,Bridge Engineering,MERGED,T,1970,159.0,41523
TH,Building Construction,MERGED,T,1970,100.0,134869
TJ,Mechanical Engineering,MERGED,T,1970,89.0,182754
TK,Electrical Engineering,ABSENT,T,1970,84.0,214078
TL,Motor Vehicles / Aeronautics,ABSENT,T,1970,75.0,262282
TN,Mining / Metallurgy,MERGED,T,1970,73.0,269467
TP,Chemical Technology,MERGED,T,1970,85.0,199266
TR,Photography,ABSENT,T,1970,127.0,78482
TS,Manufactures,MERGED,T,1970,87.0,186959
TX,Home Economics,ABSENT,T,1970,42.0,436228
UA,Armies / Land Forces,ABSENT,U,1970,111.0,97429
UB,Military Administration,ABSENT,U,1970,146.0,58374
UC,Military Maintenance,ABSENT,U,1970,177.0,18839
UD,Infantry,ABSENT,U,1970,173.0,21004
UF,Artillery,ABSENT,U,1970,165.0,31932
UG,Military Engineering,ABSENT,U,1970,141.0,64924
UH,Military Medicine,ABSENT,U,1970,180.0,14945
VA,Navies,ABSENT,V,1970,170.0,23031
VB,Naval Administration,ABSENT,V,1970,188.0,7871
VC,Naval Maintenance,ABSENT,V,1970,195.0,2655
VD,Naval Seamen,ABSENT,V,1970,198.0,431
VF,Naval Ordnance,ABSENT,V,1970,193.0,4916
VG,Naval Auxiliaries,ABSENT,V,1970,192.0,6089
VK,Navigation / Seamanship,ABSENT,V,1970,125.0,79734
VM,Naval Architecture,ABSENT,V,1970,137.0,65897
Z,Books / Writing (General),DIRECT,Z,1970,9.0,1436133
ZA,Information Resources,ABSENT,Z,1970,200.0,26
AC,General Collections,RENAMED,A,1980,9.0,1948293
AE,Encyclopedias (General),RENAMED,A,1980,167.0,40806
AG,Dictionaries (General),RENAMED,A,1980,160.0,52384
AI,Indexes,ABSENT,A,1980,196.0,3071
AM,Museums / Exhibitions,ABSENT,A,1980,180.0,22458
AN,Newspapers,ABSENT,A,1980,,0
AS,Academies / Societies,ABSENT,A,1980,94.0,246473
B,Philosophy (General),MERGED,B,1980,24.0,995190
BC,Logic,MERGED,B,1980,163.0,46948
BD,Speculative Philosophy,MERGED,B,1980,119.0,135802
BF,Psychology,ABSENT,B,1980,32.0,824523
BH,Aesthetics,MERGED,B,1980,170.0,35520
BJ,Ethics,MERGED,B,1980,78.0,366310
BL,Religion / Mythology,MERGED,B,1980,54.0,541861
BM,Judaism,MERGED,B,1980,59.0,482884
BP,Islam,MERGED,B,1980,112.0,153545
BR,Christianity,MERGED,B,1980,36.0,714791
BS,Bible,MERGED,B,1980,28.0,927572
BT,Doctrinal Theology,MERGED,B,1980,41.0,660939
BV,Practical Theology,MERGED,B,1980,20.0,1173895
BX,Christian Denominations,MERGED,B,1980,6.0,2435695
CB,History of Civilization,ABSENT,C,1980,131.0,103505
CC,Archaeology,ABSENT,C,1980,184.0,17335
CD,Diplomatics / Archives,ABSENT,C,1980,129.0,104852
CE,Chronology,ABSENT,C,1980,176.0,26376
CJ,Numismatics,ABSENT,C,1980,141.0,90172
CN,Inscriptions / Epigraphy,ABSENT,C,1980,183.0,17845
CR,Heraldry,ABSENT,C,1980,148.0,78818
CS,Genealogy,ABSENT,C,1980,56.0,524872
CT,Biography (General),ABSENT,C,1980,82.0,317003
D,History (General),MERGED,D,1980,14.0,1560593
DA,British History,MERGED,D,1980,16.0,1489681
DAW,Central Europe,ABSENT,D,1980,201.0,1
DB,Austria / Bohemia,ABSENT,D,1980,92.0,255433
DC,French History,MERGED,D,1980,25.0,992259
DD,German History,MERGED,D,1980,50.0,565405
DE,Greco-Roman World,MERGED,D,1980,172.0,28659
DF,Greek History,MERGED,D,1980,118.0,142015
DG,Italian History / Rome,MERGED,D,1980,55.0,525981
DH,Low Countries History,ABSENT,D,1980,139.0,91864
DJ,Netherlands,ABSENT,D,1980,157.0,62384
DJK,Eastern Europe (General),ABSENT,D,1980,194.0,3843
DK,Russia / Former Soviet States,ABSENT,D,1980,45.0,638373
DL,Scandinavian History,ABSENT,D,1980,103.0,191832
DP,Iberian History,ABSENT,D,1980,79.0,355162
DQ,Switzerland,ABSENT,D,1980,151.0,74396
DR,Balkan History,ABSENT,D,1980,99.0,208183
DS,Asian History,ABSENT,D,1980,10.0,1924492
DT,African History,ABSENT,D,1980,49.0,573233
DU,Oceania,ABSENT,D,1980,104.0,181083
DX,Romani People,ABSENT,D,1980,188.0,9941
E18,African American History (E185),ABSENT,E,1980,97.0,230636
E99,Native Americans (E99),ABSENT,E,1980,146.0,81263
G,Geography (General),MERGED,G,1980,53.0,547308
GA,Mathematical Geography,MERGED,G,1980,161.0,50422
GB,Physical Geography,MERGED,G,1980,127.0,117631
GC,Oceanography,ABSENT,G,1980,168.0,39586
GE,Environmental Sciences,ABSENT,G,1980,197.0,675
GF,Human Ecology,ABSENT,G,1980,185.0,16334
GN,Anthropology,ABSENT,G,1980,93.0,251324
GR,Folklore,ABSENT,G,1980,121.0,131978
GT,Manners & Customs,ABSENT,G,1980,126.0,118208
GV,Recreation / Leisure,ABSENT,G,1980,34.0,768862
HA,Statistics,ABSENT,H,1980,116.0,143769
HB,Economic Theory,ABSENT,H,1980,61.0,470889
HC,Economic History,ABSENT,H,1980,30.0,895639
HD,Land / Agriculture Economics,ABSENT,H,1980,11.0,1896532
HE,Transportation / Communications,ABSENT,H,1980,51.0,558698
HF,Commerce,MERGED,H,1980,27.0,946469
HG,Finance,ABSENT,H,1980,39.0,684350
HJ,Public Finance,MERGED,H,1980,73.0,387631
HM,Sociology,ABSENT,H,1980,107.0,170678
HN,Social History,ABSENT,H,1980,95.0,245076
HQ,Family / Gender / Sexuality,ABSENT,H,1980,60.0,471979
HS,Societies / Clubs,ABSENT,H,1980,134.0,102421
HT,Communities / Classes / Race,ABSENT,H,1980,105.0,171898
HV,Social Pathology / Criminology,ABSENT,H,1980,37.0,711885
HX,Socialism / Communism,ABSENT,H,1980,85.0,308353
JC,Political Theory,MERGED,J,1980,86.0,297153
JK,US Political Institutions,MERGED,J,1980,62.0,470242
JL,Canadian / Latin American Politics,MERGED,J,1980,145.0,82956
JN,European Politics,ABSENT,J,1980,80.0,350764
JQ,Asian / African Politics,ABSENT,J,1980,113.0,146724
JS,Local Government,ABSENT,J,1980,108.0,169444
JV,Colonies / Colonialism,ABSENT,J,1980,142.0,88996
JX,International Law (old),ABSENT,J,1980,47.0,595853
JZ,International Relations,ABSENT,J,1980,192.0,8077
K,Law (General),MERGED,K,1980,19.0,1231939
KB,Religious Law,MERGED,K,1980,76.0,370694
KD,UK Law,MERGED,K,1980,21.0,1161740
KE,Canadian Law,ABSENT,K,1980,164.0,44016
KF,US Law,MERGED,K,1980,13.0,1684104
KG,Latin American Law,ABSENT,K,1980,106.0,171833
KH,South American Law,ABSENT,K,1980,102.0,195374
KJ,European Law,MERGED,K,1980,18.0,1292598
KL,Asian / African Law,ABSENT,K,1980,166.0,41535
KZ,International Law,ABSENT,K,1980,138.0,92691
LA,History of Education,ABSENT,L,1980,15.0,1543980
LB,Theory / Practice of Education,ABSENT,L,1980,31.0,847367
LC,Social Aspects of Education,ABSENT,L,1980,90.0,273854
LD,US Universities,ABSENT,L,1980,110.0,161554
LE,American Universities (other),ABSENT,L,1980,152.0,72825
LF,European Universities,ABSENT,L,1980,143.0,88062
LG,Asian / African Universities,ABSENT,L,1980,186.0,13721
LH,College Publications,ABSENT,L,1980,199.0,525
LJ,Student Fraternities,ABSENT,L,1980,187.0,11165
M,Music Scores,DIRECT,M,1980,5.0,2695055
ML,Literature on Music,DIRECT,M,1980,2.0,5356192
MT,Musical Instruction,DIRECT,M,1980,96.0,233869
N,Visual Arts (General),MERGED,N,1980,44.0,649178
NB,Sculpture,MERGED,N,1980,115.0,144487
NC,Drawing / Design,MERGED,N,1980,91.0,256406
ND,Painting,MERGED,N,1980,42.0,659890
NE,Print Media,ABSENT,N,1980,98.0,221255
NK,Decorative Arts,ABSENT,N,1980,72.0,387938
NX,Arts in General,ABSENT,N,1980,175.0,26501
P,Linguistics (General),MERGED,P,1980,1.0,5573705
PA,Classical Languages & Literature,MERGED,P,1980,22.0,1036341
PB,Celtic Languages,MERGED,P,1980,156.0,62468
PC,Romanic Languages,MERGED,P,1980,67.0,425530
PD,Germanic Languages (old),MERGED,P,1980,153.0,71672
PE,English Language,MERGED,P,1980,57.0,496451
PF,West Germanic Languages,MERGED,P,1980,120.0,133081
PG,Slavic Languages & Literatures,ABSENT,P,1980,26.0,951861
PH,Uralic / Basque Languages,ABSENT,P,1980,135.0,101549
PJ,Oriental Languages / Literature,ABSENT,P,1980,64.0,448606
PK,Indo-Iranian Languages,ABSENT,P,1980,40.0,665648
PL,E Asian / African / Pacific,ABSENT,P,1980,29.0,919989
PM,Indigenous American Languages,ABSENT,P,1980,147.0,80824
PN,General Literature,MERGED,P,1980,12.0,1787170
PQ,French / Italian / Spanish Lit.,MERGED,P,1980,3.0,3287968
PR,English Literature,MERGED,P,1980,4.0,2969716
PS,American Literature,MERGED,P,1980,7.0,2313614
PT,Germanic Literature,MERGED,P,1980,17.0,1478052
Q,Science (General),MERGED,Q,1980,52.0,552194
QA,Mathematics,MERGED,Q,1980,23.0,1017247
QB,Astronomy,MERGED,Q,1980,71.0,391369
QC,Physics,MERGED,Q,1980,33.0,798098
QD,Chemistry,MERGED,Q,1980,48.0,595820
QE,Geology / Mineralogy,MERGED,Q,1980,43.0,659671
QH,Natural History / Biology,ABSENT,Q,1980,58.0,495324
QK,Botany,MERGED,Q,1980,63.0,466735
QL,Zoology,MERGED,Q,1980,35.0,737787
QM,Human Anatomy,MERGED,Q,1980,125.0,118874
QP,Physiology,ABSENT,Q,1980,83.0,316408
QR,Microbiology,ABSENT,Q,1980,150.0,78417
R,Medicine (General),MERGED,R,1980,69.0,397167
RA,Public Health,ABSENT,R,1980,74.0,385862
RB,Pathology,ABSENT,R,1980,154.0,65785
RC,Internal Medicine,MERGED,R,1980,38.0,704373
RD,Surgery,MERGED,R,1980,109.0,166816
RE,Ophthalmology,ABSENT,R,1980,155.0,62681
RF,Otorhinolaryngology,ABSENT,R,1980,178.0,25334
RG,Gynecology / Obstetrics,ABSENT,R,1980,133.0,102463
RJ,Pediatrics,ABSENT,R,1980,144.0,87604
RK,Dentistry,ABSENT,R,1980,158.0,59275
RL,Dermatology,ABSENT,R,1980,174.0,27938
RM,Pharmacology,ABSENT,R,1980,100.0,196458
RS,Pharmacy,ABSENT,R,1980,128.0,112550
RT,Nursing,ABSENT,R,1980,162.0,50309
RV,Botanic Medicine,ABSENT,R,1980,191.0,8988
RX,Homeopathy,ABSENT,R,1980,179.0,23811
RZ,Other Medical Systems,ABSENT,R,1980,181.0,21430
S,Agriculture (General),DIRECT,S,1980,75.0,376578
SB,Plant Culture,DIRECT,S,1980,65.0,441666
SD,Forestry,MERGED,S,1980,124.0,120818
SF,Animal Culture,MERGED,S,1980,81.0,319531
SH,Aquaculture / Fisheries,ABSENT,S,1980,123.0,125278
SK,Hunting / Wildlife,ABSENT,S,1980,132.0,103315
T,Technology (General),MERGED,T,1980,68.0,421077
TA,Engineering (General),MERGED,T,1980,84.0,314796
TC,Hydraulic Engineering,MERGED,T,1980,111.0,159283
TD,Environmental Technology,ABSENT,T,1980,114.0,144560
TE,Highway Engineering,MERGED,T,1980,169.0,38506
TF,Railroad Engineering,ABSENT,T,1980,137.0,93040
TG,Bridge Engineering,MERGED,T,1980,159.0,54094
TH,Building Construction,MERGED,T,1980,101.0,196312
TJ,Mechanical Engineering,MERGED,T,1980,89.0,276571
TK,Electrical Engineering,ABSENT,T,1980,77.0,367010
TL,Motor Vehicles / Aeronautics,ABSENT,T,1980,66.0,425555
TN,Mining / Metallurgy,MERGED,T,1980,70.0,394819
TP,Chemical Technology,MERGED,T,1980,87.0,295094
TR,Photography,ABSENT,T,1980,122.0,130325
TS,Manufactures,MERGED,T,1980,88.0,287327
TX,Home Economics,ABSENT,T,1980,46.0,598938
UA,Armies / Land Forces,ABSENT,U,1980,117.0,142788
UB,Military Administration,ABSENT,U,1980,149.0,78548
UC,Military Maintenance,ABSENT,U,1980,173.0,28169
UD,Infantry,ABSENT,U,1980,177.0,25779
UF,Artillery,ABSENT,U,1980,165.0,41687
UG,Military Engineering,ABSENT,U,1980,140.0,91113
UH,Military Medicine,ABSENT,U,1980,182.0,19556
VA,Navies,ABSENT,V,1980,171.0,33026
VB,Naval Administration,ABSENT,V,1980,189.0,9873
VC,Naval Maintenance,ABSENT,V,1980,195.0,3832
VD,Naval Seamen,ABSENT,V,1980,198.0,573
VF,Naval Ordnance,ABSENT,V,1980,193.0,5823
VG,Naval Auxiliaries,ABSENT,V,1980,190.0,9719
VK,Navigation / Seamanship,ABSENT,V,1980,130.0,103824
VM,Naval Architecture,ABSENT,V,1980,136.0,98054
Z,Books / Writing (General),DIRECT,Z,1980,8.0,2067090
ZA,Information Resources,ABSENT,Z,1980,200.0,50
AC,General Collections,RENAMED,A,1990,16.0,2116582
AE,Encyclopedias (General),RENAMED,A,1990,171.0,50219
AG,Dictionaries (General),RENAMED,A,1990,167.0,68635
AI,Indexes,ABSENT,A,1990,196.0,4738
AM,Museums / Exhibitions,ABSENT,A,1990,174.0,39883
AN,Newspapers,ABSENT,A,1990,,0
AS,Academies / Societies,ABSENT,A,1990,95.0,370667
B,Philosophy (General),MERGED,B,1990,25.0,1448381
BC,Logic,MERGED,B,1990,166.0,69489
BD,Speculative Philosophy,MERGED,B,1990,120.0,204888
BF,Psychology,ABSENT,B,1990,32.0,1202965
BH,Aesthetics,MERGED,B,1990,168.0,56748
BJ,Ethics,MERGED,B,1990,83.0,471160
BL,Religion / Mythology,MERGED,B,1990,53.0,803963
BM,Judaism,MERGED,B,1990,67.0,630156
BP,Islam,MERGED,B,1990,105.0,282382
BR,Christianity,MERGED,B,1990,44.0,913871
BS,Bible,MERGED,B,1990,33.0,1194166
BT,Doctrinal Theology,MERGED,B,1990,46.0,858857
BV,Practical Theology,MERGED,B,1990,23.0,1516859
BX,Christian Denominations,MERGED,B,1990,9.0,3065913
CB,History of Civilization,ABSENT,C,1990,129.0,157519
CC,Archaeology,ABSENT,C,1990,181.0,31170
CD,Diplomatics / Archives,ABSENT,C,1990,128.0,158141
CE,Chronology,ABSENT,C,1990,180.0,31238
CJ,Numismatics,ABSENT,C,1990,142.0,124952
CN,Inscriptions / Epigraphy,ABSENT,C,1990,186.0,24467
CR,Heraldry,ABSENT,C,1990,151.0,100530
CS,Genealogy,ABSENT,C,1990,54.0,787729
CT,Biography (General),ABSENT,C,1990,89.0,435490
D,History (General),MERGED,D,1990,15.0,2128173
DA,British History,MERGED,D,1990,18.0,1838425
DAW,Central Europe,ABSENT,D,1990,201.0,58
DB,Austria / Bohemia,ABSENT,D,1990,94.0,372980
DC,French History,MERGED,D,1990,29.0,1245597
DD,German History,MERGED,D,1990,52.0,813173
DE,Greco-Roman World,MERGED,D,1990,177.0,36434
DF,Greek History,MERGED,D,1990,124.0,196314
DG,Italian History / Rome,MERGED,D,1990,58.0,708410
DH,Low Countries History,ABSENT,D,1990,145.0,120682
DJ,Netherlands,ABSENT,D,1990,155.0,90301
DJK,Eastern Europe (General),ABSENT,D,1990,193.0,8278
DK,Russia / Former Soviet States,ABSENT,D,1990,43.0,931047
DL,Scandinavian History,ABSENT,D,1990,106.0,278204
DP,Iberian History,ABSENT,D,1990,80.0,499839
DQ,Switzerland,ABSENT,D,1990,149.0,106863
DR,Balkan History,ABSENT,D,1990,99.0,325510
DS,Asian History,ABSENT,D,1990,10.0,2926041
DT,African History,ABSENT,D,1990,47.0,850609
DU,Oceania,ABSENT,D,1990,108.0,269790
DX,Romani People,ABSENT,D,1990,188.0,13836
E18,African American History (E185),ABSENT,E,1990,98.0,337614
E99,Native Americans (E99),ABSENT,E,1990,143.0,124910
G,Geography (General),MERGED,G,1990,59.0,708398
GA,Mathematical Geography,MERGED,G,1990,165.0,69608
GB,Physical Geography,MERGED,G,1990,119.0,209551
GC,Oceanography,ABSENT,G,1990,161.0,73715
GE,Environmental Sciences,ABSENT,G,1990,197.0,1242
GF,Human Ecology,ABSENT,G,1990,178.0,33651
GN,Anthropology,ABSENT,G,1990,91.0,395747
GR,Folklore,ABSENT,G,1990,116.0,225983
GT,Manners & Customs,ABSENT,G,1990,127.0,174405
GV,Recreation / Leisure,ABSENT,G,1990,31.0,1208769
HA,Statistics,ABSENT,H,1990,114.0,229182
HB,Economic Theory,ABSENT,H,1990,56.0,762173
HC,Economic History,ABSENT,H,1990,20.0,1594232
HD,Land / Agriculture Economics,ABSENT,H,1990,6.0,3388763
HE,Transportation / Communications,ABSENT,H,1990,49.0,827988
HF,Commerce,MERGED,H,1990,24.0,1469239
HG,Finance,ABSENT,H,1990,40.0,1030718
HJ,Public Finance,MERGED,H,1990,74.0,544638
HM,Sociology,ABSENT,H,1990,101.0,309808
HN,Social History,ABSENT,H,1990,85.0,454521
HQ,Family / Gender / Sexuality,ABSENT,H,1990,50.0,824439
HS,Societies / Clubs,ABSENT,H,1990,140.0,133204
HT,Communities / Classes / Race,ABSENT,H,1990,97.0,342350
HV,Social Pathology / Criminology,ABSENT,H,1990,34.0,1172504
HX,Socialism / Communism,ABSENT,H,1990,78.0,517815
JC,Political Theory,MERGED,J,1990,90.0,407211
JK,US Political Institutions,MERGED,J,1990,69.0,614402
JL,Canadian / Latin American Politics,MERGED,J,1990,139.0,133938
JN,European Politics,ABSENT,J,1990,75.0,534967
JQ,Asian / African Politics,ABSENT,J,1990,110.0,253429
JS,Local Government,ABSENT,J,1990,109.0,253438
JV,Colonies / Colonialism,ABSENT,J,1990,144.0,121798
JX,International Law (old),ABSENT,J,1990,48.0,836744
JZ,International Relations,ABSENT,J,1990,191.0,10034
K,Law (General),MERGED,K,1990,17.0,1840359
KB,Religious Law,MERGED,K,1990,92.0,394264
KD,UK Law,MERGED,K,1990,28.0,1299657
KE,Canadian Law,ABSENT,K,1990,160.0,84265
KF,US Law,MERGED,K,1990,12.0,2569434
KG,Latin American Law,ABSENT,K,1990,112.0,237190
KH,South American Law,ABSENT,K,1990,96.0,347915
KJ,European Law,MERGED,K,1990,26.0,1438012
KL,Asian / African Law,ABSENT,K,1990,170.0,52233
KZ,International Law,ABSENT,K,1990,150.0,105829
LA,History of Education,ABSENT,L,1990,13.0,2270001
LB,Theory / Practice of Education,ABSENT,L,1990,27.0,1360487
LC,Social Aspects of Education,ABSENT,L,1990,81.0,487943
LD,US Universities,ABSENT,L,1990,122.0,199440
LE,American Universities (other),ABSENT,L,1990,154.0,90584
LF,European Universities,ABSENT,L,1990,146.0,119922
LG,Asian / African Universities,ABSENT,L,1990,184.0,27167
LH,College Publications,ABSENT,L,1990,198.0,749
LJ,Student Fraternities,ABSENT,L,1990,189.0,13647
M,Music Scores,DIRECT,M,1990,5.0,3443004
ML,Literature on Music,DIRECT,M,1990,1.0,8377271
MT,Musical Instruction,DIRECT,M,1990,100.0,320941
N,Visual Arts (General),MERGED,N,1990,38.0,1060935
NB,Sculpture,MERGED,N,1990,113.0,232944
NC,Drawing / Design,MERGED,N,1990,93.0,388799
ND,Painting,MERGED,N,1990,41.0,1017613
NE,Print Media,ABSENT,N,1990,103.0,301927
NK,Decorative Arts,ABSENT,N,1990,71.0,605337
NX,Arts in General,ABSENT,N,1990,162.0,72760
P,Linguistics (General),MERGED,P,1990,2.0,7527211
PA,Classical Languages & Literature,MERGED,P,1990,30.0,1233958
PB,Celtic Languages,MERGED,P,1990,157.0,89187
PC,Romanic Languages,MERGED,P,1990,65.0,644063
PD,Germanic Languages (old),MERGED,P,1990,152.0,96412
PE,English Language,MERGED,P,1990,63.0,659876
PF,West Germanic Languages,MERGED,P,1990,125.0,192330
PG,Slavic Languages & Literatures,ABSENT,P,1990,21.0,1543742
PH,Uralic / Basque Languages,ABSENT,P,1990,123.0,197295
PJ,Oriental Languages / Literature,ABSENT,P,1990,62.0,665435
PK,Indo-Iranian Languages,ABSENT,P,1990,36.0,1162474
PL,E Asian / African / Pacific,ABSENT,P,1990,19.0,1613718
PM,Indigenous American Languages,ABSENT,P,1990,147.0,109062
PN,General Literature,MERGED,P,1990,11.0,2630314
PQ,French / Italian / Spanish Lit.,MERGED,P,1990,3.0,4746393
PR,English Literature,MERGED,P,1990,4.0,3884124
PS,American Literature,MERGED,P,1990,7.0,3088021
PT,Germanic Literature,MERGED,P,1990,14.0,2168322
Q,Science (General),MERGED,Q,1990,55.0,771005
QA,Mathematics,MERGED,Q,1990,22.0,1529045
QB,Astronomy,MERGED,Q,1990,79.0,503756
QC,Physics,MERGED,Q,1990,35.0,1165927
QD,Chemistry,MERGED,Q,1990,51.0,821616
QE,Geology / Mineralogy,MERGED,Q,1990,42.0,1007584
QH,Natural History / Biology,ABSENT,Q,1990,57.0,739203
QK,Botany,MERGED,Q,1990,66.0,634971
QL,Zoology,MERGED,Q,1990,39.0,1058104
QM,Human Anatomy,MERGED,Q,1990,132.0,147257
QP,Physiology,ABSENT,Q,1990,82.0,481036
QR,Microbiology,ABSENT,Q,1990,141.0,124995
R,Medicine (General),MERGED,R,1990,77.0,532285
RA,Public Health,ABSENT,R,1990,70.0,613130
RB,Pathology,ABSENT,R,1990,153.0,96040
RC,Internal Medicine,MERGED,R,1990,37.0,1114791
RD,Surgery,MERGED,R,1990,111.0,245241
RE,Ophthalmology,ABSENT,R,1990,159.0,86242
RF,Otorhinolaryngology,ABSENT,R,1990,176.0,37286
RG,Gynecology / Obstetrics,ABSENT,R,1990,131.0,152330
RJ,Pediatrics,ABSENT,R,1990,130.0,156792
RK,Dentistry,ABSENT,R,1990,158.0,86953
RL,Dermatology,ABSENT,R,1990,175.0,38058
RM,Pharmacology,ABSENT,R,1990,107.0,277299
RS,Pharmacy,ABSENT,R,1990,134.0,145498
RT,Nursing,ABSENT,R,1990,156.0,89755
RV,Botanic Medicine,ABSENT,R,1990,192.0,9848
RX,Homeopathy,ABSENT,R,1990,183.0,27962
RZ,Other Medical Systems,ABSENT,R,1990,182.0,29889
S,Agriculture (General),DIRECT,S,1990,73.0,581322
SB,Plant Culture,DIRECT,S,1990,64.0,644859
SD,Forestry,MERGED,S,1990,126.0,187423
SF,Animal Culture,MERGED,S,1990,84.0,466533
SH,Aquaculture / Fisheries,ABSENT,S,1990,121.0,199486
SK,Hunting / Wildlife,ABSENT,S,1990,135.0,144674
T,Technology (General),MERGED,T,1990,61.0,668474
TA,Engineering (General),MERGED,T,1990,76.0,533226
TC,Hydraulic Engineering,MERGED,T,1990,117.0,225717
TD,Environmental Technology,ABSENT,T,1990,104.0,289729
TE,Highway Engineering,MERGED,T,1990,163.0,71162
TF,Railroad Engineering,ABSENT,T,1990,136.0,143171
TG,Bridge Engineering,MERGED,T,1990,164.0,69975
TH,Building Construction,MERGED,T,1990,102.0,303121
TJ,Mechanical Engineering,MERGED,T,1990,88.0,442908
TK,Electrical Engineering,ABSENT,T,1990,68.0,625007
TL,Motor Vehicles / Aeronautics,ABSENT,T,1990,60.0,670356
TN,Mining / Metallurgy,MERGED,T,1990,72.0,597089
TP,Chemical Technology,MERGED,T,1990,86.0,447104
TR,Photography,ABSENT,T,1990,115.0,228727
TS,Manufactures,MERGED,T,1990,87.0,446597
TX,Home Economics,ABSENT,T,1990,45.0,867205
UA,Armies / Land Forces,ABSENT,U,1990,118.0,225353
UB,Military Administration,ABSENT,U,1990,148.0,108762
UC,Military Maintenance,ABSENT,U,1990,173.0,41428
UD,Infantry,ABSENT,U,1990,179.0,32071
UF,Artillery,ABSENT,U,1990,169.0,55338
UG,Military Engineering,ABSENT,U,1990,138.0,137679
UH,Military Medicine,ABSENT,U,1990,185.0,25955
VA,Navies,ABSENT,V,1990,172.0,48217
VB,Naval Administration,ABSENT,V,1990,190.0,12463
VC,Naval Maintenance,ABSENT,V,1990,195.0,5347
VD,Naval Seamen,ABSENT,V,1990,199.0,742
VF,Naval Ordnance,ABSENT,V,1990,194.0,7033
VG,Naval Auxiliaries,ABSENT,V,1990,187.0,14938
VK,Navigation / Seamanship,ABSENT,V,1990,137.0,139567
VM,Naval Architecture,ABSENT,V,1990,133.0,146809
Z,Books / Writing (General),DIRECT,Z,1990,8.0,3070570
ZA,Information Resources,ABSENT,Z,1990,200.0,108
AC,General Collections,RENAMED,A,2000,21.0,2309413
AE,Encyclopedias (General),RENAMED,A,2000,174.0,62445
AG,Dictionaries (General),RENAMED,A,2000,166.0,90153
AI,Indexes,ABSENT,A,2000,197.0,6852
AM,Museums / Exhibitions,ABSENT,A,2000,172.0,67004
AN,Newspapers,ABSENT,A,2000,202.0,2
AS,Academies / Societies,ABSENT,A,2000,99.0,510499
B,Philosophy (General),MERGED,B,2000,24.0,2116201
BC,Logic,MERGED,B,2000,164.0,100209
BD,Speculative Philosophy,MERGED,B,2000,121.0,307809
BF,Psychology,ABSENT,B,2000,30.0,1737165
BH,Aesthetics,MERGED,B,2000,168.0,89281
BJ,Ethics,MERGED,B,2000,88.0,619675
BL,Religion / Mythology,MERGED,B,2000,47.0,1200261
BM,Judaism,MERGED,B,2000,68.0,884197
BP,Islam,MERGED,B,2000,100.0,494319
BR,Christianity,MERGED,B,2000,50.0,1176880
BS,Bible,MERGED,B,2000,36.0,1573982
BT,Doctrinal Theology,MERGED,B,2000,53.0,1129713
BV,Practical Theology,MERGED,B,2000,26.0,1985948
BX,Christian Denominations,MERGED,B,2000,10.0,3902063
CB,History of Civilization,ABSENT,C,2000,130.0,229215
CC,Archaeology,ABSENT,C,2000,177.0,52478
CD,Diplomatics / Archives,ABSENT,C,2000,129.0,234735
CE,Chronology,ABSENT,C,2000,183.0,37772
CJ,Numismatics,ABSENT,C,2000,143.0,170872
CN,Inscriptions / Epigraphy,ABSENT,C,2000,184.0,34391
CR,Heraldry,ABSENT,C,2000,154.0,131119
CS,Genealogy,ABSENT,C,2000,49.0,1180254
CT,Biography (General),ABSENT,C,2000,90.0,597743
D,History (General),MERGED,D,2000,16.0,2877263
DA,British History,MERGED,D,2000,22.0,2253393
DAW,Central Europe,ABSENT,D,2000,201.0,875
DB,Austria / Bohemia,ABSENT,D,2000,95.0,531019
DC,French History,MERGED,D,2000,35.0,1579919
DD,German History,MERGED,D,2000,52.0,1148489
DE,Greco-Roman World,MERGED,D,2000,180.0,47026
DF,Greek History,MERGED,D,2000,125.0,271701
DG,Italian History / Rome,MERGED,D,2000,63.0,957181
DH,Low Countries History,ABSENT,D,2000,146.0,154805
DJ,Netherlands,ABSENT,D,2000,157.0,125478
DJK,Eastern Europe (General),ABSENT,D,2000,189.0,20412
DK,Russia / Former Soviet States,ABSENT,D,2000,44.0,1377686
DL,Scandinavian History,ABSENT,D,2000,108.0,388127
DP,Iberian History,ABSENT,D,2000,81.0,713064
DQ,Switzerland,ABSENT,D,2000,150.0,147233
DR,Balkan History,ABSENT,D,2000,98.0,512512
DS,Asian History,ABSENT,D,2000,6.0,4579608
DT,African History,ABSENT,D,2000,46.0,1222409
DU,Oceania,ABSENT,D,2000,109.0,383102
DX,Romani People,ABSENT,D,2000,190.0,20060
E18,African American History (E185),ABSENT,E,2000,101.0,493130
E99,Native Americans (E99),ABSENT,E,2000,138.0,190440
G,Geography (General),MERGED,G,2000,67.0,919705
GA,Mathematical Geography,MERGED,G,2000,165.0,95125
GB,Physical Geography,MERGED,G,2000,118.0,337389
GC,Oceanography,ABSENT,G,2000,160.0,121364
GE,Environmental Sciences,ABSENT,G,2000,188.0,21550
GF,Human Ecology,ABSENT,G,2000,173.0,63616
GN,Anthropology,ABSENT,G,2000,89.0,609954
GR,Folklore,ABSENT,G,2000,112.0,365032
GT,Manners & Customs,ABSENT,G,2000,126.0,269520
GV,Recreation / Leisure,ABSENT,G,2000,29.0,1840615
HA,Statistics,ABSENT,H,2000,116.0,342616
HB,Economic Theory,ABSENT,H,2000,51.0,1173613
HC,Economic History,ABSENT,H,2000,18.0,2638999
HD,Land / Agriculture Economics,ABSENT,H,2000,4.0,5573069
HE,Transportation / Communications,ABSENT,H,2000,48.0,1184923
HF,Commerce,MERGED,H,2000,23.0,2242590
HG,Finance,ABSENT,H,2000,37.0,1559111
HJ,Public Finance,MERGED,H,2000,79.0,760124
HM,Sociology,ABSENT,H,2000,97.0,513200
HN,Social History,ABSENT,H,2000,78.0,769704
HQ,Family / Gender / Sexuality,ABSENT,H,2000,43.0,1414961
HS,Societies / Clubs,ABSENT,H,2000,142.0,174639
HT,Communities / Classes / Race,ABSENT,H,2000,91.0,589695
HV,Social Pathology / Criminology,ABSENT,H,2000,27.0,1897208
HX,Socialism / Communism,ABSENT,H,2000,77.0,788626
JC,Political Theory,MERGED,J,2000,93.0,571955
JK,US Political Institutions,MERGED,J,2000,75.0,792875
JL,Canadian / Latin American Politics,MERGED,J,2000,132.0,213964
JN,European Politics,ABSENT,J,2000,76.0,792405
JQ,Asian / African Politics,ABSENT,J,2000,103.0,434369
JS,Local Government,ABSENT,J,2000,111.0,368268
JV,Colonies / Colonialism,ABSENT,J,2000,144.0,169929
JX,International Law (old),ABSENT,J,2000,54.0,1125494
JZ,International Relations,ABSENT,J,2000,191.0,19134
K,Law (General),MERGED,K,2000,15.0,2966066
KB,Religious Law,MERGED,K,2000,105.0,429185
KD,UK Law,MERGED,K,2000,41.0,1462047
KE,Canadian Law,ABSENT,K,2000,152.0,141140
KF,US Law,MERGED,K,2000,11.0,3864036
KG,Latin American Law,ABSENT,K,2000,117.0,340430
KH,South American Law,ABSENT,K,2000,92.0,589559
KJ,European Law,MERGED,K,2000,33.0,1672821
KL,Asian / African Law,ABSENT,K,2000,169.0,85038
KZ,International Law,ABSENT,K,2000,156.0,126917
LA,History of Education,ABSENT,L,2000,13.0,3115351
LB,Theory / Practice of Education,ABSENT,L,2000,25.0,2050312
LC,Social Aspects of Education,ABSENT,L,2000,74.0,807881
LD,US Universities,ABSENT,L,2000,128.0,245021
LE,American Universities (other),ABSENT,L,2000,163.0,112684
LF,European Universities,ABSENT,L,2000,145.0,161180
LG,Asian / African Universities,ABSENT,L,2000,179.0,48473
LH,College Publications,ABSENT,L,2000,199.0,1040
LJ,Student Fraternities,ABSENT,L,2000,192.0,16455
M,Music Scores,DIRECT,M,2000,7.0,4526251
ML,Literature on Music,DIRECT,M,2000,1.0,13229917
MT,Musical Instruction,DIRECT,M,2000,104.0,430953
N,Visual Arts (General),MERGED,N,2000,32.0,1697100
NB,Sculpture,MERGED,N,2000,113.0,359354
NC,Drawing / Design,MERGED,N,2000,94.0,566867
ND,Painting,MERGED,N,2000,38.0,1527501
NE,Print Media,ABSENT,N,2000,106.0,405941
NK,Decorative Arts,ABSENT,N,2000,65.0,928379
NX,Arts in General,ABSENT,N,2000,147.0,151372
P,Linguistics (General),MERGED,P,2000,2.0,9906942
PA,Classical Languages & Literature,MERGED,P,2000,40.0,1484328
PB,Celtic Languages,MERGED,P,2000,158.0,125106
PC,Romanic Languages,MERGED,P,2000,64.0,943118
PD,Germanic Languages (old),MERGED,P,2000,155.0,127302
PE,English Language,MERGED,P,2000,69.0,879204
PF,West Germanic Languages,MERGED,P,2000,124.0,272468
PG,Slavic Languages & Literatures,ABSENT,P,2000,19.0,2373759
PH,Uralic / Basque Languages,ABSENT,P,2000,119.0,329208
PJ,Oriental Languages / Literature,ABSENT,P,2000,61.0,976320
PK,Indo-Iranian Languages,ABSENT,P,2000,28.0,1854730
PL,E Asian / African / Pacific,ABSENT,P,2000,17.0,2777701
PM,Indigenous American Languages,ABSENT,P,2000,149.0,148972
PN,General Literature,MERGED,P,2000,12.0,3842280
PQ,French / Italian / Spanish Lit.,MERGED,P,2000,3.0,6660651
PR,English Literature,MERGED,P,2000,5.0,5092026
PS,American Literature,MERGED,P,2000,9.0,4278176
PT,Germanic Literature,MERGED,P,2000,14.0,3032831
Q,Science (General),MERGED,Q,2000,57.0,1062488
QA,Mathematics,MERGED,Q,2000,20.0,2343547
QB,Astronomy,MERGED,Q,2000,86.0,655015
QC,Physics,MERGED,Q,2000,34.0,1661412
QD,Chemistry,MERGED,Q,2000,55.0,1098603
QE,Geology / Mineralogy,MERGED,Q,2000,42.0,1461551
QH,Natural History / Biology,ABSENT,Q,2000,56.0,1073437
QK,Botany,MERGED,Q,2000,72.0,855456
QL,Zoology,MERGED,Q,2000,39.0,1491924
QM,Human Anatomy,MERGED,Q,2000,141.0,182394
QP,Physiology,ABSENT,Q,2000,82.0,710593
QR,Microbiology,ABSENT,Q,2000,139.0,190317
R,Medicine (General),MERGED,R,2000,80.0,725515
RA,Public Health,ABSENT,R,2000,62.0,970423
RB,Pathology,ABSENT,R,2000,153.0,139446
RC,Internal Medicine,MERGED,R,2000,31.0,1736531
RD,Surgery,MERGED,R,2000,114.0,359353
RE,Ophthalmology,ABSENT,R,2000,161.0,118513
RF,Otorhinolaryngology,ABSENT,R,2000,176.0,54379
RG,Gynecology / Obstetrics,ABSENT,R,2000,131.0,228251
RJ,Pediatrics,ABSENT,R,2000,127.0,266416
RK,Dentistry,ABSENT,R,2000,159.0,121764
RL,Dermatology,ABSENT,R,2000,178.0,52111
RM,Pharmacology,ABSENT,R,2000,107.0,395529
RS,Pharmacy,ABSENT,R,2000,137.0,191625
RT,Nursing,ABSENT,R,2000,151.0,146912
RV,Botanic Medicine,ABSENT,R,2000,194.0,10737
RX,Homeopathy,ABSENT,R,2000,186.0,33402
RZ,Other Medical Systems,ABSENT,R,2000,181.0,42235
S,Agriculture (General),DIRECT,S,2000,73.0,841836
SB,Plant Culture,DIRECT,S,2000,66.0,926331
SD,Forestry,MERGED,S,2000,123.0,278407
SF,Animal Culture,MERGED,S,2000,84.0,665730
SH,Aquaculture / Fisheries,ABSENT,S,2000,122.0,299684
SK,Hunting / Wildlife,ABSENT,S,2000,136.0,195387
T,Technology (General),MERGED,T,2000,58.0,1040828
TA,Engineering (General),MERGED,T,2000,70.0,860496
TC,Hydraulic Engineering,MERGED,T,2000,120.0,308470
TD,Environmental Technology,ABSENT,T,2000,96.0,520336
TE,Highway Engineering,MERGED,T,2000,162.0,114212
TF,Railroad Engineering,ABSENT,T,2000,133.0,210675
TG,Bridge Engineering,MERGED,T,2000,167.0,89692
TH,Building Construction,MERGED,T,2000,102.0,445749
TJ,Mechanical Engineering,MERGED,T,2000,83.0,666108
TK,Electrical Engineering,ABSENT,T,2000,59.0,1007007
TL,Motor Vehicles / Aeronautics,ABSENT,T,2000,60.0,999102
TN,Mining / Metallurgy,MERGED,T,2000,71.0,856941
TP,Chemical Technology,MERGED,T,2000,87.0,653224
TR,Photography,ABSENT,T,2000,110.0,377808
TS,Manufactures,MERGED,T,2000,85.0,665393
TX,Home Economics,ABSENT,T,2000,45.0,1257072
UA,Armies / Land Forces,ABSENT,U,2000,115.0,354240
UB,Military Administration,ABSENT,U,2000,148.0,150068
UC,Military Maintenance,ABSENT,U,2000,175.0,59142
UD,Infantry,ABSENT,U,2000,182.0,40232
UF,Artillery,ABSENT,U,2000,170.0,72292
UG,Military Engineering,ABSENT,U,2000,135.0,208073
UH,Military Medicine,ABSENT,U,2000,185.0,34157
VA,Navies,ABSENT,V,2000,171.0,69213
VB,Naval Administration,ABSENT,V,2000,193.0,15626
VC,Naval Maintenance,ABSENT,V,2000,196.0,7222
VD,Naval Seamen,ABSENT,V,2000,200.0,987
VF,Naval Ordnance,ABSENT,V,2000,195.0,8549
VG,Naval Auxiliaries,ABSENT,V,2000,187.0,21981
VK,Navigation / Seamanship,ABSENT,V,2000,140.0,184830
VM,Naval Architecture,ABSENT,V,2000,134.0,209588
Z,Books / Writing (General),DIRECT,Z,2000,8.0,4399296
ZA,Information Resources,ABSENT,Z,2000,198.0,1672
AC,General Collections,RENAMED,A,2011,31.0,2537998
AE,Encyclopedias (General),RENAMED,A,2011,180.0,78038
AG,Dictionaries (General),RENAMED,A,2011,168.0,118893
AI,Indexes,ABSENT,A,2011,198.0,9470
AM,Museums / Exhibitions,ABSENT,A,2011,171.0,109561
AN,Newspapers,ABSENT,A,2011,202.0,24
AS,Academies / Societies,ABSENT,A,2011,102.0,674766
B,Philosophy (General),MERGED,B,2011,22.0,3146754
BC,Logic,MERGED,B,2011,164.0,143160
BD,Speculative Philosophy,MERGED,B,2011,120.0,467304
BF,Psychology,ABSENT,B,2011,32.0,2536542
BH,Aesthetics,MERGED,B,2011,166.0,139826
BJ,Ethics,MERGED,B,2011,95.0,845232
BL,Religion / Mythology,MERGED,B,2011,45.0,1827976
BM,Judaism,MERGED,B,2011,68.0,1310718
BP,Islam,MERGED,B,2011,90.0,897629
BR,Christianity,MERGED,B,2011,56.0,1560105
BS,Bible,MERGED,B,2011,37.0,2155962
BT,Doctrinal Theology,MERGED,B,2011,57.0,1529534
BV,Practical Theology,MERGED,B,2011,29.0,2704527
BX,Christian Denominations,MERGED,B,2011,12.0,5103121
CB,History of Civilization,ABSENT,C,2011,131.0,332453
CC,Archaeology,ABSENT,C,2011,174.0,88772
CD,Diplomatics / Archives,ABSENT,C,2011,130.0,341170
CE,Chronology,ABSENT,C,2011,186.0,47253
CJ,Numismatics,ABSENT,C,2011,144.0,235068
CN,Inscriptions / Epigraphy,ABSENT,C,2011,185.0,50508
CR,Heraldry,ABSENT,C,2011,157.0,178601
CS,Genealogy,ABSENT,C,2011,48.0,1742630
CT,Biography (General),ABSENT,C,2011,93.0,848339
D,History (General),MERGED,D,2011,18.0,3967547
DA,British History,MERGED,D,2011,27.0,2803469
DAW,Central Europe,ABSENT,D,2011,199.0,3224
DB,Austria / Bohemia,ABSENT,D,2011,99.0,751090
DC,French History,MERGED,D,2011,42.0,2027465
DD,German History,MERGED,D,2011,53.0,1610086
DE,Greco-Roman World,MERGED,D,2011,182.0,62790
DF,Greek History,MERGED,D,2011,127.0,380418
DG,Italian History / Rome,MERGED,D,2011,65.0,1341550
DH,Low Countries History,ABSENT,D,2011,154.0,199326
DJ,Netherlands,ABSENT,D,2011,159.0,174383
DJK,Eastern Europe (General),ABSENT,D,2011,188.0,42140
DK,Russia / Former Soviet States,ABSENT,D,2011,38.0,2143597
DL,Scandinavian History,ABSENT,D,2011,112.0,538504
DP,Iberian History,ABSENT,D,2011,82.0,1023957
DQ,Switzerland,ABSENT,D,2011,153.0,200903
DR,Balkan History,ABSENT,D,2011,96.0,844215
DS,Asian History,ABSENT,D,2011,5.0,7281696
DT,African History,ABSENT,D,2011,47.0,1770539
DU,Oceania,ABSENT,D,2011,111.0,538674
DX,Romani People,ABSENT,D,2011,191.0,31128
E18,African American History (E185),ABSENT,E,2011,101.0,734411
E99,Native Americans (E99),ABSENT,E,2011,136.0,290999
G,Geography (General),MERGED,G,2011,71.0,1220476
GA,Mathematical Geography,MERGED,G,2011,167.0,131075
GB,Physical Geography,MERGED,G,2011,114.0,530345
GC,Oceanography,ABSENT,G,2011,155.0,188458
GE,Environmental Sciences,ABSENT,G,2011,177.0,83428
GF,Human Ecology,ABSENT,G,2011,170.0,111813
GN,Anthropology,ABSENT,G,2011,88.0,937554
GR,Folklore,ABSENT,G,2011,105.0,581108
GT,Manners & Customs,ABSENT,G,2011,123.0,438171
GV,Recreation / Leisure,ABSENT,G,2011,25.0,2845548
HA,Statistics,ABSENT,H,2011,119.0,493797
HB,Economic Theory,ABSENT,H,2011,46.0,1774180
HC,Economic History,ABSENT,H,2011,16.0,4156697
HD,Land / Agriculture Economics,ABSENT,H,2011,4.0,8695017
HE,Transportation / Communications,ABSENT,H,2011,50.0,1673912
HF,Commerce,MERGED,H,2011,21.0,3378061
HG,Finance,ABSENT,H,2011,34.0,2378148
HJ,Public Finance,MERGED,H,2011,78.0,1056603
HM,Sociology,ABSENT,H,2011,94.0,846308
HN,Social History,ABSENT,H,2011,70.0,1266902
HQ,Family / Gender / Sexuality,ABSENT,H,2011,33.0,2403039
HS,Societies / Clubs,ABSENT,H,2011,143.0,235766
HT,Communities / Classes / Race,ABSENT,H,2011,85.0,962955
HV,Social Pathology / Criminology,ABSENT,H,2011,23.0,3105313
HX,Socialism / Communism,ABSENT,H,2011,77.0,1131878
JC,Political Theory,MERGED,J,2011,97.0,844035
JK,US Political Institutions,MERGED,J,2011,79.0,1034690
JL,Canadian / Latin American Politics,MERGED,J,2011,129.0,341240
JN,European Politics,ABSENT,J,2011,74.0,1182953
JQ,Asian / African Politics,ABSENT,J,2011,100.0,737567
JS,Local Government,ABSENT,J,2011,113.0,535081
JV,Colonies / Colonialism,ABSENT,J,2011,141.0,252225
JX,International Law (old),ABSENT,J,2011,62.0,1449920
JZ,International Relations,ABSENT,J,2011,175.0,88302
K,Law (General),MERGED,K,2011,13.0,5024595
KB,Religious Law,MERGED,K,2011,118.0,498226
KD,UK Law,MERGED,K,2011,49.0,1681351
KE,Canadian Law,ABSENT,K,2011,147.0,220280
KF,US Law,MERGED,K,2011,11.0,5715441
KG,Latin American Law,ABSENT,K,2011,117.0,512875
KH,South American Law,ABSENT,K,2011,83.0,1019158
KJ,European Law,MERGED,K,2011,40.0,2081395
KL,Asian / African Law,ABSENT,K,2011,150.0,211363
KZ,International Law,ABSENT,K,2011,156.0,186166
LA,History of Education,ABSENT,L,2011,17.0,4136953
LB,Theory / Practice of Education,ABSENT,L,2011,24.0,3054863
LC,Social Aspects of Education,ABSENT,L,2011,69.0,1297102
LD,US Universities,ABSENT,L,2011,133.0,303820
LE,American Universities (other),ABSENT,L,2011,165.0,142934
LF,European Universities,ABSENT,L,2011,148.0,218676
LG,Asian / African Universities,ABSENT,L,2011,178.0,81533
LH,College Publications,ABSENT,L,2011,200.0,1397
LJ,Student Fraternities,ABSENT,L,2011,192.0,19953
M,Music Scores,DIRECT,M,2011,9.0,5845979
ML,Literature on Music,DIRECT,M,2011,1.0,20639415
MT,Musical Instruction,DIRECT,M,2011,107.0,577608
N,Visual Arts (General),MERGED,N,2011,28.0,2717949
NB,Sculpture,MERGED,N,2011,109.0,549244
NC,Drawing / Design,MERGED,N,2011,98.0,824047
ND,Painting,MERGED,N,2011,36.0,2297077
NE,Print Media,ABSENT,N,2011,110.0,543924
NK,Decorative Arts,ABSENT,N,2011,63.0,1429104
NX,Arts in General,ABSENT,N,2011,138.0,279344
P,Linguistics (General),MERGED,P,2011,2.0,13164217
PA,Classical Languages & Literature,MERGED,P,2011,44.0,1832525
PB,Celtic Languages,MERGED,P,2011,158.0,177896
PC,Romanic Languages,MERGED,P,2011,64.0,1377679
PD,Germanic Languages (old),MERGED,P,2011,162.0,167353
PE,English Language,MERGED,P,2011,72.0,1199376
PF,West Germanic Languages,MERGED,P,2011,126.0,383253
PG,Slavic Languages & Literatures,ABSENT,P,2011,19.0,3708052
PH,Uralic / Basque Languages,ABSENT,P,2011,116.0,520167
PJ,Oriental Languages / Literature,ABSENT,P,2011,60.0,1460957
PK,Indo-Iranian Languages,ABSENT,P,2011,26.0,2830200
PL,E Asian / African / Pacific,ABSENT,P,2011,14.0,4503392
PM,Indigenous American Languages,ABSENT,P,2011,151.0,207562
PN,General Literature,MERGED,P,2011,10.0,5741039
PQ,French / Italian / Spanish Lit.,MERGED,P,2011,3.0,9439633
PR,English Literature,MERGED,P,2011,6.0,6830942
PS,American Literature,MERGED,P,2011,7.0,6272567
PT,Germanic Literature,MERGED,P,2011,15.0,4227739
Q,Science (General),MERGED,Q,2011,59.0,1462130
QA,Mathematics,MERGED,Q,2011,20.0,3621803
QB,Astronomy,MERGED,Q,2011,91.0,874693
QC,Physics,MERGED,Q,2011,35.0,2346620
QD,Chemistry,MERGED,Q,2011,61.0,1452462
QE,Geology / Mineralogy,MERGED,Q,2011,41.0,2041608
QH,Natural History / Biology,ABSENT,Q,2011,54.0,1575089
QK,Botany,MERGED,Q,2011,76.0,1157011
QL,Zoology,MERGED,Q,2011,39.0,2136382
QM,Human Anatomy,MERGED,Q,2011,146.0,229426
QP,Physiology,ABSENT,Q,2011,80.0,1032025
QR,Microbiology,ABSENT,Q,2011,137.0,281848
R,Medicine (General),MERGED,R,2011,81.0,1030474
RA,Public Health,ABSENT,R,2011,55.0,1560432
RB,Pathology,ABSENT,R,2011,152.0,203880
RC,Internal Medicine,MERGED,R,2011,30.0,2687276
RD,Surgery,MERGED,R,2011,115.0,523127
RE,Ophthalmology,ABSENT,R,2011,163.0,163520
RF,Otorhinolaryngology,ABSENT,R,2011,179.0,79271
RG,Gynecology / Obstetrics,ABSENT,R,2011,128.0,344099
RJ,Pediatrics,ABSENT,R,2011,122.0,441933
RK,Dentistry,ABSENT,R,2011,161.0,168430
RL,Dermatology,ABSENT,R,2011,181.0,73137
RM,Pharmacology,ABSENT,R,2011,106.0,577661
RS,Pharmacy,ABSENT,R,2011,140.0,259958
RT,Nursing,ABSENT,R,2011,145.0,233180
RV,Botanic Medicine,ABSENT,R,2011,194.0,11789
RX,Homeopathy,ABSENT,R,2011,189.0,41092
RZ,Other Medical Systems,ABSENT,R,2011,183.0,62539
S,Agriculture (General),DIRECT,S,2011,73.0,1185734
SB,Plant Culture,DIRECT,S,2011,67.0,1330279
SD,Forestry,MERGED,S,2011,125.0,413975
SF,Animal Culture,MERGED,S,2011,84.0,969337
SH,Aquaculture / Fisheries,ABSENT,S,2011,121.0,444147
SK,Hunting / Wildlife,ABSENT,S,2011,139.0,265675
T,Technology (General),MERGED,T,2011,51.0,1617576
TA,Engineering (General),MERGED,T,2011,66.0,1330717
TC,Hydraulic Engineering,MERGED,T,2011,124.0,417847
TD,Environmental Technology,ABSENT,T,2011,92.0,870726
TE,Highway Engineering,MERGED,T,2011,160.0,171934
TF,Railroad Engineering,ABSENT,T,2011,134.0,303079
TG,Bridge Engineering,MERGED,T,2011,169.0,117454
TH,Building Construction,MERGED,T,2011,103.0,647802
TJ,Mechanical Engineering,MERGED,T,2011,86.0,961951
TK,Electrical Engineering,ABSENT,T,2011,52.0,1615647
TL,Motor Vehicles / Aeronautics,ABSENT,T,2011,58.0,1467799
TN,Mining / Metallurgy,MERGED,T,2011,75.0,1175984
TP,Chemical Technology,MERGED,T,2011,89.0,936723
TR,Photography,ABSENT,T,2011,104.0,638084
TS,Manufactures,MERGED,T,2011,87.0,953824
TX,Home Economics,ABSENT,T,2011,43.0,1855495
UA,Armies / Land Forces,ABSENT,U,2011,108.0,551170
UB,Military Administration,ABSENT,U,2011,149.0,213574
UC,Military Maintenance,ABSENT,U,2011,176.0,85189
UD,Infantry,ABSENT,U,2011,184.0,52112
UF,Artillery,ABSENT,U,2011,173.0,94777
UG,Military Engineering,ABSENT,U,2011,132.0,321181
UH,Military Medicine,ABSENT,U,2011,187.0,46069
VA,Navies,ABSENT,V,2011,172.0,99683
VB,Naval Administration,ABSENT,V,2011,193.0,19899
VC,Naval Maintenance,ABSENT,V,2011,197.0,9834
VD,Naval Seamen,ABSENT,V,2011,201.0,1366
VF,Naval Ordnance,ABSENT,V,2011,196.0,10471
VG,Naval Auxiliaries,ABSENT,V,2011,190.0,31882
VK,Navigation / Seamanship,ABSENT,V,2011,142.0,247075
VM,Naval Architecture,ABSENT,V,2011,135.0,292306
Z,Books / Writing (General),DIRECT,Z,2011,8.0,6105684
ZA,Information Resources,ABSENT,Z,2011,195.0,11182
AC,General Collections,RENAMED,A,2020,37.0,2707954
AE,Encyclopedias (General),RENAMED,A,2020,181.0,90094
AG,Dictionaries (General),RENAMED,A,2020,172.0,142608
AI,Indexes,ABSENT,A,2020,198.0,11446
AM,Museums / Exhibitions,ABSENT,A,2020,170.0,145808
AN,Newspapers,ABSENT,A,2020,202.0,40
AS,Academies / Societies,ABSENT,A,2020,104.0,796488
B,Philosophy (General),MERGED,B,2020,23.0,4034237
BC,Logic,MERGED,B,2020,165.0,178203
BD,Speculative Philosophy,MERGED,B,2020,119.0,605858
BF,Psychology,ABSENT,B,2020,32.0,3221030
BH,Aesthetics,MERGED,B,2020,164.0,183286
BJ,Ethics,MERGED,B,2020,98.0,1037859
BL,Religion / Mythology,MERGED,B,2020,43.0,2370515
BM,Judaism,MERGED,B,2020,68.0,1671926
BP,Islam,MERGED,B,2020,84.0,1268794
BR,Christianity,MERGED,B,2020,55.0,1881853
BS,Bible,MERGED,B,2020,39.0,2652610
BT,Doctrinal Theology,MERGED,B,2020,57.0,1866337
BV,Practical Theology,MERGED,B,2020,29.0,3318527
BX,Christian Denominations,MERGED,B,2020,13.0,6091717
CB,History of Civilization,ABSENT,C,2020,132.0,418008
CC,Archaeology,ABSENT,C,2020,175.0,123032
CD,Diplomatics / Archives,ABSENT,C,2020,130.0,424346
CE,Chronology,ABSENT,C,2020,188.0,55129
CJ,Numismatics,ABSENT,C,2020,146.0,286687
CN,Inscriptions / Epigraphy,ABSENT,C,2020,184.0,64507
CR,Heraldry,ABSENT,C,2020,158.0,218019
CS,Genealogy,ABSENT,C,2020,47.0,2185216
CT,Biography (General),ABSENT,C,2020,96.0,1058034
D,History (General),MERGED,D,2020,18.0,4870826
DA,British History,MERGED,D,2020,31.0,3241313
DAW,Central Europe,ABSENT,D,2020,199.0,5480
DB,Austria / Bohemia,ABSENT,D,2020,101.0,925622
DC,French History,MERGED,D,2020,42.0,2386071
DD,German History,MERGED,D,2020,54.0,1973552
DE,Greco-Roman World,MERGED,D,2020,183.0,76139
DF,Greek History,MERGED,D,2020,127.0,470951
DG,Italian History / Rome,MERGED,D,2020,69.0,1667497
DH,Low Countries History,ABSENT,D,2020,156.0,234431
DJ,Netherlands,ABSENT,D,2020,160.0,213996
DJK,Eastern Europe (General),ABSENT,D,2020,186.0,60708
DK,Russia / Former Soviet States,ABSENT,D,2020,36.0,2808415
DL,Scandinavian History,ABSENT,D,2020,116.0,659580
DP,Iberian History,ABSENT,D,2020,82.0,1283895
DQ,Switzerland,ABSENT,D,2020,155.0,243056
DR,Balkan History,ABSENT,D,2020,93.0,1136411
DS,Asian History,ABSENT,D,2020,5.0,9653157
DT,African History,ABSENT,D,2020,46.0,2230520
DU,Oceania,ABSENT,D,2020,113.0,663583
DX,Romani People,ABSENT,D,2020,190.0,40760
E18,African American History (E185),ABSENT,E,2020,100.0,940186
E99,Native Americans (E99),ABSENT,E,2020,135.0,374434
G,Geography (General),MERGED,G,2020,73.0,1470204
GA,Mathematical Geography,MERGED,G,2020,168.0,160724
GB,Physical Geography,MERGED,G,2020,110.0,689280
GC,Oceanography,ABSENT,G,2020,154.0,243706
GE,Environmental Sciences,ABSENT,G,2020,171.0,143303
GF,Human Ecology,ABSENT,G,2020,169.0,154475
GN,Anthropology,ABSENT,G,2020,87.0,1215396
GR,Folklore,ABSENT,G,2020,105.0,763770
GT,Manners & Customs,ABSENT,G,2020,121.0,591691
GV,Recreation / Leisure,ABSENT,G,2020,25.0,3722663
HA,Statistics,ABSENT,H,2020,118.0,611848
HB,Economic Theory,ABSENT,H,2020,45.0,2285788
HC,Economic History,ABSENT,H,2020,15.0,5395853
HD,Land / Agriculture Economics,ABSENT,H,2020,4.0,11256128
HE,Transportation / Communications,ABSENT,H,2020,52.0,2063565
HF,Commerce,MERGED,H,2020,21.0,4317165
HG,Finance,ABSENT,H,2020,33.0,3061630
HJ,Public Finance,MERGED,H,2020,81.0,1292513
HM,Sociology,ABSENT,H,2020,92.0,1148850
HN,Social History,ABSENT,H,2020,66.0,1693183
HQ,Family / Gender / Sexuality,ABSENT,H,2020,30.0,3257869
HS,Societies / Clubs,ABSENT,H,2020,145.0,286802
HT,Communities / Classes / Race,ABSENT,H,2020,83.0,1281127
HV,Social Pathology / Criminology,ABSENT,H,2020,22.0,4173050
HX,Socialism / Communism,ABSENT,H,2020,78.0,1401100
JC,Political Theory,MERGED,J,2020,94.0,1084254
JK,US Political Institutions,MERGED,J,2020,85.0,1231592
JL,Canadian / Latin American Politics,MERGED,J,2020,128.0,446250
JN,European Politics,ABSENT,J,2020,71.0,1510239
JQ,Asian / African Politics,ABSENT,J,2020,99.0,1005632
JS,Local Government,ABSENT,J,2020,112.0,670482
JV,Colonies / Colonialism,ABSENT,J,2020,140.0,330012
JX,International Law (old),ABSENT,J,2020,67.0,1686251
JZ,International Relations,ABSENT,J,2020,166.0,176371
K,Law (General),MERGED,K,2020,11.0,6880962
KB,Religious Law,MERGED,K,2020,122.0,562279
KD,UK Law,MERGED,K,2020,58.0,1862052
KE,Canadian Law,ABSENT,K,2020,147.0,283223
KF,US Law,MERGED,K,2020,10.0,7242243
KG,Latin American Law,ABSENT,K,2020,114.0,662025
KH,South American Law,ABSENT,K,2020,76.0,1401617
KJ,European Law,MERGED,K,2020,41.0,2441306
KL,Asian / African Law,ABSENT,K,2020,139.0,341511
KZ,International Law,ABSENT,K,2020,153.0,247676
LA,History of Education,ABSENT,L,2020,17.0,4917024
LB,Theory / Practice of Education,ABSENT,L,2020,24.0,3902733
LC,Social Aspects of Education,ABSENT,L,2020,65.0,1712983
LD,US Universities,ABSENT,L,2020,138.0,350220
LE,American Universities (other),ABSENT,L,2020,167.0,166798
LF,European Universities,ABSENT,L,2020,150.0,265295
LG,Asian / African Universities,ABSENT,L,2020,177.0,109757
LH,College Publications,ABSENT,L,2020,200.0,1684
LJ,Student Fraternities,ABSENT,L,2020,193.0,22680
M,Music Scores,DIRECT,M,2020,12.0,6841607
ML,Literature on Music,DIRECT,M,2020,1.0,26823876
MT,Musical Instruction,DIRECT,M,2020,109.0,694373
N,Visual Arts (General),MERGED,N,2020,27.0,3599893
NB,Sculpture,MERGED,N,2020,108.0,708034
NC,Drawing / Design,MERGED,N,2020,97.0,1039539
ND,Painting,MERGED,N,2020,34.0,2943540
NE,Print Media,ABSENT,N,2020,117.0,652454
NK,Decorative Arts,ABSENT,N,2020,60.0,1850884
NX,Arts in General,ABSENT,N,2020,133.0,388701
P,Linguistics (General),MERGED,P,2020,2.0,15865973
PA,Classical Languages & Literature,MERGED,P,2020,49.0,2119537
PB,Celtic Languages,MERGED,P,2020,157.0,220911
PC,Romanic Languages,MERGED,P,2020,62.0,1737822
PD,Germanic Languages (old),MERGED,P,2020,163.0,198375
PE,English Language,MERGED,P,2020,72.0,1470843
PF,West Germanic Languages,MERGED,P,2020,126.0,471558
PG,Slavic Languages & Literatures,ABSENT,P,2020,19.0,4819158
PH,Uralic / Basque Languages,ABSENT,P,2020,111.0,678584
PJ,Oriental Languages / Literature,ABSENT,P,2020,56.0,1874807
PK,Indo-Iranian Languages,ABSENT,P,2020,26.0,3625613
PL,E Asian / African / Pacific,ABSENT,P,2020,14.0,5955452
PM,Indigenous American Languages,ABSENT,P,2020,152.0,254799
PN,General Literature,MERGED,P,2020,9.0,7405332
PQ,French / Italian / Spanish Lit.,MERGED,P,2020,3.0,11770129
PR,English Literature,MERGED,P,2020,6.0,8292835
PS,American Literature,MERGED,P,2020,7.0,8086192
PT,Germanic Literature,MERGED,P,2020,16.0,5185104
Q,Science (General),MERGED,Q,2020,61.0,1785411
QA,Mathematics,MERGED,Q,2020,20.0,4706812
QB,Astronomy,MERGED,Q,2020,95.0,1059428
QC,Physics,MERGED,Q,2020,35.0,2912953
QD,Chemistry,MERGED,Q,2020,63.0,1732717
QE,Geology / Mineralogy,MERGED,Q,2020,40.0,2494490
QH,Natural History / Biology,ABSENT,Q,2020,53.0,2002935
QK,Botany,MERGED,Q,2020,77.0,1401551
QL,Zoology,MERGED,Q,2020,38.0,2689607
QM,Human Anatomy,MERGED,Q,2020,149.0,267996
QP,Physiology,ABSENT,Q,2020,79.0,1301395
QR,Microbiology,ABSENT,Q,2020,136.0,358316
R,Medicine (General),MERGED,R,2020,80.0,1294994
RA,Public Health,ABSENT,R,2020,51.0,2072505
RB,Pathology,ABSENT,R,2020,151.0,258862
RC,Internal Medicine,MERGED,R,2020,28.0,3502786
RD,Surgery,MERGED,R,2020,115.0,659787
RE,Ophthalmology,ABSENT,R,2020,162.0,199688
RF,Otorhinolaryngology,ABSENT,R,2020,179.0,100011
RG,Gynecology / Obstetrics,ABSENT,R,2020,129.0,440573
RJ,Pediatrics,ABSENT,R,2020,120.0,594592
RK,Dentistry,ABSENT,R,2020,161.0,206326
RL,Dermatology,ABSENT,R,2020,180.0,90804
RM,Pharmacology,ABSENT,R,2020,106.0,735258
RS,Pharmacy,ABSENT,R,2020,142.0,317611
RT,Nursing,ABSENT,R,2020,143.0,307812
RV,Botanic Medicine,ABSENT,R,2020,195.0,12565
RX,Homeopathy,ABSENT,R,2020,189.0,47127
RZ,Other Medical Systems,ABSENT,R,2020,182.0,79654
S,Agriculture (General),DIRECT,S,2020,74.0,1456749
SB,Plant Culture,DIRECT,S,2020,70.0,1659636
SD,Forestry,MERGED,S,2020,124.0,526651
SF,Animal Culture,MERGED,S,2020,86.0,1230603
SH,Aquaculture / Fisheries,ABSENT,S,2020,123.0,561046
SK,Hunting / Wildlife,ABSENT,S,2020,141.0,321411
T,Technology (General),MERGED,T,2020,50.0,2109676
TA,Engineering (General),MERGED,T,2020,64.0,1721974
TC,Hydraulic Engineering,MERGED,T,2020,125.0,505546
TD,Environmental Technology,ABSENT,T,2020,91.0,1163763
TE,Highway Engineering,MERGED,T,2020,159.0,217499
TF,Railroad Engineering,ABSENT,T,2020,134.0,376974
TG,Bridge Engineering,MERGED,T,2020,173.0,140653
TH,Building Construction,MERGED,T,2020,103.0,813856
TJ,Mechanical Engineering,MERGED,T,2020,88.0,1202175
TK,Electrical Engineering,ABSENT,T,2020,48.0,2138365
TL,Motor Vehicles / Aeronautics,ABSENT,T,2020,59.0,1852504
TN,Mining / Metallurgy,MERGED,T,2020,75.0,1420246
TP,Chemical Technology,MERGED,T,2020,90.0,1170119
TR,Photography,ABSENT,T,2020,102.0,874771
TS,Manufactures,MERGED,T,2020,89.0,1181054
TX,Home Economics,ABSENT,T,2020,44.0,2369647
UA,Armies / Land Forces,ABSENT,U,2020,107.0,718930
UB,Military Administration,ABSENT,U,2020,148.0,269294
UC,Military Maintenance,ABSENT,U,2020,178.0,106621
UD,Infantry,ABSENT,U,2020,185.0,61883
UF,Artillery,ABSENT,U,2020,176.0,112894
UG,Military Engineering,ABSENT,U,2020,131.0,420581
UH,Military Medicine,ABSENT,U,2020,187.0,56557
VA,Navies,ABSENT,V,2020,174.0,125266
VB,Naval Administration,ABSENT,V,2020,192.0,23459
VC,Naval Maintenance,ABSENT,V,2020,197.0,11858
VD,Naval Seamen,ABSENT,V,2020,201.0,1670
VF,Naval Ordnance,ABSENT,V,2020,196.0,12013
VG,Naval Auxiliaries,ABSENT,V,2020,191.0,40118
VK,Navigation / Seamanship,ABSENT,V,2020,144.0,296806
VM,Naval Architecture,ABSENT,V,2020,137.0,357810
Z,Books / Writing (General),DIRECT,Z,2020,8.0,7421877
ZA,Information Resources,ABSENT,Z,2020,194.0,21785
